lokasi,judul,harga_bersih,kamar_tidur,kamar_mandi,luas_tanah_m2,luas_bangunan,tanggal_clean,kecamatan
"Araya, Malang",HARGA MURAH DIJUAL RUMAH DI ARAYA GOLF CLASSIC MODERN SIAP HUNI  LT : 240 M²  LB : 400 M² 2 LANTAI KAMAR TIDUR 4 + 2 KAMAR MANDI 4 + 1 ROOFTOP  S...,2500000000.0,5.0,4.0,240.0,400.0,2026-04-13,Blimbing
"Lowokwaru, Malang","Kesempatan terbatas buat Anda dapatkan rumah strategis dengan return investasi tinggi di Lowokwaru, Malang.  Rumah ini menawarkan kelengkapan fasil...",995000000.0,2.0,2.0,112.0,80.0,2026-04-13,Lowokwaru
"Lowokwaru, Malang","Dijual rumah 2 lantai area Soehat. 
 Pondasi disiapkan untuk 3 lantai. Atap lantai 2 sebagian dak cor.
 Dengan 5 KT dan 4 KM serta banyak area luas...",2300000000.0,5.0,4.0,142.0,240.0,2026-04-13,Lowokwaru
"Sukun, Malang","19.5x36.5, utara, row jln 3 mobil, dalam komplek perumahan one gate, badus , siap huni 2lt, hub 0812304xxxx",17000000000.0,4.0,4.0,712.0,718.0,2026-04-13,Sukun
"Klojen, Malang","Rumah Dijual Malang Rumah hook lokasi strategis kota Malang
 \u2705 berada di tepi jalan besar
 \u2705 ada garasi untuk 2 mobil
 \u2705 beberapa la...",11000000000.0,4.0,2.0,683.0,384.0,2026-04-13,Klojen
"Klojen, Malang","Rumah Dijual Malang Rumah klasik posisi hook di daerah gunung-gunung kota Malang
 \u2705 lokasi sangat strategis di tengah kota
 \u2705 lingkungan ...",15000000000.0,4.0,2.0,557.0,350.0,2026-04-13,Klojen
"Araya, Malang","Rumah For Sell Malang Rumah baru 2 lantai di Pondok Blimbing Indah
 model rumah modern minimalis
 lingkungan perumahan yang aman
 dekat Plaza Araya...",1900000000.0,4.0,3.0,144.0,180.0,2026-04-13,Blimbing
"Sukun, Malang","Rumah di daerah Sukun lokasi pemukiman yang aman dan nyaman dekat RST Soepraoen 2,4 km ke alun-alun merdeka harga bisa nego",900000000.0,4.0,2.0,226.0,200.0,2026-04-13,Sukun
"Araya, Malang","Rumah Dijual Malang Rumah di Raya Greenwood Golf Malang
 \u2705 one gate system, security 24 jam
 \u2705 lingkungan kluster yang aman dan nyaman
 \...",5900000000.0,5.0,6.0,300.0,520.0,2026-04-13,Blimbing
"Araya, Malang","Rumah Dijual Malang Rumah full furnished di Araya
 one gate system, security 24 jam
 lingkungan perumahan yang tenang dan nyaman
 desain rumah mode...",2200000000.0,3.0,3.0,120.0,118.0,2026-04-13,Blimbing
"Klojen, Malang","Rumah Dijual Malang Rumah Siap Huni
 5 kamar tidur
 1 kamar tidur pembantu
 2 kamar mandi
 1 dapur
 2 carpot
 1 ruang tamu
 1 ruang keluarga
 1 gud...",2150000000.0,5.0,2.0,253.0,200.0,2026-04-13,Klojen
"Sawojajar, Malang",RUMAH APIK 4 KAMAR DI SAWOJAJAR MALANG Jual Rumah DANAU-DANAU SAWOJAJAR 1 - Malang LT 300 LB 238 KT 4+1 KM 2+1 Dimensi 12 x 25 Listrik 1300 Rp 2.00...,2000000000.0,4.0,2.0,300.0,238.0,2026-04-13,Blimbing
"Dieng, Malang",RUMAH 2 LANTAI MURAH DI BUKIT DIENG MALANG  Jual Rumah BUKIT DIENG - Malang LT 135 LB 170 KT 3+1 KM 2+1 Dimensi 9 x 15 Listrik 2200 Rp 1.700.000.00...,1700000000.0,3.0,2.0,135.0,170.0,2026-04-13,Sukun
"Lowokwaru, Malang",RUMAH BANGUNAN LAMA DAN LUAS DI DAERAH BUNGA-BUNGA  Jual Rumah JL. BUNGA FLAMBOYAN - Malang LT 469 LB 300 KT 4 KM 3 Dimensi 20 x 23 Listrik 3500 Rp...,3500000000.0,4.0,3.0,469.0,300.0,2026-04-13,Lowokwaru
"Sukun, Malang","Rumah bergaya minimalis di Janti  Cek segera rumah 2 lantai yang nyaman ini,  dijual dengan pemandangan asri yang menambah nilai estetika di lingku...",850000000.0,3.0,1.0,102.0,90.0,2026-04-13,Sukun
"Araya, Malang","8x20, 2lt semi furnish, timur laut, ac , water heater , kitchen set, cluster greenwood golf , hgb, ppdam , sumur, cash only",2500000000.0,4.0,2.0,162.0,120.0,2026-04-13,Blimbing
"Araya, Malang",Dijual Rumah Klasik Posisi Hook di Araya Malang  Spesifikasi:  berada di posisi hook  ⁠kondisi baik dan siap huni  ⁠private cluster  ⁠hanya 3...,2300000000.0,3.0,2.0,210.0,350.0,2026-04-13,Blimbing
"Merjosari, Malang","Rumah 2 lantai di Merjosari, Malang.  Dijual rumah di wilayah yang asri. Properti 2 lantai ini berada di lingkungan strategis. istimewa di daerah M...",1200000000.0,10.0,10.0,75.0,130.0,2026-04-13,Lowokwaru
"Blimbing, Malang","Rumah dengan banyak kamar di jalan candi- candi  Lokasi strategis dekat dengan jalan raya Borobudur , Sekolah Sabililah , Pasar Blimbing dan kampus...",2000000000.0,7.0,2.0,258.0,300.0,2026-04-13,Blimbing
"Dieng, Malang",Rumah 2 lantai siap huni di perumahan Puncak Dieng Lokasi dekat dengan Universitas Brawijaya 2( Kedokteran Hewan)  Bagian belakang rumah masih ada ...,2400000000.0,7.0,4.0,250.0,220.0,2026-04-13,Sukun
"Kedungkandang, Malang","Rumah pojok siap huni di perumahan Citra Garden Malang Akses hanya 5 menit dari exit tol Malang( Madyopuro)  Hawa sejuk , lokasi tenang  Di lantai ...",2500000000.0,4.0,4.0,180.0,186.0,2026-04-13,Kedungkandang
"Lowokwaru, Malang",Dijual rumah bagus nyaman di daerah Lowokwaru Malang  Luas 220 m2 dengan 3 kamar tidur Rumah kondisi bagus terawat Lingkungan aman nyaman Lokasi de...,2500000000.0,3.0,3.0,220.0,110.0,2026-04-13,Lowokwaru
"Lowokwaru, Malang",Dijual rumah 4 kamar tidur di perumahan Permata Brantas Indah Tunggulwulung Malang  Lokasi dekat area kampus Universitas Brawijaya dan kampus Polit...,1000000000.0,4.0,2.0,164.0,115.0,2026-04-13,Lowokwaru
"Lowokwaru, Malang","Dijual rumah bagus siap huni perumahan Griya Shanta Malang  Luas 117 m2 dengan 4 kamar tidur Lokasi nyaman, akses mudah, dekat dengan kampus Univer...",1200000000.0,4.0,3.0,117.0,130.0,2026-04-13,Lowokwaru
"Lowokwaru, Malang","Rumah 2 lantai di Lowokwaru, Malang.  For sale rumah di wilayah yang nyaman dengan pemandangan permukiman warga. Properti 2 lantai bergaya modern i...",2600000000.0,10.0,3.0,235.0,350.0,2026-04-13,Lowokwaru
"Araya, Malang",K39 Update Colisting  Dijual Rumah Tema Klasik di Cluster Golf Kota Araya Malang  - berada di posisi hook - ⁠kondisi baik dan siap huni - ⁠priv...,2300000000.0,3.0,2.0,210.0,350.0,2026-04-13,Blimbing
"Sawojajar, Malang","*Termurah Malang Kota 408,5Juta*  *Best offer 5 Menit Tol Malang Rumah Baru One Gate Cluster Malang Kota*  *Harga sudah Termasuk* Pajak BPHTB  By N...",408000000.0,1.0,1.0,60.0,30.0,2026-04-13,Blimbing
"Sukun, Malang","Rumah di Sukun.  Miliki rumah 1 lantai yang nyaman ini,  dijual dengan pemandangan asri yang menambah nilai estetika di lingkungan hunian. Rumah in...",285000000.0,2.0,1.0,50.0,36.0,2026-04-13,Sukun
"Sukun, Malang","Kesempatan terbatas buat Anda dapatkan rumah nyaman dengan return investasi tinggi di Sukun, Malang.  Rumah ini menawarkan lokasi yang strategis se...",285000000.0,2.0,1.0,50.0,36.0,2026-04-13,Sukun
"Sukun, Malang","Rumah 1 lantai di Sukun, Malang.  Dijual rumah di wilayah yang tenang dengan pemandangan Lokasi dipusat kota. Properti 1 lantai ini berada di lingk...",285000000.0,2.0,1.0,50.0,36.0,2026-04-13,Sukun
"Sukun, Malang","Rumah 1 lantai di Sukun, Malang.  For sale rumah di wilayah yang asri dengan pemandangan Dipinggiran kota. Properti 1 lantai ini berada di lingkung...",285000000.0,2.0,1.0,50.0,36.0,2026-04-13,Sukun
"Araya, Malang",Di Jual : * Rumah 2.5 lantai * Lt 342 M² * Lb 500 M² * Lantai 1 :       - km.Tidur 1         - Km Mandi Dlm           - ( ada bath up )       - k...,8500000000.0,4.0,4.0,342.0,500.0,2026-04-13,Blimbing
"Blimbing, Malang",Bengkel AHASS aktif lengkap dengan semua perijinan. Bangunan bengkel 2 lantai. Ada 5 pitstop. Area Malang kota dengan  jalan akses kontainer .,4700000000.0,3.0,5.0,265.0,300.0,2026-04-13,Blimbing
"Sawojajar, Malang","DIJUAL RUMAH SIAP HUNI - SAWOJAJAR 1, KOTA MALANG  Lokasi strategis, akses mudah, lingkungan nyaman, dan cocok untuk hunian keluarga.   Keunggulan ...",1400000000.0,4.0,2.0,120.0,120.0,2026-04-13,Blimbing
"Blimbing, Malang",Rumah Murah luas 300 m2 Row Jalan Kembar di Boulevard Araya Golf  Kawasan elite di kota Malang mudah diakses dan jalanan yang lebar. Fasilitas sang...,3700000000.0,4.0,4.0,300.0,250.0,2026-04-13,Blimbing
"Dieng, Malang","RUMAH DIJUAL DI KAWASAN DIENG - SIAP HUNI, LOKASI PREMIUM!  Kesempatan emas memiliki rumah dalam perumahan di kawasan elit Dieng, dengan kondisi ba...",4000000000.0,4.0,3.0,300.0,240.0,2026-04-13,Sukun
"Sukun, Malang","‎Rumah 2 Lantai 400 Jutaan ‎FREE ALL BIAYA DAN PAJAK2  ‎kecuali Biaya KPR  ‎ ‎Lokasi Sukun, Kota Malang  ‎Kawasan sudah jadi ‎Legalit...",460000000.0,2.0,2.0,50.0,64.0,2026-04-13,Sukun
"Sukun, Malang","‎Rumah 1 Lantai 300 Jutaan ‎FREE ALL BIAYA DAN PAJAK2  ‎kecuali Biaya KPR  ‎ ‎Lokasi Sukun, Kota Malang  ‎Kawasan sudah jadi ‎Legalit...",365000000.0,2.0,1.0,38.0,64.0,2026-04-13,Sukun
"Kedungkandang, Malang","PROMO RUMAH POROS JALAN BUMIAYU, KEDUNGKANDANG, KOTA MALANG. FREE ALL BIAYA DAN PAJAK2   Rumah 2 Lantai  Type 60/LT 61  KT 2 KM 2  R. Tamu, Dapur, ...",554000000.0,2.0,2.0,60.0,61.0,2026-04-13,Kedungkandang
"Blimbing, Malang",DIJUAL MURAH Rumah Tengah Kota Pondok Indah Estate LA Sucipto Blimbing Malang  Point of Interest :  lingkungan aman dan nyaman security 24 jam  10 ...,700000000.0,2.0,1.0,74.0,60.0,2026-04-13,Blimbing
"Blimbing, Malang",DIJUAL MURAH Rumah Tengah Kota Pondok Indah Estate LA Sucipto Blimbing Malang  Point of Interest :  lingkungan aman dan nyaman security 24 jam  10 ...,700000000.0,2.0,1.0,60.0,74.0,2026-04-13,Blimbing
"Lowokwaru, Malang","Dijual Rumah Semi Furnished Open Space di Brawijaya Residence, Lowokwaru Malang Open space concept Ada rooftop Ada mushola, service area, ruang ker...",1600000000.0,3.0,2.0,155.0,165.0,2026-04-13,Lowokwaru
"Lowokwaru, Malang","RUMAH HOOK LOKASI STRATEGIS - DEKAT KAMPUS & PUSAT KULINER  Kesempatan memiliki rumah di lokasi premium yang dikelilingi pusat bisnis, pendidikan, ...",1200000000.0,3.0,1.0,227.0,200.0,2026-04-13,Lowokwaru
"Lowokwaru, Malang","RUMAH HOOK LOKASI STRATEGIS - DEKAT KAMPUS & PUSAT KULINER  Kesempatan memiliki rumah di lokasi premium yang dikelilingi pusat bisnis, pendidikan, ...",1200000000.0,3.0,1.0,227.0,200.0,2026-04-13,Lowokwaru
"Lowokwaru, Malang","RUMAH HOOK LOKASI STRATEGIS - DEKAT KAMPUS & PUSAT KULINER  Kesempatan memiliki rumah di lokasi premium yang dikelilingi pusat bisnis, pendidikan, ...",1200000000.0,3.0,1.0,227.0,200.0,2026-04-13,Lowokwaru
"Lowokwaru, Malang","RUMAH HOOK LOKASI STRATEGIS - DEKAT KAMPUS & PUSAT KULINER  Kesempatan memiliki rumah di lokasi premium yang dikelilingi pusat bisnis, pendidikan, ...",1200000000.0,3.0,1.0,227.0,200.0,2026-04-13,Lowokwaru
"Sawojajar, Malang","Dijual Rumah di Sawojajar Kedungkandang - Kota Malang Dekat Kampus Wisnuwardhana, UM Kampus II & Exit Tol Madyopuro  Spesifikasi:  Legalitas: SHM J...",1000000000.0,3.0,2.0,114.0,105.0,2026-04-13,Blimbing
"Dieng, Malang","RUMAH DIJUAL DI KAWASAN DIENG - SIAP HUNI, LOKASI PREMIUM!  Kesempatan emas memiliki rumah dalam perumahan di kawasan elit Dieng, dengan kondisi ba...",4000000000.0,4.0,3.0,300.0,400.0,2026-04-13,Sukun
"Sukun, Malang","RUMAH DIJUAL DI KAWASAN DIENG - SIAP HUNI, LOKASI PREMIUM!  Kesempatan emas memiliki rumah dalam perumahan di kawasan elit Dieng, dengan kondisi ba...",4000000000.0,4.0,3.0,300.0,240.0,2026-04-13,Sukun
"Dieng, Malang","RUMAH DIJUAL DI KAWASAN DIENG - SIAP HUNI, LOKASI PREMIUM!  Kesempatan emas memiliki rumah dalam perumahan di kawasan elit Dieng, dengan kondisi ba...",4000000000.0,4.0,3.0,300.0,240.0,2026-04-13,Sukun
"Araya, Malang",K39 Update Colisting  Dijual Rumah Tema Klasik di Cluster Golf Kota Araya Malang  - berada di posisi hook - ⁠kondisi baik dan siap huni - ⁠priv...,2300000000.0,3.0,2.0,210.0,350.0,2026-04-13,Blimbing
"Kedungkandang, Malang","RUMAH DIJUAL - SIAP HUNI & SIAP BALIK NAMA!   Perumahan Bulan Terang Utama - Kota Malang   Harga: Rp 430 Juta (Nego)   Rumah nyaman, lokasi strateg...",430000000.0,2.0,1.0,65.0,40.0,2026-04-13,Kedungkandang
"Sawojajar, Malang",Spesifikasi:  SHM LT 240 m2 Dimensi 12x20 LB 180 m2 Kamar Tidur 3 Kamar Mandi 2 Listrik  2300 PDAM Hadap Barat Carport 2  Selling Point: - Selangka...,2700000000.0,3.0,2.0,240.0,180.0,2026-04-13,Blimbing
"Dieng, Malang","Direct Buyer Only, no co broke  *Jual Rumah Bagus ISTANA DIENG, MALANG*  Selling point: - Asri - Aesthetic  - Siap Huni - Kamar Banyak  2 lantai SH...",22000000000.0,6.0,6.0,884.0,475.0,2026-04-13,Sukun
"Dieng, Malang","Spesifikasi: LT 378m2 Dimensi 12m x 31,5m LB 100m2 Bangunan 1 Lantai Kamar Tidur 2 Kamar Mandi 2+1 Carport 4 Mobil Listrik 5500 watt Air Artesis Ha...",2900000000.0,2.0,2.0,378.0,30.0,2026-04-13,Sukun
"Araya, Malang",DIJUAL Rumah Elegan 2 Lantai di Greenwood Araya Malang  Spesifikasi : LT : 300 m2 LB : 450 m2 Lantai : 2 KT : 5 + 2 KM : 4 + 1 Listrik : 12.500 VA ...,5200000000.0,5.0,4.0,300.0,450.0,2026-04-13,Blimbing
"Blimbing, Malang","Rumah Baru Bagus, Desain Minimalis Modern Lokasi Di PBI Araya  Bangunan terawat dan lokasi strategis  Lokasi dekat ke - kampus binus - plaza dieng ...",1900000000.0,4.0,3.0,145.0,145.0,2026-04-13,Blimbing
"Araya, Malang",2 Lantai LT 872 m² LB 600 m² Surat HGB Perabotan Non Furnished Posisi Hook (corner)  Harga Jual (Rp) 12.500.000.000 Total  Please contact me Rich...,12500000000.0,4.0,1.0,872.0,600.0,2026-04-13,Blimbing
"Kedungkandang, Malang",Aset Property Lelang Powered by Bank Mandiri,555000000.0,2.0,1.0,90.0,38.0,2026-04-13,Kedungkandang
"Lowokwaru, Malang","Rumah JUAL Akses ke Kampus Brawijaya, Polinema dan Kampus Ternama Lainnya. Row Jalan Lebar (2 Mobil) Dekat Kawasan Soehat, SMAN 7, Rumah Sakit, Kli...",795000000.0,2.0,2.0,74.0,54.0,2026-04-13,Lowokwaru
"Sukun, Malang","Rumah Jual Dekat Kampus UNIKAMA, Pasar Sukun, Bimasakti, 10 Menit ke Alun-Alun, Pasar Besar, 15 Menit ke Univ Brawijaya  Spesifikasi : Sertifikat :...",850000000.0,3.0,1.0,102.0,90.0,2026-04-13,Sukun
"Lowokwaru, Malang","Rumah Jual Area Lowokwaru Dekat Kuliner Dewandaru, Pertokoan Kalpataru, Kuliner Soehat, Indomaret Fresh Akses Mudah Ke Kampus UB, Polinema, ASIA Co...",3500000000.0,4.0,3.0,308.0,200.0,2026-04-13,Lowokwaru
"Oro-Oro Dowo, Malang","Rumah dijual Bangunan Design kolonial. Lokasi Di gunung gunung Jl Ijen area jl Guntur , Kel Oro oro dowo malang selangkah ke Jl Ijen Boulevard 2 me...",11000000000.0,7.0,5.0,578.0,220.0,2026-04-13,Klojen
"Dieng, Malang","Dijual rumah minimalis modern daerah Mulyorejo, dekat dengan Dieng, Kota Malang. Rumah sangat terawat, lingkungan tenang, asri, sangat nyaman dan a...",500000000.0,2.0,1.0,72.0,50.0,2026-04-13,Sukun
"Sukun, Malang","DIJUAL RUMAH ISTANA DIENG TIMUR BANDULAN SUKUN MALANG, JAWA TIMUR
 
 DIJUAL Rp. 3.5 M
 
 LT : 200 M2
 LB : 175 M2
 
 SHM
 HADAP TIMUR
 
 RUMAH 1 LA...",3500000000.0,3.0,4.0,200.0,175.0,2026-04-13,Sukun
"Lowokwaru, Malang","Kesempatan emas memiliki rumah siap huni di kawasan favorit Cengger Ayam, Lowokwaru, Kota Malang. Kondisi rumah sudah semi furnish, tinggal bawa ko...",1700000000.0,4.0,2.0,150.0,225.0,2026-04-13,Lowokwaru
"Blimbing, Malang",MURAH DIJUAL RUMAH MINIMALIS GRAHA KENCANA BOULEVARD  LT 232 m2 LB 190 m2  Kamar tidur 4 (AC 3) + 1 Kamar mandi 3 (Heater 2) + 1 PDAM dan sumur Lis...,2500000000.0,4.0,3.0,232.0,190.0,2026-04-13,Blimbing
"Klojen, Malang",DIJUAL RUMAH MODERN Jl. PULAU-PULAU KLOJEN HARGA MIRING   Lokasi : KAWASAN STRATEGIS  Jl. PULAU2 KLOJEN KOTA MALANG   KAWASAN HUNIAN ELITE YANG NYA...,3500000000.0,5.0,5.0,327.0,280.0,2026-04-13,Klojen
"Blimbing, Malang","Rumah Bagus Lokasi Nyaman Area Perumahan Poros Jalan Sulfat Blimbing.  Lokasi berada di area perumahan Sulfat, mudah diakses dan row jalanan yang l...",1100000000.0,5.0,2.0,150.0,170.0,2026-04-13,Blimbing
"Sukun, Malang","Dijual rumah di perumahan Tidar, Malang. Lokasi tidak jauh dari beberapa Universitas terkemuka di Malang (Universitas Machung, Universitas Brawijay...",1300000000.0,2.0,1.0,120.0,75.0,2026-04-13,Sukun
"Araya, Malang","Rumah Mewah Jalan Kembar Bouelavrd Araya Golf Ada Kolam Renang
 
 Kawasan elite di kota Malang mudah diakses dan jalanan yang lebar.
 Fasilitas san...",5200000000.0,4.0,3.0,370.0,400.0,2026-04-13,Blimbing
"Sukun, Malang","Dijual rumah terbaik di Kota Malang, dengan harga yang terjangkau. Bangunan rumah dari material bata merah, sangat kokoh dan sejuk. Lingkungan peru...",480000000.0,2.0,1.0,75.0,50.0,2026-04-13,Sukun
"Dieng, Malang","Dijual rumah full furnish, kondisi perabotan masih bagus. Lokasi di Mulyorejo, Kota Malang. Hanya 8 menit ke Cybermall Dieng, dan Universitas Merde...",375000000.0,2.0,1.0,72.0,72.0,2026-04-13,Sukun
"Sukun, Malang","Rumah Klasik dekat Alun-Alun Kota Malang, Pasar Besar, RST. Spesifikasi : LT 223 m2 LB 250 m2 2 lantai KT : 4 KM : 4 Garasi 2 mobil Carport 1 mobil...",2100000000.0,4.0,4.0,223.0,250.0,2026-04-13,Sukun
"Dieng, Malang","Dijual Rumah Ready di Malang Kota. 8 menit ke Malang City Point, Cybermall Dieng 10 menit ke MOG, Universitas Brawijaya. Perumahan Nol Jalan Raya d...",670000000.0,3.0,1.0,95.0,110.0,2026-04-13,Sukun
"Klojen, Malang","Kesempatan terbatas buat Anda dapatkan rumah nyaman dengan return investasi tinggi di Klojen, Malang.  Rumah ini menawarkan lokasi yang strategis s...",4000000000.0,22.0,11.0,296.0,500.0,2026-04-13,Klojen
"Araya, Malang","DIJUAL RUMAH BARU MODERN MINIMALIS  LOKASI BERADA DI KAWASAN ELIT PERUM ARAYA GOLF , MALANG  (On Progres - Terima Jadi Siap Huni)   Harga : 3.1 Mil...",3100000000.0,5.0,5.0,200.0,256.0,2026-04-13,Blimbing
"Klojen, Malang","Rumah bergaya minimalist modern di Klojen.  Miliki rumah 2 lantai yang modern ini,  dijual dengan pemandangan asri yang menambah nilai estetika di ...",800000000.0,2.0,2.0,69.0,78.0,2026-04-13,Klojen
"Lowokwaru, Malang","Rumah Murah Luas 159 m2 Area Ikan Piranha Suhat  Lokasi dekat dengan jalan soekarno hatta, pusat perbelanjaan, rumah sakit, pom bensin dan beberapa...",990000000.0,4.0,2.0,159.0,110.0,2026-04-13,Lowokwaru
"Sukun, Malang",RUMAH jual dijual Perumahan pondok Mutiara Asri  Dijual cepat rumah 2 lantai cantik dan modern harga sangat terjangkau  MALANG SUKUN,630000000.0,3.0,2.0,60.0,75.0,2026-04-12,Sukun
"Blimbing, Malang",Rumah Mewah Furnished Posisi Hooq Kawasan Elite Perumahan Araya Malang.  Kawasan elite di kota Malang mudah diakses dan jalanan yang lebar. Fasilit...,7250000000.0,7.0,7.0,540.0,600.0,2026-04-12,Blimbing
"Sawojajar, Malang",DIJUAL RUMAH 2 LANTAI SIAP HUNI - SAWOJAJAR 1 MALANG   Lokasi strategis: Jl. Danau Maninjau Sawojajar 1 - Kota Malang  Harga: Rp 850 Juta (NEGO TIP...,850000000.0,5.0,2.0,84.0,168.0,2026-04-12,Blimbing
"Blimbing, Malang",Murah Rumah Mewah Lokasi Perumahan Elit Araya Dekat Lapangan Golf.  Kawasan elite di kota Malang mudah diakses dan jalanan yang lebar. Fasilitas sa...,4400000000.0,4.0,4.0,240.0,330.0,2026-04-12,Blimbing
"Sawojajar, Malang","Dijual rumah desain modern classic elegan di kawasan favorit SawojaJAR, Malang. Cocok untuk hunian keluarga dengan tampilan mewah dan akses sangat ...",925000000.0,3.0,2.0,102.0,150.0,2026-04-12,Blimbing
"Sawojajar, Malang","Dijual Rumah di Jalan Danau-Danau Sawojajar 1 Kedungkandang - Kota Malang Dekat Sawojajar, Tol Madyopuro & jalan utama  Spesifikasi:  - Legalitas: ...",625000000.0,3.0,2.0,60.0,65.0,2026-04-12,Blimbing
"Lowokwaru, Malang","Dijual rumah di area Perumahan Elit Green Orchid. Lokasi sangat bagus berada di area Soekarno Hatta. Dekat banyak kampus ternama seperti Brawijaya,...",2500000000.0,5.0,3.0,120.0,107.0,2026-04-12,Lowokwaru
"Sawojajar, Malang","Rumah bergaya minimalist modern di Sawojajar.  Miliki rumah 1 lantai yang asri ini,  dijual dengan pemandangan indah yang menambah nilai estetika d...",1050000000.0,3.0,3.0,135.0,200.0,2026-04-12,Blimbing
"Sawojajar, Malang","Rumah 2 lantai di kawasan elit Grand Permata Jingga - Sawojajar Lingkungan eksklusif One Gate System, aman, nyaman, dan prestisius. Bukan rumah lam...",1620000000.0,3.0,3.0,130.0,88.0,2026-04-12,Blimbing
"Lowokwaru, Malang","Kesempatan terbatas buat Anda dapatkan rumah nyaman dengan return investasi tinggi di Lowokwaru, Malang.  Rumah ini menawarkan lokasi yang strategi...",1300000000.0,5.0,3.0,138.0,170.0,2026-04-12,Lowokwaru
"Lowokwaru, Malang","Dijual Rumah Siap Huni dekat Suhat di Lowokwaru, Malang Kota  ✅ Lokasi Sangat Strategis Dekat Suhat, UB, Unisma, UMM, Matos, UIN, UM ✅ Perumaha...",950000000.0,2.0,1.0,105.0,105.0,2026-04-12,Lowokwaru
"Lowokwaru, Malang","Kesempatan terbatas buat Anda dapatkan rumah nyaman dengan return investasi tinggi di Lowokwaru, Malang.  Rumah ini menawarkan kelengkapan fasilita...",1500000000.0,2.0,3.0,96.0,125.0,2026-04-12,Lowokwaru
"Lowokwaru, Malang","Kesempatan terbatas buat Anda dapatkan rumah nyaman dengan return investasi tinggi di Lowokwaru, Malang.  Rumah ini menawarkan lokasi yang strategi...",1970000000.0,4.0,5.0,180.0,300.0,2026-04-12,Lowokwaru
"Lowokwaru, Malang","Kesempatan terbatas buat Anda dapatkan rumah strategis dengan return investasi tinggi di Lowokwaru, Malang.  Rumah ini menawarkan kelengkapan fasil...",1750000000.0,4.0,2.0,100.0,150.0,2026-04-12,Lowokwaru
"Lowokwaru, Malang","Kesempatan terbatas buat Anda dapatkan rumah strategis dengan return investasi tinggi di Lowokwaru, Malang.  Rumah ini menawarkan kelengkapan fasil...",1600000000.0,4.0,4.0,189.0,189.0,2026-04-12,Lowokwaru
"Sawojajar, Malang","LOKASI Grand Permata Jingga, Malang  - Dekat exit tol Malang - Dekat banyak sekolah unggulan - Dekat pusat perbelanjaan  - Dekat bandara Abd Saleh ...",1500000000.0,3.0,3.0,112.0,130.0,2026-04-12,Blimbing
"Blimbing, Malang","Dijual rumah harga terjangkau di Polowijen, Blimbing Kota Malang. Lokasi strategis dekat Exit Tol Singosari, Plaza Araya, Terminal Arjosari, Pasar ...",670000000.0,2.0,1.0,105.0,60.0,2026-04-12,Blimbing
"Blimbing, Malang","Rumah Murah Siap Huni di Perumahan Graha Kencana Dekat Exit Tol  Lokasi masuk area perumahan elite graha kencana, dekat exit toll karanglo, hawai w...",1400000000.0,3.0,2.0,153.0,100.0,2026-04-12,Blimbing
"Lowokwaru, Malang","Rumah 2 Lantai Minimalis di Perumahan Green Orchid Suhat.  Lokasi dekat dengan jalan soekarno hatta, pusat perbelanjaan, rumah sakit, pom bensin da...",2200000000.0,3.0,2.0,128.0,135.0,2026-04-12,Lowokwaru
"Blimbing, Malang","Rumah 2 lantai di Blimbing, Malang.  Dijual rumah di wilayah yang nyaman dengan pemandangan Lokasi di Pusat Kota. Properti 2 lantai bergaya minimal...",1700000000.0,3.0,2.0,176.0,300.0,2026-04-12,Blimbing
"Lowokwaru, Malang",DIJUAL Rumah Murah dekat Sekolah Hua Ind Di Borobudur Agung dekat Suhat Blimbing Malang  Spesifikasi: LT : 163 m LB : 85m Dimensi : 7 x 23 Lantai :...,930000000.0,3.0,1.0,163.0,85.0,2026-04-12,Lowokwaru
"Blimbing, Malang",Rumah Murah Luas 435 m2 di Perumahan Araya Malang Row Jalan Lebar.  Kawasan elite di kota Malang mudah diakses dan jalanan yang lebar. Fasilitas sa...,3000000000.0,3.0,2.0,435.0,220.0,2026-04-12,Blimbing
"Klojen, Malang","[Deal Terbaik, Harga Masuk]  Dijual Rumah Mewah Furnished di Pusat Kota, Selangkah dari Ijen Boulevard, Malang   Lantai full marmer  Furnished impo...",32500000000.0,5.0,5.0,1202.0,1300.0,2026-04-12,Klojen
"Klojen, Malang","Dijual Rumah Klasik Hook di Jalan Gunung Gunung Kawasan Ijen Kota Malang, Cocok Dibuat Segala Macam Jenis Usaha Maupun Tempat Tinggal  Spesifikasi ...",13000000000.0,5.0,3.0,557.0,400.0,2026-04-12,Klojen
"Araya, Malang","Raya Golf Utama,Araya Malang  Hadap : Utara LT: 760 ; 20x36m LB: 1.050m2 IMB : Th 2003 Air : Sumur dan Pam.  Line telpon: 1, CCTV Fully furnished d...",17000000000.0,4.0,4.0,760.0,1050.0,2026-04-12,Blimbing
"Araya, Malang",Rumah Murah Kawasan Elite Araya Luas 227 m2  Kawasan elite di kota Malang mudah diakses dan jalanan yang lebar. Fasilitas sangat lengkap dengan kea...,1850000000.0,4.0,3.0,227.0,110.0,2026-04-12,Blimbing
"Blimbing, Malang","Dijual Rumah semi furnished 2 lantai konsep industrial di daerah Pandanwangi, Sulfat, Kota Malang  row jalan lebar cukup 3 mobil lingkungan yang am...",875000000.0,3.0,2.0,74.0,110.0,2026-04-12,Blimbing
"Klojen, Malang","Rumah Jual Lokasi Elit dan Prestisius di Pusat Kota. Strategis Dekat kampus UB, UM, Polinema, Alun-Alun  rumah sakit, pusat kuliner, dan area bisni...",18500000000.0,5.0,3.0,700.0,500.0,2026-04-12,Klojen
"Araya, Malang","DIJUAL RUMAH MODERN ARAYA SIAP HUNI HARGA MIRING   Lokasi : PERUMAHAN ELITE  ARAYA MALANG   KAWASAN HUNIAN PERUMAHAN ELITE YANG NYAMAN, AMAN DAN TE...",2500000000.0,4.0,2.0,165.0,150.0,2026-04-12,Blimbing
"Sawojajar, Malang","HOT SALE !  Dijual Rumah Beberapa Meter Dari Sekolah, Pacuan Kuda Dan Masjid di Grand Permata Jingga Sawojajar Malang  - Desain rumah compact & min...",1100000000.0,2.0,1.0,78.0,42.0,2026-04-12,Blimbing
"Araya, Malang","DIJUAL RUMAH BARU MODERN ARAYA INDENT 6 BULAN   Lokasi : PERUMAHAN ELITE  ARAYA MALANG   KAWASAN HUNIAN PERUMAHAN ELITE YANG NYAMAN, AMAN DAN TENAN...",2500000000.0,4.0,4.0,144.0,190.0,2026-04-12,Blimbing
"Araya, Malang","DIJUAL RUMAH MODERN ARAYA SIAP HUNI HARGA MIRING   Lokasi : PERUMAHAN ELITE  ARAYA MALANG   KAWASAN HUNIAN PERUMAHAN ELITE YANG NYAMAN, AMAN DAN TE...",3990000000.0,5.0,5.0,240.0,270.0,2026-04-12,Blimbing
"Klojen, Malang","Rumah Nyaman  2 lantai, bangunan luas, ada 2 Kamar tidur, 2 Kamar mandi, Carport 1 mobil. Lokasi di Kawasan Celaket Jl. Jaksa Agung Suprapto,Klojen...",860000000.0,2.0,2.0,85.0,95.0,2026-04-11,Klojen
"Klojen, Malang","Dijual rumah di Pasar Besar, Kota Malang. Dekat Alun-Alun, Ramayana, Kayutangan Heritage, Kampung Warna Warni, Stasiun Kota Malang, Tugu. Luas tana...",350000000.0,2.0,1.0,39.0,60.0,2026-04-11,Klojen
"Klojen, Malang","Dijual Rumah Mewah Furnished di Pusat Kota, Selangkah dari Ijen Boulevard, Klojen Malang   Lantai full marmer  Furnished import Italy Private pool ...",32500000000.0,5.0,5.0,1202.0,1300.0,2026-04-11,Klojen
"Kedungkandang, Malang","Rumah Dua Lantai Minimalis Modern Mewah di Kota Malang Cocok untuk Pasangan Muda, Mahasiswa dan Lain Lain dengan Harga Sangat Terjangkau  - Free ka...",365000000.0,2.0,2.0,44.0,46.0,2026-04-11,Kedungkandang
"Sawojajar, Malang","- kondisi bangunan terawat baik  - halaman depan luas - row jalan lebar - lingkungan tenang  - lokasi strategis, dekat dengan jalan raya sawojajar",785000000.0,2.0,1.0,99.0,54.0,2026-04-11,Blimbing
"Araya, Malang","- bangunan bersih dan terawat baik  - berada di kawasan elite araya  - lingkungan tenang  - lokasi strategis ( dekat RS Persada, Plaza Araya, aneka...",1900000000.0,4.0,3.0,145.0,145.0,2026-04-11,Blimbing
"Dieng, Malang",Lokasi super strategis di kawasan elit Puncak Dieng. Dekat berbagai kampus dan fasilitas umum.  Selling Point : Dekat Unmer Malang Dekat Kampus Mac...,2600000000.0,7.0,4.0,250.0,220.0,2026-04-11,Sukun
"Blimbing, Malang",Rumah Murah Luas 172 m2 di Perumahan Araya Blok Depan  Kawasan elite di kota Malang mudah diakses dan jalanan yang lebar. Fasilitas sangat lengkap ...,1400000000.0,3.0,2.0,172.0,110.0,2026-04-11,Blimbing
"Lowokwaru, Malang","Rumah 2 Lantai Modern Minimalis Lokasi Elite Green Orchid Suhat  Lokasi dekat dengan jalan soekarno hatta, pusat perbelanjaan, rumah sakit, pom ben...",1300000000.0,2.0,2.0,75.0,120.0,2026-04-11,Lowokwaru
"Sukun, Malang","Rumah Murah Luas 226 m2 Area Burung Burung Dekat RS Soepraon  Rumah berada di daerah burung burung malang Lokasi strategis, tidak jauh dari pusat k...",1000000000.0,4.0,3.0,226.0,200.0,2026-04-11,Sukun
"Araya, Malang",DIJUAL RUMAH TERAWAT DAN SIAP HUNI DI ARAYA MALANG  Spesifikasi : LT                             : 200m² LB                            : 150m² KT...,2000000000.0,4.0,3.0,200.0,150.0,2026-04-11,Blimbing
"Kedungkandang, Malang",RUMAH jual dijual perumahan kartanegara inside   Dijual cepar rumah cantik & bagus fulset harga terjangkau MALANG KEDUNGKANDANG,1000000000.0,4.0,3.0,105.0,180.0,2026-04-11,Kedungkandang
"Dieng, Malang","Rumah DIJUAL di kawasan elit Dieng. Lingkungan nyaman dan tenang. Dekat kampus UNMER, Cyber Mall, Minimarket, Kuliner malam dieng, Vihara  Spesifik...",3750000000.0,3.0,2.0,200.0,180.0,2026-04-11,Sukun
"Blimbing, Malang","Rumah DIJUAL Bangunan baru bergaya minimalis 2 lantai di daerah Borobudur, dekat Pasar Blimbing, Sekolah Hwa Ind, Univ Widyagama, dan UB  Spesifika...",2500000000.0,4.0,4.0,161.0,200.0,2026-04-11,Blimbing
"Araya, Malang",DIJUAL RUMAH MODERN SIAP HUNI HARGA MIRING   Lokasi : PERUMAHAN ELITE  ARAYA BLOK DEPAN KOTA MALANG  SELANGKAH KE PLAZA ARAYA   KAWASAN HUNIAN PERU...,1400000000.0,2.0,2.0,105.0,156.0,2026-04-11,Blimbing
"Dieng, Malang","Rumah Sultan Nyaman 2 lantai,Bangunan bagus,nyaman,Taman luas super cantik,terawat.Lokasi di Bukit Dieng,Dieng Malang.Dekat berbagai Pusat kuliner,...",50000000000.0,5.0,6.0,2998.0,1000.0,2026-04-11,Sukun
"Dieng, Malang","Rumah Nyaman 1 lantai,Bangunan Heritage,bangunan lama,Lebar depan 16 meter,panjang 30 meter,ada Halaman depan,samping,belakang.Lokasi di Boulevard ...",16500000000.0,5.0,1.0,494.0,300.0,2026-04-11,Sukun
"Dieng, Malang","Rumah Nyaman 1,5 lantai, bangunan luas, terawat, 3 Kamar tidur, 2 Kamar mandi, Garasi dan Carport. Lokasi di Jalan Dieng Malang. Dekat Cyber Mall, ...",2500000000.0,3.0,2.0,270.0,230.0,2026-04-11,Sukun
"Sukun, Malang","Turun Harga  Dijual Rumah Premium di Istana Dieng, Sukun Malang  Kusen, pintu semua kayu Merbau Semi Furnished Dapur kotor dan bersih Ada ruang mul...",6500000000.0,6.0,6.0,385.0,550.0,2026-04-11,Sukun
"Lowokwaru, Malang","Dijual Rumah Semi Furnish Desain Open Space House di Brawijaya Residence, Lowokwaru Malang  Open space concept Ada rooftop Ada mushola, service are...",1600000000.0,3.0,2.0,155.0,165.0,2026-04-11,Lowokwaru
"Blimbing, Malang","Miliki rumah 2 lantai yang modern ini,  dijual dengan pemandangan asri yang menambah nilai estetika di lingkungan hunian. Rumah ini berada di area ...",1900000000.0,4.0,2.0,170.0,160.0,2026-04-11,Blimbing
"Sukun, Malang",RUMAH BAGUS BESAR 5 KT DEKAT UNIV KAANJURUHAN DI PERUM. SUKUN KOTA MALANG Jual Rumah SUKUN MALANG - Malang LT 173 LB 225 KT 5 KM 2 Listrik 2200 Rp ...,1050000000.0,5.0,2.0,173.0,220.0,2026-04-11,Sukun
"Araya, Malang","Rumah 2 lantai di Araya, Malang.  For sale rumah di wilayah yang tenang dengan pemandangan permukiman warga. Properti 2 lantai bergaya minimalist m...",5500000000.0,5.0,5.0,420.0,550.0,2026-04-11,Blimbing
"Lowokwaru, Malang",Harga Promo khusus Lebaran Rumah with panoramic room Dan Rooftop dekat Brawijaya,898000000.0,3.0,2.0,72.0,120.0,2026-04-11,Lowokwaru
"Sawojajar, Malang","Butuh Jual Cepat!!! Rumah 1 lantai di Sawojajar, Malang.  Rinciannya adalah sebagai berikut:   - Kamar Tidur: 3   - Kamar Mandi: 2   - Sertifikat: ...",1200000000.0,3.0,2.0,143.0,110.0,2026-04-11,Blimbing
"Lowokwaru, Malang","DIJUAL Rumah Baru Gress dekat Sekolah Hua Ind Di Pesona Ikan Nila, dekat Suhat Kota Malang  Spesifikasi: LT : 135 m² LB : 110 m² Dimensi : 10 x 1...",1300000000.0,3.0,2.0,135.0,110.0,2026-04-11,Lowokwaru
"Lowokwaru, Malang",Dijual Rumah Baru Gress 2 Lantai Siap Huni Jalan Ikan Ikan Lowokwaru Malang  Ready ada 2 unit jejer sama persis - 500m dari Hwaind - ⁠5 menit ke ...,1150000000.0,3.0,2.0,81.0,95.0,2026-04-11,Lowokwaru
"Lowokwaru, Malang",Dijual Rumah Baru Gress 2 Lantai Siap Huni Jalan Ikan Ikan Lowokwaru Malang  Ready ada 2 unit jejer sama persis - 500m dari Hwaind - ⁠5 menit ke ...,1250000000.0,3.0,2.0,87.0,92.0,2026-04-11,Lowokwaru
"Araya, Malang",‼️ BEST PRICE ‼️  :fire: UNIT SUPER LANGKA :fire: ✨ Satu-satunya di kelasnya ✨  Rumah Baru Premium READY STOCK Hanya 3 M-an di JALAN KE...,3200000000.0,4.0,4.0,188.0,260.0,2026-04-11,Blimbing
"Araya, Malang","Rumah For Sell Malang Rumah dijual, 2 lantai.
 Terawat.
 Harga nego.
 Dekat Binus Araya Malang.
 Keamanan 24 jam.
 CCTV, dan satpam 24 jam.
 Area c...",890000000.0,2.0,2.0,60.0,116.0,2026-04-11,Blimbing
"Cemorokandang, Malang","Rumah DIJUAL di De Cassablanca Residence Tipe minimalis 2 lantai Dekat ke Pintu Tol, Kondisi Siap huni  Selling points: 1. perumahan yg dilengkapi ...",675000000.0,3.0,1.0,90.0,60.0,2026-04-11,Klojen
"Lowokwaru, Malang",*Dijual Rumah Baru Modern Semi Furnished Dekat Hua Ind di Ikan2 Lowokwaru Malang*  Lt. 68 Lb. 170 Lantai 3 Kamar tidur 4 Kamar mandi 3 Listrik 2200...,1100000000.0,4.0,3.0,68.0,170.0,2026-04-11,Lowokwaru
"Lowokwaru, Malang",[BU POL! SIAP NEGO BERAPAPUN]  Dijual Rumah Furnished Terawat Siap Huni area Suhat Blimbing Lowokwaru Malang  Jalan Ikan Ikan Lowokwaru Malang  LT ...,1850000000.0,2.0,2.0,187.0,190.0,2026-04-11,Lowokwaru
"Araya, Malang",:fire: UNIT SUPER LANGKA :fire: ✨ Satu-satunya di kelasnya ✨  Rumah Baru Premium READY STOCK Hanya 3 M-an di JALAN KEMBAR BOULEVARD Cluster Gol...,3200000000.0,4.0,4.0,188.0,260.0,2026-04-11,Blimbing
"Merjosari, Malang","Rumah bergaya modern glass house di Merjosari.  Cek segera rumah 2 lantai yang modern ini,  dijual dengan pemandangan asri yang menambah nilai este...",3500000000.0,14.0,6.0,495.0,650.0,2026-04-11,Lowokwaru
"Lowokwaru, Malang","Dijual Rumah Daerah Lowokwaru Dekat Kampus UB, Polinema, ABM, Widyagama, Sekolah Dekat Masjid dan kawasan kuliner Soekarno Hatta, Semi Furnished  S...",925000000.0,3.0,1.0,108.0,90.0,2026-04-11,Lowokwaru
"Dieng, Malang","Rumah di Dieng.  Cek segera rumah 1 lantai yang modern ini,  dijual dengan pemandangan asri yang menambah nilai estetika di lingkungan hunian. Ruma...",3300000000.0,4.0,3.0,200.0,175.0,2026-04-11,Sukun
"Kedungkandang, Malang",Dijual Cepat Dibawah Harga Devoloper Rumah Siap Huni di De Cassablanca Residence Jalan Halim Perdana Kusuma Kota Malang   Spesifikasi : Bangunan : ...,625000000.0,2.0,1.0,90.0,70.0,2026-04-11,Kedungkandang
"Merjosari, Malang","Dijual rumah  Lokasi di Joyoagung, Merjosari, Lowokwaru, Kota Malang Strategis : -dekat kampus UMM, UB dan unisma -dekat akses ke Batu  Lingkungan ...",550000000.0,3.0,1.0,67.0,72.0,2026-04-11,Lowokwaru
"Merjosari, Malang","Dijual rumah minimalis untuk keluarga kecil dalam cluster area Puncak Joyo Agung Merjosari. Dekat dengan Kampus UIN dan UNISMA 
 Dekat dengan Cafe ...",460000000.0,3.0,1.0,68.0,48.0,2026-04-11,Lowokwaru
"Dieng Tidar, Malang",RUMAH BARU MODERNEN MINIMALIS 2 LT LOKASI STRATEGIS DI TIDAR PUSAT KOTA MALANG  SPESIFIKASI : Perum tidar malang -Type 70/84 -3 kamar tidur -2 kama...,675000000.0,3.0,2.0,70.0,84.0,2026-04-11,Sukun
"Sukun, Malang","Kesempatan terbatas buat Anda dapatkan rumah strategis dengan return investasi tinggi di Sukun, Malang.  Rumah ini menawarkan lokasi yang strategis...",11000000000.0,4.0,4.0,1002.0,600.0,2026-04-11,Sukun
"Klojen, Malang","[Deal Terbaik, Harga Masuk]  Dijual Rumah Mewah Furnished di Pusat Kota, Selangkah dari Ijen Boulevard, Malang   Lantai full marmer  Furnished impo...",32500000000.0,5.0,5.0,1202.0,1300.0,2026-04-11,Klojen
"Sawojajar, Malang","Dijual rumah dua lantai di jalan Tondano dalam, lokasi strategis dan sudah ramai penduduk nya. Aman, nyaman dan sangat cocok buat usaha.",850000000.0,5.0,3.0,78.0,150.0,2026-04-11,Blimbing
"Dieng, Malang","Dijual Rumah kondisi Siap Huni, cocok untuk pasangan baru nikah  * Include : Kompor tanam, gorden + vitras, 1 AC, water heater, lemari baju 3 pintu...",1250000000.0,2.0,1.0,105.0,88.0,2026-04-11,Sukun
"Dieng, Malang","Dijual Rumah Besar Posisi Hook 1,5 Lantai  * Siap Huni * Dimensi 18,5 x 19,5 * KT 3 + 2 * Hadap Utara * Ada Garasi & Carport * Ada 2 Dapur * Ruanga...",2750000000.0,5.0,3.0,354.0,250.0,2026-04-11,Sukun
"Dieng, Malang","Dijual Rumah 2 Lantai di Dieng Malang  * Kamar Tidur 4 * Kamar Mandi 2 * Row Jalan 2 Mobil * Dekat dengan sekolah MLI, Tsurraya, Dempo * Dekat kamp...",700000000.0,4.0,2.0,66.0,63.0,2026-04-11,Sukun
"Dieng, Malang","Rumah Dijual Malang Rumah Siap Huni dgn Desain Modern di Dieng
 
 * Hadap Utara
 * Kamar Tidur Luas
 * Garasi untuk 1 mobil 
 * Carport untuk 3 mob...",2900000000.0,5.0,4.0,400.0,285.0,2026-04-11,Sukun
"Dieng, Malang","Rumah For Sell Malang Rumah Hook di Dieng Malang
 
 * Dimensi 10 x 11
 * Hadap Selatan
 * Semi Furnished : Kulkas, Water Heather, Dispenser, Meja m...",1200000000.0,2.0,1.0,110.0,64.0,2026-04-11,Sukun
"Dieng, Malang","TURUN HARGA 1,3 M >>> 1,1 M Dijual Cepat Rumah di Puncak Dieng Malang
 
 * Unfurnish
 * One Gate System
 * Security 24 jam
 * 4 menit ke Unmer
 * 5...",1100000000.0,2.0,1.0,105.0,71.0,2026-04-11,Sukun
"Lowokwaru, Malang","DIJUAL Rumah Lokasi Strategis One Gate System, Row Jalan Lebar, CCTV, Lingkungan Tenang, Nyaman, Aman Dekat Kuliner Cengger Ayam, Suhat, Masjid, Ka...",950000000.0,3.0,2.0,135.0,51.0,2026-04-11,Lowokwaru
"Sukun, Malang","Rumah Jual Dekat Kampus UNIKAMA, Pasar Sukun, Bimasakti, 10 Menit ke Alun-Alun, Pasar Besar, 15 Menit ke Univ Brawijaya  Spesifikasi : Sertifikat :...",850000000.0,3.0,1.0,102.0,90.0,2026-04-10,Sukun
"Lowokwaru, Malang","Rumah Jual Arae Tengah Kota Malang Dekat Kampus UB, Polinema, Kampus ASIA, Pusat Kuliner Suhat Area Padat Penduduk   Spesifikasi :  Sertifikat : SH...",5500000000.0,7.0,4.0,434.0,350.0,2026-04-10,Lowokwaru
"Dieng, Malang","Rumah 1 lantai di Dieng, Malang.  For sale rumah di wilayah yang asri. Properti ini berada di lingkungan yang mudah dijangkau.  Kategorinya adalah ...",850000000.0,2.0,1.0,84.0,50.0,2026-04-10,Sukun
"Blimbing, Malang","Rumah Jual Tengah Kota Row Jalan Lebar Dekat Rumah Sakit Mutiara Bunda, Kuliner Ciliwung, Sulfat, Jalan Besar SP Sudarmo Lingkungan Aman & Tenang C...",1500000000.0,3.0,2.0,169.0,100.0,2026-04-10,Blimbing
"Lowokwaru, Malang","RUMAH LUAS LOKASI STRATEGIS DI SUHAT DEKAT UB, POLTEK DLL  Jual Rumah JL BUNGA-BUNGA - Malang LT 224 LB 250 KT 5 KM 3 Dimensi 10 x 22.4 Listrik 130...",2100000000.0,5.0,3.0,224.0,280.0,2026-04-10,Lowokwaru
"Blimbing, Malang","Rumah Murah Luas 243 m2 Area Jl Emas Sulfat Bisa Untuk Penginapan Atau Hunian.  Rumah berada di daerah sulfat malang Lokasi strategis, tidak jauh d...",1950000000.0,8.0,2.0,243.0,180.0,2026-04-10,Blimbing
"Lowokwaru, Malang","Rumah Siap Huni Lingkungan Nyaman, Aman, Tenang Lokasi Dekat Pusat Kuliner dan Bisnis Soekarno Hatta, Kampus Brawijaya, Polinema, ASIA, Rumah Sakit...",1250000000.0,3.0,1.0,157.0,100.0,2026-04-10,Lowokwaru
"Sawojajar, Malang","DIJUAL Rumah 2 Lantai Dekat Superindo, ACE Hardware, Bank, Akses Tol, Pusat Kuliner Sawojajar Kota Malang.
 Full Furnish (Meja Kursi, Tempat Tidur,...",2250000000.0,3.0,3.0,127.0,250.0,2026-04-10,Blimbing
"Lowokwaru, Malang",Lokasi strategis  Lingkungan aman dan nyaman  Kawasan ramai  Cocok untuk tempat tinggal,2500000000.0,5.0,2.0,268.0,251.0,2026-04-10,Lowokwaru
"Lowokwaru, Malang","Kesempatan terbatas buat Anda dapatkan rumah strategis dengan return investasi tinggi di Lowokwaru, Malang.  Rumah ini menawarkan kelengkapan fasil...",1500000000.0,5.0,4.0,110.0,180.0,2026-04-10,Lowokwaru
"Purwantoro, Malang","Dijual rumah kondisi bagus terawat dengan baik, dua lantai. Dekat terminal arjosari, rs persada, 5 menit ke pusat kota. Meskipun padat penduduk, ta...",2500000000.0,5.0,4.0,192.0,300.0,2026-04-10,Klojen
"Merjosari, Malang","Rumah bergaya minimalist modern di Merjosari.  Miliki rumah 2 lantai yang asri ini,  dijual dengan pemandangan indah yang menambah nilai estetika d...",1200000000.0,3.0,3.0,85.0,80.0,2026-04-10,Lowokwaru
"Araya, Malang",lokasi strategis kawasan elit araya cocok untuk tempat tinggal hunian aman dan nyaman,5100000000.0,5.0,5.0,300.0,500.0,2026-04-10,Blimbing
"Araya, Malang","Rumah terletak di daerah Araya dekat kampus Binus,  dekat akses bus kota SHM ada halaman (stef)",1990000000.0,3.0,2.0,156.0,190.0,2026-04-10,Blimbing
"Sukun, Malang",LT 144 m2 LB 170 m2 2 lantai hadap timur kamar tidur 3 kamar msndi 3 listrik 1300 air PDAM garasi 1 carport 1 SHM dekat fasilitas umum  (nic),1200000000.0,3.0,3.0,144.0,170.0,2026-04-10,Sukun
"Blimbing, Malang",Rumah Mewah Modern Minimalis Perumahan Elite Nieuw Indie Araya  Kawasan elite di kota Malang mudah diakses dan jalanan yang lebar. Fasilitas sangat...,5300000000.0,4.0,5.0,280.0,350.0,2026-04-10,Blimbing
"Araya, Malang",Lokasi strategis Cocok untuk tempat tinggal Kawasan ramai Banyak tempat kuliner Dekat dengan Binus University dan RS Persada  Perumahan Elite Malan...,7750000000.0,4.0,3.0,450.0,600.0,2026-04-10,Blimbing
"Sawojajar, Malang",Lokasi strategis  Lingkungan aman dan nyaman  Kawasan ramai  Cocok untuk tempat tinggal Dekat dengan pusat Kota  Dekat dengan banyak sekolah  Banya...,2000000000.0,6.0,3.0,182.0,400.0,2026-04-10,Blimbing
"Araya, Malang",Lokasi strategis  Lingkungan aman dan nyaman  Cocok untuk tempat tinggal Kawasan ramai  Bonus semi furnish : 1. Kitchen set  2. Kompor tanam  3. Ba...,2800000000.0,3.0,3.0,180.0,220.0,2026-04-10,Blimbing
"Tlogomas, Malang","Dojual rumah 2 lantai BU, lokasi di perumahan taman landungsari, lokasi dekat dengan kampus UMM, rs UMM, kamar banyak sehingga cocok untuk hunian k...",1600000000.0,6.0,2.0,150.0,300.0,2026-04-10,Lowokwaru
"Kedungkandang, Malang","RUMAH MODERN MINIMALIS DEKAT CITRALAND GARDEN MALANG   Jual Rumah KEDUNG KANDANG LT 72 LB 72 KT 2 KM 1 Dimensi 6 x 12 Listrik 1300 Watt Rp 320,000,...",320000000.0,2.0,1.0,72.0,72.0,2026-04-10,Kedungkandang
"Araya, Malang","Rumah Dijual Malang Rumah 2 Lantai Murah Banget Siap Huni Araya Hanya 3 Menit ke Binus Araya dan 5 Menit ke Mall Araya Sangat Cocok Buat Hunian, Ko...",1150000000.0,4.0,2.0,108.0,160.0,2026-04-10,Blimbing
"Araya, Malang",Jual Cepat Rumah Mewah 2 Lt Full Furniture Mewah di ARAYA KOTA MALANG pojok hook   Lt540m Lb600m 23x25 Hadap timur selatan Pln 5500watt KT 6+1 KM 6...,8000000000.0,7.0,7.0,540.0,600.0,2026-04-10,Blimbing
"Sawojajar, Malang",Lokasi strategis  Lingkungan aman dan nyaman  Kawasan ramai  Cocok untuk tempat tinggal  Dekat dengan pusat Kota  Dekat dengan banyak tempat kuline...,900000000.0,7.0,3.0,92.0,220.0,2026-04-10,Blimbing
"Dieng, Malang","Rumah Perumahan Puncak.Dieng jual rumah daerah Dieng rumah,harga cocok untuk investasi lokasi strategis, lingkungan aman, one gate ,dekat kampus UB...",1000000000.0,2.0,1.0,108.0,90.0,2026-04-10,Sukun
"Sawojajar, Malang",Lokasi strategis  Lingkungan aman dan nyaman  Kawasan ramai  Cocok untuk tempat tinggal  Dekat dengan Pusat Kota,1850000000.0,3.0,2.0,178.0,150.0,2026-04-10,Blimbing
"Blimbing, Malang",RUMAH BARU GRESS 2 LT MEZANINE SEMI FURNISH LOKASI STRATEGIS BLIMBING KOTA MALANG  SPESIFIKASI : LT = 69 m2  Dimensi (6x11.5) LB = 45 m2  Mezanine ...,650000000.0,2.0,1.0,69.0,45.0,2026-04-10,Blimbing
"Dieng, Malang","Dijual Rumah Bagus di Area Dieng  * 2 Lantai, ada Balkon depan * Semi Furnish : Kitchen Set, meja bar full granit, walking closet * Masih ada lahan...",2300000000.0,3.0,2.0,150.0,125.0,2026-04-10,Sukun
"Lowokwaru, Malang",LT 74 m² Lb 47 m² KT 1 Km 1 1 lantai ShM 430 jt nego  More Info : Lusia - 0813xxxxxxxx Tirta - 081136xxxx Xavier Marks Premier,430000000.0,1.0,1.0,74.0,47.0,2026-04-10,Lowokwaru
"Lowokwaru, Malang","Spesifikasi: Lokasinya sangat strategis, di samping UMM  passive income mencapai 400 juta/tahun fasilitas lengkap mulai wifi, alat gym, dapur+kulka...",4250000000.0,26.0,27.0,106.0,224.0,2026-04-10,Lowokwaru
"Sawojajar, Malang",RUMAH jual dijual  Danau Sentani  Dijual secepatnya rumah baru 1 lantai cantik & bagus modern siap huni  MALANG SAWOJAJAR,1320000000.0,4.0,2.0,150.0,115.0,2026-04-10,Blimbing
"Klojen, Malang",Selling Point : - Lokasi Tengah Kota - 1 menit ke Universitas Negeri Malang - 2 menit ke Jalan Besar Ijen - Memiliki Taman Terbuka Luas di samping ...,9500000000.0,7.0,3.0,548.0,284.0,2026-04-10,Klojen
"Araya, Malang","(DN2558) Untuk Katalog Properti Lengkap, Bisa Diakses Langsung Melalui Link Berikut ********  [INDENT BANGUN 6 BULAN]  - Hanya 3 Menit Ke Araya Gol...",2500000000.0,4.0,4.0,144.0,190.0,2026-04-10,Blimbing
"Sukun, Malang",DIJUAL RUMAH SIAP HUNI AREA JANTI BARAT - SUKUN MALANG    Lokasi: Jl. Janti Barat Sukun - Kota Malang  Dekat kawasan perumahan seperti Puri Nirwana...,680000000.0,2.0,2.0,104.0,100.0,2026-04-10,Sukun
"Klojen, Malang",Dijual Rumah Besar di Lokasi Elit Pahlawan Trip Malang  Spesifikasi : LT : 399m2 LB : 500m2 KT : 4 KM : 3 Hadap : Selatan Listrik : 3300 watt Dapur...,15000000000.0,4.0,3.0,399.0,500.0,2026-04-10,Klojen
"Blimbing, Malang","Rumah 1 lantai di Blimbing, Malang.  For sale rumah di wilayah yang asri dengan pemandangan Lokasi di Pusat Kota. Properti 1 lantai ini berada di l...",675000000.0,2.0,1.0,146.0,100.0,2026-04-10,Blimbing
"Lowokwaru, Malang",Dijual rumah di wilayah yang nyaman dengan pemandangan Lokasi dipusat kota. Properti 2 lantai ini berada di lingkungan strategis.  Rinciannya adala...,7000000000.0,3.0,3.0,621.0,458.0,2026-04-10,Lowokwaru
"Blimbing, Malang","FOR SALE: Rumah Minimalis Modern 2 Lantai di Cakalang, Malang - LT : 77 m2  - LB : 136 m2 - 3 Kamar Tidur  - 2 Kamar Mandi - Taman - Balkon  - Carp...",850000000.0,3.0,2.0,77.0,136.0,2026-04-10,Blimbing
"Lowokwaru, Malang",Dijual rumah di wilayah yang nyaman. Properti 3 lantai ini berada di lingkungan strategis.  Spesifikasinya adalah sebagai berikut:    - Kamar Tidur...,3500000000.0,5.0,3.0,262.0,500.0,2026-04-10,Lowokwaru
"Lowokwaru, Malang","Rumah 2 lantai yang asri ini,  dijual dengan pemandangan indah yang menambah nilai estetika di lingkungan hunian. Rumah ini berada di area strategi...",3300000000.0,4.0,3.0,196.0,120.0,2026-04-10,Lowokwaru
"Araya, Malang","DIJUAL RUMAH DALAM PERUMAHAN ELIT ARAYA - CLUSTER PURI PALMA   Hunian kondisi istimewa & terawat, siap huni di kawasan premium Araya. Lingkungan am...",1350000000.0,3.0,1.0,135.0,90.0,2026-04-10,Blimbing
"Sukun, Malang",For sale rumah di wilayah yang nyaman. Properti 1 lantai ini berada di lingkungan strategis.  Kategorinya adalah sebagai berikut:    - Kamar Tidur:...,8500000000.0,8.0,3.0,968.0,500.0,2026-04-10,Sukun
"Sawojajar, Malang","FOR SALE: Rumah Pojok di Sawojajar 1, Malang - LT : 78 m2  - LB : 60 m2 - Bangunan baru 1 lantai - 3 Kamar Tidur  - 1 Kamar Mandi - Pagar - Taman -...",700000000.0,3.0,1.0,78.0,60.0,2026-04-10,Blimbing
"Lowokwaru, Malang","DIJUAL RUMAH DI BUNGA-BUNGA, DEKAT UB SUHAT, LOWOKWARU, MALANG KOTA  Spesifikasi : LT                    : 76m² LB                   : 152m² Lant...",950000000.0,4.0,2.0,76.0,152.0,2026-04-10,Lowokwaru
"Araya, Malang","Rumah 2 lantai di Araya, Malang.  For sale rumah di wilayah yang nyaman dengan pemandangan permukiman warga. Properti 2 lantai bergaya american cla...",2600000000.0,4.0,3.0,240.0,400.0,2026-04-10,Blimbing
"Lowokwaru, Malang","Rumah 1 lantai di Lowokwaru, Malang.  Dijual rumah di wilayah yang asri dengan pemandangan Lokasi di Pusat Kota. Properti 1 lantai bergaya minimali...",750000000.0,2.0,1.0,91.0,75.0,2026-04-10,Lowokwaru
"Blimbing, Malang",DIJUAL RUMAH DI POLOWIJEN KEC. BLIMBING* MALANG  Spesifikasi : LT                    : 84m² LB                   : 60m² Lantai             : 1 KT...,650000000.0,2.0,1.0,84.0,60.0,2026-04-10,Blimbing
"Dieng, Malang","Kesempatan terbatas buat Anda dapatkan rumah strategis dengan return investasi tinggi di Dieng, Malang.  Rumah ini menawarkan kelengkapan fasilitas...",9000000000.0,5.0,3.0,506.0,300.0,2026-04-10,Sukun
"Klojen, Malang","Dijual Rumah Klasik 2 lantai di daerah Jalan Kaliurang, Kota Malang  ✅️ lokasi tengah Kota Malang ✅️ hanya 100 meter dari Jalan Kaliurang, ...",1800000000.0,6.0,5.0,340.0,400.0,2026-04-10,Klojen
"Blimbing, Malang",Rumah Minimalis Siap Huni di Perumahan Araya Blok Depan  Kawasan elite di kota Malang mudah diakses dan jalanan yang lebar. Fasilitas sangat lengka...,1200000000.0,3.0,1.0,135.0,85.0,2026-04-10,Blimbing
"Kedungkandang, Malang","BU JUAL CEPAT!RUMAH BESAR HARGA MURAH ! SIAP HUNI TENGAH KOTA MALANG
 
 ROW Jln 2 Mobil Simpangan  200 meter dr Jalan Raya  
 SPEK RUMAH (harga ril...",1300000000.0,6.0,3.0,321.0,300.0,2026-04-10,Kedungkandang
"Kedungkandang, Malang",RUMAH BARU MEWAH 2 LT FULLY FURNISHED HARGA MURAH DEKAT EXIT TOL KOTA MALANG Jual Apartment KEDUNG KANDANG LT 129 LB 196 KT 4 KM 3 Dimensi 13 x 10 ...,2260000000.0,4.0,3.0,129.0,196.0,2026-04-10,Kedungkandang
"Dieng, Malang",Rumah Dijual Malang,17000000000.0,1.0,1.0,623.0,500.0,2026-04-10,Sukun
"Blimbing, Malang",Rumah Bagus 2 Lantai Siap Huni Kawasan Elite Araya Golf Malng  Kawasan elite di kota Malang mudah diakses dan jalanan yang lebar. Fasilitas sangat ...,2800000000.0,4.0,3.0,200.0,380.0,2026-04-10,Blimbing
"Sawojajar, Malang","Rumah dijual Lokasi di sawojajar Strategis; - dekat exit tol dan akses ke bandara - dekat sekolah dan kampus wisnuwardana, um 2 - dekat pasar Akses...",895000000.0,3.0,1.0,197.0,100.0,2026-04-10,Blimbing
"Araya, Malang",Strategis Untuk Usaha‼️ Beli Rumah Bonus Piano   Dijual Rumah Modern Full Furnished selangkah ke Indomaret bisa buat tempat usaha di Araya Mala...,2500000000.0,3.0,2.0,105.0,200.0,2026-04-10,Blimbing
"Purwantoro, Malang","Kesempatan terbatas buat Anda dapatkan rumah strategis dengan return investasi tinggi di Purwantoro, Malang.  Rumah ini menawarkan kelengkapan fasi...",2500000000.0,4.0,2.0,230.0,200.0,2026-04-10,Klojen
"Blimbing, Malang","[Harga Miring, Jual Cepat] Turun Harga ❗️  Dijual Rumah Usaha, Rumah di Area Jalan Ciliwung, Purwantoro, Blimbing Malang  Lokasi Strategis Coco...",1700000000.0,3.0,2.0,176.0,328.0,2026-04-10,Blimbing
"Dieng, Malang",DIJUAL SISA 1 UNIT  :fire: *BEST DEAL! SISA 1 UNIT SAJA*:fire: Rumah dekat Universitas Brawijaya (UB) - lokasi incaran hunian & investasi!   Harga ...,725000000.0,2.0,1.0,72.0,41.0,2026-04-10,Sukun
"Sukun, Malang","Rumah di Sukun.  Temukan rumah 2 lantai yang asri ini,  dijual dengan pemandangan asri yang menambah nilai estetika di lingkungan hunian. Rumah ini...",3000000000.0,8.0,4.0,390.0,750.0,2026-04-10,Sukun
"Merjosari, Malang","Rumah di Merjosari.  Dapatkan rumah 2 lantai yang asri ini,  dijual dengan pemandangan indah yang menambah nilai estetika di lingkungan hunian. Rum...",1200000000.0,10.0,10.0,75.0,133.0,2026-04-10,Lowokwaru
"Araya, Malang","Selling point: Dekat Plaza Araya Dekat Binus, SMP Al Kautsar dll Dekat KDS Restaurant  Dekat Taman Indie Dekat Beauty Clinic, Lapangan padel, golf,...",1700000000.0,3.0,1.0,190.0,90.0,2026-04-10,Blimbing
"Blimbing, Malang",Rumah Hooq Luas 286 m2 Kawasan Elite Perumahan Araya Malang  Kawasan elite di kota Malang mudah diakses dan jalanan yang lebar. Fasilitas sangat le...,2500000000.0,3.0,3.0,286.0,145.0,2026-04-10,Blimbing
"Blimbing, Malang",Rumah Murah 2 Lantai di Perumahan Elite Araya Malang Luas 302 m2  Kawasan elite di kota Malang mudah diakses dan jalanan yang lebar. Fasilitas sang...,2200000000.0,6.0,4.0,302.0,300.0,2026-04-10,Blimbing
"Klojen, Malang","Dijual rumah mewah dekat kampus Universitas Negeri Malang
 
 Lokasi sangat strategis, area padat lalu lintas, dekat dengan Mall Matos
 Luas 503 m2 ...",10700000000.0,11.0,5.0,503.0,400.0,2026-04-10,Klojen
"Araya, Malang","- Bangunan terawat baik  - lingkungan aman dan tenang  - dekat kampus BINUS, Araya  - berlokasi di perumahan elite araya",900000000.0,2.0,2.0,60.0,58.0,2026-04-10,Blimbing
"Sawojajar, Malang","DIJUAL RUMAH DALAM PERUMAHAN - TENGAH KOTA MALANG | LOKASI RAMAI & STRATEGIS  Rumah siap huni di kawasan padat penduduk, dikelilingi area kuliner, ...",1300000000.0,4.0,2.0,127.0,100.0,2026-04-10,Blimbing
"Blimbing, Malang","Kesempatan terbatas buat Anda dapatkan rumah nyaman dengan return investasi tinggi di Blimbing, Malang.  Rumah ini menawarkan lokasi yang strategis...",1800000000.0,3.0,1.0,214.0,130.0,2026-04-10,Blimbing
"Cemorokandang, Malang",Dijual rumah di wilayah yang asri. Properti 1 lantai ini berada di lingkungan strategis.  Rinciannya adalah sebagai berikut:    - Kamar Tidur: 3   ...,650000000.0,3.0,3.0,164.0,100.0,2026-04-10,Klojen
"Sawojajar, Malang","Rumah Jual Lokasi Strategis di Pusat Kuliner dan Bisnis, Traffic Ramai Akses Jalan Lebar (aspal) 3 mobil Dekat Velodrom, Exit Tol Malang Kota Cocok...",7000000000.0,3.0,3.0,469.0,469.0,2026-04-10,Blimbing
"Lowokwaru, Malang","- bangunan terawat baik dan bersih  - furnished ( kecuali bufet, dan dipan di kamar utama)  - lokasi strategis ( dekat sekolah, kampus dan aneka pe...",1700000000.0,6.0,2.0,106.0,198.0,2026-04-10,Lowokwaru
"Klojen, Malang","Rumah daerah Gunung Gunung , Malang  Spesifikasi :   LT: 735m2 LB: 700m2 ( +/- ) Dimensi : 20  x 36.75  Listrik : 6600 Air : PDAM + Sumur artesis K...",22000000000.0,5.0,4.0,735.0,700.0,2026-04-10,Klojen
"Dieng, Malang",Spesifikasi :  LT: 120m2 LB: 105m2 Dimensi : 8x 15 Listrik : 2200 watt Air : PDSM Kamar Tidur : 2 Kamar Mandi :2 1Lt Sertifikat : SHM Hadap : Selat...,2100000000.0,2.0,2.0,120.0,105.0,2026-04-10,Sukun
"Klojen, Malang",Dijual rumah di Area Jalan Poros Raya Bogor Veteran. Lokasi sangat-sangat bagus dan strategis. Berada di Tengah Kota Malang yang merupakan kawasan ...,12000000000.0,7.0,3.0,601.0,300.0,2026-04-10,Klojen
"Blimbing, Malang",Turun Harga! Rumah Murah Kawasan Elite Araya Blok Depan Dekat Plaza.  Kawasan elite di kota Malang mudah diakses dan jalanan yang lebar. Fasilitas ...,1650000000.0,3.0,2.0,200.0,180.0,2026-04-10,Blimbing
"Blimbing, Malang","RUMAH STRATEGIS DEKAT KAMPUS UB - SIAP HUNI!    Lokasi: Jl. Ikan"" Borobudur (area favorit dekat kampus)   Harga: 950 Juta (nego tipis)   Spesifikas...",950000000.0,3.0,3.0,158.0,150.0,2026-04-10,Blimbing
"Lowokwaru, Malang","(ID1836) [INDENT BANGUN 8 BULAN]  - Hanya 100 Meter Ke Poros Jalan Raya Suhat  - ⁠Dekat Ke Kampus UB, Polinema, UM , ABM, Widyagama - Akses Jalan...",4300000000.0,18.0,19.0,112.0,310.0,2026-04-10,Lowokwaru
"Araya, Malang",Dijual rumah Araya Valley 2 lantai + Rooftop  Point of Interest :   - lingkungan aman dan nyaman - Dekat dengan binus university - Fasilitas super ...,2600000000.0,6.0,3.0,162.0,256.0,2026-04-10,Blimbing
"Klojen, Malang",Dijual Rumah Cantik di Kawasan Elite Kota malang Lokasi Strategis dekat Jalan Utama. Kawasan Elite -  Spesifikasi : Lebar            	: 15m2 Panjan...,18500000000.0,8.0,5.0,640.0,494.0,2026-04-10,Klojen
"Klojen, Malang","Rumah Dijual Area Klojen - Lokasi Strategis Tengah Kota Malang  Rumah berada di kawasan premium Klojen, salah satu area favorit di pusat Kota Malan...",2600000000.0,3.0,2.0,407.0,180.0,2026-04-10,Klojen
"Merjosari, Malang","Rumah di Merjosari.  Temukan rumah 3 lantai yang modern ini,  dijual dengan pemandangan asri yang menambah nilai estetika di lingkungan hunian. Rum...",1250000000.0,10.0,10.0,75.0,130.0,2026-04-10,Lowokwaru
"Klojen, Malang","DIJUAL RUMAH ASRI, STRATEGIS, LOKASI DI DAERAH PREMIUM JALAN GUNUNG-GUNUNG DAN STRATEGIS, MENTENGNYA MALANG. RUMAH LANGKA DI DALAM HUTAN KOTA, UDAR...",22500000000.0,7.0,4.0,651.0,400.0,2026-04-10,Klojen
"Lowokwaru, Malang",(ID1841) - Kondisi Full Furnish + Elektronik + CCTV - ⁠Potensi Income 2juta X 30 Kamar = 60juta Perbulan (720juta Pertahun) - ⁠Akses Mobil Simp...,4250000000.0,30.0,30.0,150.0,500.0,2026-04-10,Lowokwaru
"Araya, Malang","New Listing ✨  Dijual Rumah 2 Lantai, Terawat, Semi Furnish, Siap Huni di Jasmine Valley, Araya, Kab. Malang  SHGB LT: 60m2 Dimensi: 12x5 LB: 64 ...",795000000.0,3.0,2.0,60.0,64.0,2026-04-10,Blimbing
"Blimbing, Malang","Dijual rumah hunian modern minimalis Area Perumahan Tasikmadu Blimbing. Lokasi dekat dengan SMP/SMA Sabilillah, 15 menit dari Kampus Brawijaya, Pol...",900000000.0,4.0,2.0,84.0,120.0,2026-04-10,Blimbing
"Klojen, Malang","Rumah bergaya minimalist modern di Klojen.  Temukan rumah 2 lantai yang modern ini,  dijual dengan pemandangan asri yang menambah nilai estetika di...",12000000000.0,4.0,10.0,686.0,300.0,2026-04-10,Klojen
"Lowokwaru, Malang","Rumah dijual di daerah Dinoyo Lowokwaru Malang Kota
 
 Luas 144 m2 dengan 5 kamar tidur
 Ada ruang untuk jemuran
 Lokasi dekat dengan kampus Univer...",975000000.0,5.0,2.0,144.0,90.0,2026-04-10,Lowokwaru
"Lowokwaru, Malang",Dijual rumah di Perumahan Elit Permata Jingga Soekarno Hatta. Lokasi perumahan sangat strategis dan akses mudah kemana-mana. Lingkungan perumahan s...,5300000000.0,4.0,5.0,350.0,350.0,2026-04-10,Lowokwaru
"Araya, Malang",DIJUAL RUMAH TERAWAT DAN SIAP HUNI DI ARAYA MALANG  Spesifikasi : LT                             : 200m² LB                            : 150m² KT...,2000000000.0,4.0,3.0,200.0,150.0,2026-04-10,Blimbing
"Sukun, Malang","Dijual Rumah Siap Huni – Bukit Cemara Tidar, Malang Karang Besuki, Kec. Sukun, Kota Malang  Lokasi Strategis: Dekat kampus UB, UM, Unmer, ITN, UM...",750000000.0,3.0,1.0,130.0,100.0,2026-04-10,Sukun
"Blimbing, Malang","Rumah Murah di Perumahan Elit Blimbing - Pinggir Jalan Poros, Akses Super Strategis!  Kesempatan langka punya rumah di kawasan elit dengan harga me...",1500000000.0,4.0,2.0,300.0,210.0,2026-04-10,Blimbing
"Araya, Malang","Properti menawan ini menawarkan rumah 2 lantai dengan desain modern di kawasan Araya Malang, dekat kampus Binus. Rumah ini berdiri kokoh di atas la...",850000000.0,2.0,2.0,55.0,57.0,2026-04-09,Blimbing
"Blimbing, Malang",Rumah dijual di lokasi strategis di Kota Malang!  Rumah Araya Malang menawarkan hunian mewah dengan luas bangunan 180m² dan luas lahan 144m². Ber...,1850000000.0,4.0,3.0,144.0,180.0,2026-04-09,Blimbing
"Kedungkandang, Malang","DIJUAL CEPAT : Dijual rumah minimalis New 100% sudah renovasi nyaman dan asri di Malang, bebas banjir, dekat sekolah, RS, sangat strategis, nyaman,...",395000000.0,2.0,1.0,81.0,40.0,2026-04-09,Kedungkandang
"Blimbing, Malang","Turun Harga  Dijual Rumah Siap Huni di Daerah Jalan Teluk, Arjosari, Blimbing Malang  Kondisi sudah renov Depan rumah ada lapangan untuk parkir tam...",800000000.0,3.0,1.0,176.0,120.0,2026-04-09,Blimbing
"Araya, Malang",Rumah Malang Kota Araya KDS Lux - Mezzanine  Araya i4 no: 10 (Dekat Restoran KDS / Belakang TK Global Kids - Lokasi MUDAH dan STRATEGIS)  - Siap Hu...,2700000000.0,5.0,4.0,120.0,180.0,2026-04-09,Blimbing
"Araya, Malang",Rumah mewah 2 lantai full furnish di Greewood Golf. Row jalan  sangat  lebar.  Ada balkon untuk tempat duduk  berjemur di pagi hari atau bersantai ...,6100000000.0,3.0,3.0,240.0,300.0,2026-04-09,Blimbing
"Klojen, Malang",RUMAH jual dijual  Jalan Bengkulu  Dijual cepat rumah 2 Lantai Cantik & bagus harga sangat terjangkau dengan lainnya  MALANG KLOJEN,3500000000.0,4.0,3.0,462.0,550.0,2026-04-09,Klojen
"Sukun, Malang","Rumah Gadang Sukun Malang Kota Dijual Murah Cepat B.U dkt jl. Provinsi wa.me/628133144xxxx  Spek: - LT 9x12: 108 m2 (Full bangunan) - 3 KT , 2 KM (...",600000000.0,3.0,2.0,108.0,108.0,2026-04-09,Sukun
"Blimbing, Malang","Dijual rumah 2 lantai perumahan Araya Malang Kota
 
 Luas 214 m2 dengan 6 kamar tidur
 Lokasi nyaman, akses mudah
 Dekat dengan berbagai fasilitas ...",1950000000.0,6.0,4.0,214.0,300.0,2026-04-09,Blimbing
"Merjosari, Malang","Kesempatan terbatas buat Anda dapatkan rumah nyaman dengan return investasi tinggi di Merjosari, Malang.  Rumah ini menawarkan lokasi yang strategi...",1200000000.0,10.0,10.0,75.0,130.0,2026-04-09,Lowokwaru
"Lowokwaru, Malang","Rumah Bagus 2 Lantai di Area Dewandaru Nusa Indah Suhat.  Lokasi dekat dengan jalan soekarno hatta, pusat perbelanjaan, rumah sakit, pom bensin dan...",2200000000.0,3.0,2.0,170.0,115.0,2026-04-09,Lowokwaru
"Lowokwaru, Malang",Turun Harga rmh di daerah Kalpataru,2200000000.0,8.0,3.0,238.0,300.0,2026-04-09,Lowokwaru
"Klojen, Malang","Dijual Via Lelang Rumah Tinggal Jalan Batok No. 16 Malang
 
 Tanggal lelang : Coming Soon  
 Lokasi : Klojen - Malang  
 
 * Cash only  
 * Hanya v...",3260000000.0,4.0,2.0,441.0,285.0,2026-04-09,Klojen
"Blimbing, Malang","Turun Harga  Dijual Rumah di Jalan Sungai - sungai, Daerah Ciliwung Purwantoro Blimbing Malang  Dekat Sunandar Priyo Sudarmo Strategis, Tengah Kota...",8900000000.0,5.0,3.0,747.0,277.0,2026-04-09,Blimbing
"Sawojajar, Malang","Dijual Rumah Siap Huni Lokasi di Sawojajar, Malang 100 M dari Alfamidi 2 menit dari pasar sawojajar 2 menit dari masjid 2 menit dari sekolah 5 meni...",700000000.0,3.0,1.0,132.0,132.0,2026-04-09,Blimbing
"Klojen, Malang","Dijual Rumah Klasik, sangat Terawat & Siap Huni di Daerah kepulauan Kasin Klojen Malang  LT 300 (15x20) LB 200 KT 4 + 1 (ukuran lumayan besar2)  KM...",2500000000.0,4.0,2.0,300.0,200.0,2026-04-09,Klojen
"Lowokwaru, Malang",RUMAH MURAH 2 LANTAI  DI SUKUN KOTA MALANG  Lokasi Strategis : 7 menit MOG malang 7 menit Cyber Mall Malang  5 menit dr Alun-alun kota malang 5 men...,420000000.0,2.0,2.0,60.0,47.0,2026-04-09,Lowokwaru
"Klojen, Malang","Dijual Rumah Luas 121 m2 Area Pulau Pulau Dekat Pusat Kota Malang.  Lokasi nyaman, dekat dengan pusat perbelanjaan, alun2 kota, rumah sakit, selang...",1400000000.0,3.0,3.0,121.0,135.0,2026-04-09,Klojen
"Blimbing, Malang","Dijual rumah bagus di perumahan Araya Blimbing Malang  Luas 170 m2, dimensi 10 x 17 m Rumah memiliki 5 kamar tidur Hanya 5 menit ke plaza Araya. Ju...",1950000000.0,5.0,3.0,170.0,250.0,2026-04-09,Blimbing
"Araya, Malang","Dijual rumah di Perumahan di Araya, Malang  Kondisi rumah sangat bagus Ada 4 kamar Lokasi nyaman dan aman  Note : TIDAK BEKERJA SAMA dengan Broker ...",2200000000.0,4.0,2.0,200.0,250.0,2026-04-09,Blimbing
"Dieng, Malang","Rumah mewah dengan SHM di Puncak Dieng, Malang.   LT 378m², LB 100m², 3 KT, 2 KM.",2900000000.0,3.0,2.0,378.0,100.0,2026-04-09,Sukun
"Blimbing, Malang","Dijual rumah bagus siap huni di perumahan Araya Pakis Malang  Luas 200 m2 dengan 3 kamar Lokasi nyaman dan elit, dekat kampus Universitas Bina Nusa...",1900000000.0,3.0,2.0,200.0,150.0,2026-04-09,Blimbing
"Lowokwaru, Malang",Dijual Murah  Rumah Hook  Poros Tunggulwulung  LT 120 LB ±160 1½ lantai (lantai 2 belum finishing) Ruang Toko Ruang Tamu Ruang keluarga KT 2 KM1 ...,995000000.0,2.0,1.0,120.0,160.0,2026-04-09,Lowokwaru
"Sukun, Malang","- LT/LB : 200 m2/ 150 m2 - 4 K. Tidur (3 besar, 1 kecil) - 2 K. Mandi - 1 Garasi mobil - 1 lantai jemuran di atas - PLN 900 watt - Air pompa Sanyo ...",850000000.0,4.0,1.0,200.0,150.0,2026-04-09,Sukun
"Lowokwaru, Malang","DIJUAL RUMAH 1 LANTAI SIAP HUNI DI CLUSTER  SAXOPHONE   2.7M Nego  LT. 249 LB.150  * 3 kamr tdr * 3 kamar mandi ( 1 didlm) * SHM, IMB * Listrik 220...",2700000000.0,3.0,3.0,249.0,150.0,2026-04-09,Lowokwaru
"Lowokwaru, Malang",*DIJUAL RUMAH CANTIK PERMATA JINGGA MALANG*  *Spesifikasi :* - 1 Lantai - LT 105 m2 - LB 70 m2 - KT 3  - KM 1 - Carport - Ruang tamu - Ruang keluar...,1500000000.0,3.0,1.0,105.0,70.0,2026-04-09,Lowokwaru
"Dieng, Malang","Update harga. Turun 100 juta  Exclusive Listing! Dijual Rumah Di Dieng TownHouse, Malang  ✅️ rumahnya paling depan ✅️ 3 menit ke Superindo ...",2200000000.0,3.0,2.0,150.0,125.0,2026-04-09,Sukun
"Blimbing, Malang","Rumah Jual Posisi Pojokan Kondisi Istimewa Siap Huni Kawasan Tenang dan Nyaman Dekat Kuliner Sulfat, Rumah Sakit Puri Bunda Akses Mudah Tengah Kota...",2400000000.0,2.0,2.0,165.0,184.0,2026-04-09,Blimbing
"Lowokwaru, Malang","Rumah di Lowokwaru.  Dapatkan rumah 2 lantai yang modern ini,  dijual dengan pemandangan indah yang menambah nilai estetika di lingkungan hunian. R...",1200000000.0,10.0,10.0,75.0,133.0,2026-04-09,Lowokwaru
"Araya, Malang","TURUN HARGA RUMAH 2LANTAI ARAYA MALANG JASMINE VALLEY DEKAT BINUS UNIVERSITY*  LT 55 LB 57 KT 2 KM 2 SHM ~Rp 900,000,000~ *TURUN* Rp 850,000,000  L...",850000000.0,2.0,2.0,55.0,57.0,2026-04-09,Blimbing
"Lowokwaru, Malang",Rumah Siap Huni Perumahan Griyashanta,2400000000.0,3.0,3.0,162.0,162.0,2026-04-09,Lowokwaru
"Blimbing, Malang","Dijual rumah kondisi sangat bagus di perumahan daerah Sulfat, Blimbing, Malang  Luas 150 m2, dimensi 10 x 15 meter Rumah memiliki 3 kamar tidur Dij...",1800000000.0,3.0,2.0,150.0,129.0,2026-04-09,Blimbing
"Kedungkandang, Malang",Dijual Cepat Murah Dibawah Harga Devoloper Rumah Siap Huni di De Cassablanca Residence Jalan Halim Perdana Kusuma Kota Malang  Spesifikasi : 1 Lant...,620000000.0,2.0,1.0,90.0,70.0,2026-04-09,Kedungkandang
"Araya, Malang","‼️ PROMO, BEST PRICE ‼️  :fire: UNIT SUPER LANGKA :fire: ✨ Satu-satunya di kelasnya ✨  Rumah Baru Premium READY STOCK Hanya 3 M-an di J...",3200000000.0,4.0,4.0,188.0,260.0,2026-04-09,Blimbing
"Dieng, Malang","Rumah siap huni di Dieng, Malang. LT 300m², LB 350m² dengan 4+1 KT dan 2+1 KM. Dilengkapi ruang pertemuan, garasi, dan carport. Dekat klinik, Ind...",2800000000.0,4.0,2.0,300.0,350.0,2026-04-09,Sukun
"Lowokwaru, Malang","Dijual rumah baru di perumahan daerah Landungsari, Dau, Malang  Dimensi 6 x 12 meter Desain minimalis modern dengan 3 kamar tidur Harga cukup terja...",650000000.0,3.0,2.0,72.0,72.0,2026-04-09,Lowokwaru
"Sawojajar, Malang","RUMAH BARU AMERICAN CLASSIC - SAWOJAJAR 1, KOTA MALANG  Ready Stock  Siap Huni Lokasi Strategis  Hunian elegan dengan desain American Classic yang ...",975000000.0,3.0,2.0,102.0,100.0,2026-04-09,Blimbing
"Blimbing, Malang","Dijual rumah di jl. Ikan Ikan dekat Suhat  LT 159 m2, LB hampir full. - 3 kamar tidur utama, 1 kamar pembantu, 2 kamar mandi, garasi, ruang tamu, r...",990000000.0,3.0,2.0,159.0,150.0,2026-04-09,Blimbing
"Lowokwaru, Malang","Dijual Via Lelang Rumah Tinggal JL. BANTARAN III NO.52 Malang
 
 Tanggal lelang : Coming Soon  
 Lokasi : Lowokwaru - Malang  
 
 * Cash only  
 * ...",1310000000.0,4.0,2.0,314.0,305.0,2026-04-09,Lowokwaru
"Sawojajar, Malang","Rumah 2 lantai Siap Huni di Sawojajar - Harga Turun, Kesempatan Terbaik untuk Keluarga Anda  Lokasi di Jl. Selat Sunda, Sawojajar Lingkungan nyaman...",900000000.0,4.0,2.0,105.0,180.0,2026-04-09,Blimbing
"Sawojajar, Malang",Dijual Rumah Mewah Siap Huni  Lokasi Strategis: - dekat Kampus UM 2 - dekat Velodrom Sawojajar - dekat tempat perbelanjaan Lingkungan nyaman dan as...,1350000000.0,3.0,3.0,126.0,200.0,2026-04-09,Blimbing
"Sukun, Malang","Rumah Tahun 1980 an Dikawasan Klabat Malang, dikelilingi rumah rumah besar/mewah. Sejuk - Taman depan dan belakang",2350000000.0,3.0,1.0,266.0,149.0,2026-04-09,Sukun
"Lowokwaru, Malang",RUMAH DIJUAL GREEN ORCHID RESIDENCE MALANG SOEKARNO HATTA  LT 82 LB 90 KT 3 KM 2 Listrik 1300 Rp 1.825.000.000 Turun Rp 1.750.000.000 Nego  SHM Had...,1750000000.0,3.0,2.0,82.0,90.0,2026-04-09,Lowokwaru
"Lowokwaru, Malang",Dijual Rumah Siap Huni Lokasi Sangat Strategis Jalan Papa Hijau Soekarno Hatta Area Lowokwaru Kota Malang   Spesifikasi : Bangunan : 2 Lantai Luas ...,3900000000.0,5.0,3.0,350.0,300.0,2026-04-09,Lowokwaru
"Sawojajar, Malang","Rumah dijual: Lokasi Sawojajar, Malang Posisi hook, sebelah jalan buntu. Bisa digunakan untuk parkir tamu (up to 3 mobil) Lingkungan bersih, aman d...",850000000.0,3.0,2.0,153.0,110.0,2026-04-09,Blimbing
"Sawojajar, Malang",RUMAH jual dijual Jalan Danau Semayang  Dijual cepat rumah 1 lantai cantik & bagus harga sangat terjangkau MALANG SAWOJAJAR,620000000.0,2.0,2.0,96.0,96.0,2026-04-09,Blimbing
"Lowokwaru, Malang",lokasi strategis kawasan ramai cocok untuk tempat usaha dekat paket JNT,1100000000.0,2.0,1.0,64.0,110.0,2026-04-08,Lowokwaru
"Blimbing, Malang",Lokasi strategis Dekat dengan kawasan Kota Cocok untuk tempat tinggal  Banyak tempat kuliner,2300000000.0,4.0,3.0,156.0,133.0,2026-04-08,Blimbing
"Lowokwaru, Malang","Rumah dijual di kawasan strategis Lowokwaru, Malang, dekat dengan Universitas Brawijaya, UM, dan Polinema. Hunian nyaman ini cocok untuk keluarga a...",799000000.0,3.0,2.0,122.0,110.0,2026-04-08,Lowokwaru
"Blimbing, Malang","Rumah Dijual Malang Rumah Di Borobudur Blimbing Malang
 Rumah Dijual Borobudur 
 Rumah Luas dan Asri
 Spek : 
 Lt   :  456 M2
 Lb  :  460 M2
 Kt   ...",5500000000.0,7.0,3.0,456.0,460.0,2026-04-08,Blimbing
"Klojen, Malang","Rumah Dijual Malang Rumah Cantik Tengah Kota Malang
 Rumah Jalan  Gresik Malang
 Lokasi Strategis Di Tengah Kota Malang
 Bangunan  Bagus dan terawa...",6490000000.0,4.0,6.0,430.0,260.0,2026-04-08,Klojen
"Dieng, Malang",Lokasi strategis Termasuk perumahan Elite Malang  Cocok untuk tempat tinggal  Banyak tempat kuliner,11200000000.0,5.0,5.0,400.0,600.0,2026-04-08,Sukun
"Araya, Malang",Lokasi strategis Lingkungan aman dan nyaman,15000000000.0,8.0,5.0,1329.0,600.0,2026-04-08,Blimbing
"Klojen, Malang","lokasi strategis, kawasan elit ijen dekat dengan MOG, Plaza Dieng, RS Hermina, RS Melati Husada dekat dengan pasar tradisional (Bareng dan Mergan) ...",3200000000.0,5.0,3.0,174.0,150.0,2026-04-08,Klojen
"Blimbing, Malang","Lokasi strategis 
 Lingkungan aman dan nyaman 
 Kawasan ramai 
 Dekat dengan kawasan Soekarno Hatta Malang",10000000000.0,2.0,4.0,467.0,600.0,2026-04-08,Blimbing
"Sumbersari, Malang","Dijual rumah bagus di daerah Kalijudan Surabaya  Lokasi nyaman, dekat kampus Widya Mandala, Universitas Airlangga, dan Galaxy Mall Luas 80 m2 denga...",1700000000.0,4.0,2.0,199.0,180.0,2026-03-16,Lowokwaru
"Blimbing, Malang","Dijual rumah nyaman di daerah Blimbing, harga 2,5 M NEGO!  Rumah memiliki 4 kamar tidur, dengan luas 230 m2 Lokasi dekat pertokoan seperti ACE Hard...",2500000000.0,4.0,3.0,230.0,200.0,2026-03-16,Blimbing
"Araya, Malang","Rumah Mewah di Asteria Hill dekat dengan Lapangan Golf & Binus University, mudah perawatannya, berada di Lokasi strategis, terletak di antara 2 pin...",2600000000.0,7.0,4.0,162.0,256.0,2026-03-15,Blimbing
"Lowokwaru, Malang",[TURUN HARGA 825Jt BU POL]  Dijual Rumah Terawat Siap Huni area Suhat Blimbing Lowokwaru Malang Jalan Ikan Ikan Lowokwaru Malang  LT : 187 m2 LB : ...,1850000000.0,2.0,2.0,187.0,190.0,2026-03-15,Lowokwaru
"Klojen, Malang","Rumah For Sell Malang dijual murah dan sangat strategis..
 Rumah 2 lantai posisi hook area Penanggungan klojen malang
 dekat area jl Besar Ijen.
 d...",6000000000.0,5.0,3.0,380.0,420.0,2026-03-15,Klojen
"Araya, Malang","Rumah Jual Berada di Perum Elit Lokasi Strategis, Fasilitas Lengkap Row Jalan Lebar Akses Mudah Tengah Kota Dekat Kampus Binus, Plaza Araya, Rumah ...",825000000.0,3.0,2.0,60.0,64.0,2026-03-15,Blimbing
"Klojen, Malang","Rumah Luas, Minimalis Lokasi Startegis Daerah Buah - Buahan   Bangunan terawat dan siap huni  Lokasi dekat ke - mall mog - plaza dieng - malang cit...",3500000000.0,5.0,5.0,314.0,314.0,2026-03-15,Klojen
"Klojen, Malang","DIJUAL RUMAH STRATEGIS DEMPET KAMPUS UNMER MALANG  Kesempatan langka memiliki rumah luas di lokasi emas, tepat di samping Kampus Universitas Merdek...",10500000000.0,6.0,3.0,1002.0,400.0,2026-03-15,Klojen
"Klojen, Malang","LT 358 m2 LB 716 m2 tingkat 2 hadap timur kamar tidur 21 kamar nandi 11 listrik 4400 air sumur dan PDAM carport 1 SHM dekat dengan Matos, Transmart...",3000000000.0,21.0,11.0,358.0,716.0,2026-03-15,Klojen
"Tlogomas, Malang","SHM LT 255 m2 LB 220 m2 Tingkat 2 Hadap Barat Kamar tidur 11 Kamar mandi 4 PLN 1300 + 900 Air PDAM dan sumur cartport 1 Strategis, dekat kampus Uni...",1850000000.0,11.0,4.0,255.0,220.0,2026-03-15,Lowokwaru
"Gadang, Malang",Dijual Rumah American Townhouse 400 Jutaan di Pusat Kota Malang,480000000.0,2.0,1.0,72.0,34.0,2026-03-15,Sukun
"Klojen, Malang",DIJUAL RUMAH AREA SUPER STRATEGIS BUNGA - BUNGA SUHAT SOEKARNO HATTA MALANG!!!   Point of Interest :  - area tengah kota akses sangat mudah - berad...,3500000000.0,4.0,3.0,350.0,350.0,2026-03-15,Klojen
"Sawojajar, Malang","Hunian Premium Spring Hill Garden - Strategis dan Siap Huni  Miliki hunian mewah dengan desain modern di kawasan eksklusif Spring Hill Garden, Paki...",2200000000.0,4.0,3.0,164.0,150.0,2026-03-15,Blimbing
"Blimbing, Malang",Rumah  Murah Siap Huni  Lokasi PBI Araya Malang   LT 144m LB 160m (Bangunan 2 Lantai) KT 4 KM 3 Hadap Timur  Row Jalan 2 Mobil Loss Listrik 2200W+...,1900000000.0,4.0,3.0,144.0,160.0,2026-03-15,Blimbing
"Blimbing, Malang","Rumah Cantik Baru Gress  Lokasi Sulfat  Blimbing Malang  (Dekat RS Puri Bunda,Pasar,Kuliner, Alfamart,Indomaret, Sekolah an)  LT 94m (6x15,6) LB 14...",1390000000.0,3.0,3.0,94.0,140.0,2026-03-15,Blimbing
"Klojen, Malang","Dijual Rumah Hook Kondisi Terawat di Jalan Pulau-Pulau, Klojen Kotamadya Malang lokasi strategis di tengah kota Malang ⁠1 menit ke RSI Aisyiyah �...",4990000000.0,5.0,5.0,469.0,600.0,2026-03-15,Klojen
"Klojen, Malang","Dijual Rumah Klasik Lokasi Strategis Tengah Kota di Jalan Pulau-pulau, Klojen Kota Malang cocok digunakan sebagai lokasi usaha (tempat praktek dokt...",2990000000.0,8.0,4.0,316.0,450.0,2026-03-15,Klojen
"Lowokwaru, Malang","Rumah 2 Lantai Fully Furnished Siap Huni Dekat Ke Pusat Perkopian Sudimoro, Pusat Kuliner Soekarno Hatta, Kampus ASIA, Polinema, UB, ABM, Rumah Sak...",1100000000.0,3.0,2.0,75.0,140.0,2026-03-15,Lowokwaru
"Blimbing, Malang",Update Turun Harga ‼️   Rumah Mewah di Area Eksklusif Telaga Golf Araya Malang  Selling point : * Baru gress di area eksklusif Araya Malang * S...,4900000000.0,5.0,5.0,300.0,500.0,2026-03-15,Blimbing
"Lowokwaru, Malang",Rumah 2 lantai full furnish lengkap dengan ac hadap selatan listrik 3500 watt sumber air PDAM ruas jalan 4 m rumah dan garasi terpisah berhadapan,1650000000.0,3.0,3.0,85.0,170.0,2026-03-15,Lowokwaru
"Dieng, Malang","Rumah Jual Dalam Perumahan Kawasan Dieng Akses Tengah Kota Mudah, Suasana Tenang dan Nyaman Dekat Kampus UNMER, Cyber Mall  Spesifikasi : Sertifika...",1400000000.0,3.0,2.0,100.0,70.0,2026-03-15,Sukun
"Lowokwaru, Malang","Kesempatan terbatas buat Anda dapatkan rumah strategis dengan return investasi tinggi di Lowokwaru, Malang.  Rumah ini menawarkan kelengkapan fasil...",1650000000.0,10.0,10.0,84.0,128.0,2026-03-15,Lowokwaru
"Merjosari, Malang","Kesempatan terbatas buat Anda dapatkan rumah nyaman dengan return investasi tinggi di Merjosari, Malang.  Properti ini memiliki desain modern yang ...",1170000000.0,10.0,10.0,75.0,130.0,2026-03-15,Lowokwaru
"Merjosari, Malang","Kesempatan terbatas buat Anda dapatkan rumah nyaman dengan return investasi tinggi di Merjosari, Malang.  Rumah ini menawarkan kelengkapan fasilita...",1200000000.0,10.0,10.0,75.0,130.0,2026-03-15,Lowokwaru
"Lowokwaru, Malang",1 menit kampus Universitas Muhammadiyah Malang 3 menit GKB 5 Kedokteran Universitas Muhammadiyah Malang 5 menit Universitas Islam Malang 7 menit ke...,1650000000.0,10.0,10.0,84.0,133.0,2026-03-15,Lowokwaru
"Sawojajar, Malang","DIJUAL Rumah 2 Lantai Sawojajar Dekat Superindo, ACE Hardware, Bank, Akses Tol, Pusat Kuliner Sawojajar Kota Malang. Full Furnish (Meja Kursi, Temp...",2250000000.0,3.0,2.0,127.0,220.0,2026-03-15,Blimbing
"Dieng, Malang",RUMAH jual dijual  Alam dieng residence  Dijual secepatnya rumah 1 lantai bagus harga sangat terjangkau  MALANG DIENG,550000000.0,2.0,1.0,76.0,60.0,2026-03-15,Sukun
"Lowokwaru, Malang","Dijual Rumah di Perumahan Merjosari, Lowokwaru - Kota Malang Dekat UIN Malang & Thursina IIBS Spesifikasi: Legalitas: SHM Jumlah Lantai: 2 lantai L...",750000000.0,3.0,2.0,88.0,120.0,2026-03-15,Lowokwaru
"Dieng, Malang",Rumah minimalis Bangunan terawat Dekat Universitas Merdeka Dekat Mall (noor_yoh),800000000.0,2.0,2.0,98.0,120.0,2026-03-15,Sukun
"Klojen, Malang",Rumah Luas Strategis Cocok Untuk Usaha Daerah Gunung - Gunung  Lokasi strategis dan masih ada halaman belakang   Lokasi dekat ke - Pasar oro2 dowo ...,12500000000.0,5.0,3.0,647.0,300.0,2026-03-15,Klojen
"Lowokwaru, Malang",Rumah hunian di komplek perumahan Lowokwaru menawarkan kenyamanan dan kemudahan akses di Kota Malang. Properti ini cocok bagi Anda yang mencari hun...,3600000000.0,3.0,2.0,236.0,200.0,2026-03-15,Lowokwaru
"Araya, Malang","Strategis Untuk Usaha Beli Rumah Bonus Piano   Dijual Rumah Modern Full Furnished Selangkah ke Indomaret Bisa Buat Tempat Usaha di Araya, Malang  L...",2500000000.0,3.0,2.0,105.0,200.0,2026-03-15,Blimbing
"Sawojajar, Malang","DIJUAL - RUMAH BARU 2 LANTAI SIAP HUNI   Jl. Selat Sunda, Sawojajar 1 - Kota Malang  Rumah baru dengan ukuran besar, cocok untuk hunian keluarga be...",2600000000.0,7.0,5.0,180.0,250.0,2026-03-15,Blimbing
"Blimbing, Malang","RUMAH BAGUS MODERN + PERABOT SIAP HUNI DEKAT KAMPUS UB, POLINEMA, POLTEK, SUHAT KOTA MALANG  Jual Rumah JL IKAN PIRANHA - Malang LT 90 LB 80 KT 2 K...",500000000.0,2.0,2.0,90.0,80.0,2026-03-15,Blimbing
"Lowokwaru, Malang","Rumah Siap Huni hanya 5 menit dari Dinoyo Malang Kota  Lokasi : Tlogomas, Kec. Lowokwaru, Kota Malang -Hanya 5 menit ke Kampus UNISMA -10 menit ke ...",660000000.0,2.0,2.0,78.0,55.0,2026-03-15,Lowokwaru
"Kedungkandang, Malang","Kesempatan terbatas buat Anda dapatkan rumah nyaman dengan return investasi tinggi di Kedungkandang, Malang.  Rumah ini menawarkan kelengkapan fasi...",375000000.0,2.0,1.0,71.0,41.0,2026-03-15,Kedungkandang
"Araya, Malang",DIJUAL RUMAH MODERN SIAP HUNI DEKAT ARAYA MALANG  Rumah baru selesai dibangun di Oktober 2025.    1.5 Lantai LT : 301 M² Dimensi 15m x 20m LB : 28...,3300000000.0,4.0,4.0,301.0,280.0,2026-03-15,Blimbing
"Araya, Malang",Dijual rumah mewah dalam perumahan elit dengan sistem cluster di kawasan Kota Malang. Berada di posisi hook dengan dua arah hadap (Timur dan Utara)...,7500000000.0,5.0,5.0,328.0,500.0,2026-03-15,Blimbing
"Lowokwaru, Malang","Rumah Dijual Malang FILTER AIR, CARPORT, SUMUR, WATER HEATER, DEKAT DENGAN TAMAN, FREE PERABOTAN. MEMILIKI IMD",680000000.0,2.0,1.0,88.0,45.0,2026-03-15,Lowokwaru
"Klojen, Malang","Rumah Dijual Malang DIJUAL RUMAH BELANDA JALAN BESAR IJEN BOULEVARD lingkungan elit pusat kota Malang
 LT 1.222 m2
 LB 600 m2
 Hadap Barat
 SHM
 Ro...",50000000000.0,3.0,3.0,1222.0,600.0,2026-03-15,Klojen
"Lowokwaru, Malang","Properti dengan rooftop panoramic view di dalam kota adalah kategori langka.  Green Tombro Residence II menghadirkan rumah 2,5 lantai dengan fleksi...",898000000.0,3.0,2.0,72.0,92.0,2026-03-15,Lowokwaru
"Lowokwaru, Malang",RUMAH jual dijual perumahan graha tlogomas  Dijual cepat rumah cantik & bagus 2 lantai lokasi sangat startegis harga terjangkau MALANG LOWOKWARU,1000000000.0,5.0,2.0,150.0,130.0,2026-03-15,Lowokwaru
"Lowokwaru, Malang",Hunian Eksklusif Tengah Kota Malang - Selangkah ke Pusat Bisnis Soekarno Hatta  Miliki hunian siap huni di lokasi paling strategis dan diminati di ...,2100000000.0,3.0,2.0,170.0,115.0,2026-03-15,Lowokwaru
"Lowokwaru, Malang",RUMAH jual dijual perumahan D''Saphire residence   Dijual cepat rumah 2 lantai cantik & bagus modern harga terjangkau MALANG LOWOKWARU,1500000000.0,2.0,1.0,84.0,120.0,2026-03-15,Lowokwaru
"Sawojajar, Malang","Rumah Dijual Malang LT/ LB : 463 / +- 600
 Dimensi : 14 x 33
 KT/KM : 5+1 / 2
 SHM
 Listrik/ Air : 2200/ Sumur
 Hadap TIMUR
 2 Lantai
 GARASI 2 (De...",6000000000.0,10.0,4.0,843.0,980.0,2026-03-15,Blimbing
"Kedungkandang, Malang","Kesempatan terbatas buat Anda dapatkan rumah nyaman dengan return investasi tinggi di Kedungkandang, Malang.  Rumah ini menawarkan kelengkapan fasi...",350000000.0,2.0,1.0,70.0,40.0,2026-03-15,Kedungkandang
"Sawojajar, Malang","Rumah Dijual Malang DIJUAL RUMAH SIAP HUNI DI JL SELAT SUNDA, LESANPURO, KEDUNGKANDANG, SAWOJAJAR, MALANG 
 
  jl Selat Sunda II 
 Sawojajar Malang...",800000000.0,3.0,2.0,120.0,100.0,2026-03-15,Blimbing
"Sukun, Malang","Rumah Dijual Malang • LB 70 LT 91
 • rumah hook + pintu samping
 • lantai granit 60x60 
 • 2 KT (uk 3x4 dan 3x3)
 • 1 KM + water heater
 ...",590000000.0,2.0,1.0,91.0,70.0,2026-03-15,Sukun
"Kedungkandang, Malang","Rumah Dijual Malang Dijual Cepat
 Harga dibawah Harga Pasaran
 Perumahan Grand Hannan
 Depan GOR Ken Arok Buring
 2,5 Lantai
 One Gate
 CCTV 24 Jam...",1200000000.0,3.0,2.0,105.0,230.0,2026-03-15,Kedungkandang
"Araya, Malang","FOR SALE!!! Rumah Mewah dengan kondisi Bagus dan terawat. Terletak di Cluster Ixora Valley, Araya Malang. Dijual dengan kondisi Fully Furnished len...",3470000000.0,4.0,3.0,200.0,227.0,2026-03-15,Blimbing
"Dieng, Malang","Rumah minimalis ini sangat nyaman untuk tempat tinggal,lingkungan yang terawat,aman,terstruktur serta dilengkapi berbagai fasilitas club house,sepe...",2500000000.0,3.0,1.0,139.0,110.0,2026-03-15,Sukun
"Lowokwaru, Malang","Rumah 1 Lantai Semi Furnished Siap Huni Lokasi Dekat Kampus UB, Polinema, UMM, ABM, Kawasan Kuliner Soehat, Akses Mudah ke Kota Batu Cocok untuk Ru...",950000000.0,2.0,1.0,93.0,80.0,2026-03-15,Lowokwaru
"Dieng, Malang",Hunian Elit di Kawasan Puncak Dieng - Keseimbangan Kenyamanan dan Prestise  Miliki hunian di salah satu kawasan paling eksklusif di Kota Malang. Ru...,2500000000.0,4.0,3.0,240.0,124.0,2026-03-15,Sukun
"Araya, Malang","Dijual Rumah Desain Natural Alami & Asri di Perumahan Elite Araya, Blimbing Malang Semi Furnished  LT 424m LB 550m KT 5+1 KM 3+1 2 Lantai Garasi 2 ...",3800000000.0,5.0,3.0,424.0,550.0,2026-03-15,Blimbing
"Blimbing, Malang","Rumah For Sell Malang RUMAH MEWAH DI PERUM RIVERSIDE, Polowijen, Kec. Blimbing, Kota Malang
 
 Harga 13,5 M (NEGO)
 PERUM RIVERSIDE, MALANG.
 BANGU...",13500000000.0,4.0,4.0,525.0,1300.0,2026-03-15,Blimbing
"Araya, Malang","Rumah For Sell Malang RUMAH 2 LANTAI 360 M2 DI JL BLIMBING INDAH MEGAH, ARAYA, MALANG // TBDO 05
 
 Spesifikasi Properti : 
 
 Harga : Rp. ... 7,5 ...",7500000000.0,7.0,5.0,360.0,600.0,2026-03-15,Blimbing
"Araya, Malang","Rumah For Sell Malang Rumah Hook 2,5 Lantai LT 342 m2 di Raya Nieuw Indie Araya, Pandanwangi, Kec. Blimbing, Kota Malang
 
 Harga 8.5 M nego
 Alama...",8500000000.0,4.0,5.0,342.0,500.0,2026-03-15,Blimbing
"Araya, Malang","Rumah For Sell Malang Rumah 2 Lantai LT 480 m2 + Kolam Renang di Ixora Valley Araya, Dekat Ulesari, Tirtomoyo, Kec. Pakis, Kabupaten Malang
 
 Harg...",10000000000.0,4.0,3.0,480.0,372.0,2026-03-15,Blimbing
"Klojen, Malang","Rumah For Sell Malang RUMAH ANTIK DI JL HASANUDIN, SAMAAN, KEC KLOJEN, KOTA MALANG
 
 Harga : Rp. 1299500xxxxNego Tipis)*
 
 Di Jual Rumah Hunian y...",12900000000.0,10.0,4.0,822.0,500.0,2026-03-15,Klojen
"Lowokwaru, Malang","Rumah For Sell Malang Rumah 3 Lantai LT. 401 m2 di Jl. Dewandaru Dlm. Timur, Jatimulyo, Kec. Lowokwaru, Kota Malang
 
 Harga : Rp 6.500.000.000
 De...",6500000000.0,5.0,5.0,401.0,650.0,2026-03-15,Lowokwaru
"Dieng, Malang",Hunian Eksklusif di Kawasan Puncak Dieng - Investasi dan Hunian Ideal  Miliki hunian di salah satu kawasan paling prestisius dan asri di Kota Malan...,990000000.0,3.0,2.0,98.0,60.0,2026-03-15,Sukun
"Lowokwaru, Malang",Di Jual Rumah Minimalis Modern Siap Huni Sangat Terawat Furnished Selangkah dari Suhat Lowokwaru Malang*  Selling Point: - Selangkah dari SUHAT - D...,1100000000.0,2.0,1.0,97.0,63.0,2026-03-15,Lowokwaru
"Dieng Tidar, Malang","Rumah Mewah 2 Lantai di Malang Kota, Dekat Kampus, Elpico - Halaman Luas, SHM  Rumah ini memiliki halaman yang luas, cocok untuk taman, area bermai...",11000000000.0,5.0,3.0,975.0,600.0,2026-03-15,Sukun
"Dieng, Malang","Rumah Jual Dalam Perumahan Kawasan Dieng Akses Tengah Kota Mudah, Suasana Tenang dan Nyaman Dekat Kampus UNMER, Cyber Mall  Spesifikasi : Sertifika...",1400000000.0,3.0,2.0,100.0,70.0,2026-03-15,Sukun
"Lowokwaru, Malang","Rumah dekat UB dan Polinema, dekat RS UB kamar tidur banyak LT 110 m2 LB 180 m2 tingkat 2 hadap timur laut kamar tidur 5 kamar mandi 4 listrik 2200...",1500000000.0,5.0,4.0,110.0,180.0,2026-03-15,Lowokwaru
"Lowokwaru, Malang","Rumah 2 Lantai Fully Furnished Siap Huni Dekat Ke Pusat Perkopian Sudimoro, Pusat Kuliner Soekarno Hatta, Kampus ASIA, Polinema, UB, ABM, Rumah Sak...",990000000.0,3.0,2.0,75.0,140.0,2026-03-15,Lowokwaru
"Lowokwaru, Malang",Rumah Dijual Malang,2500000000.0,5.0,4.0,194.0,220.0,2026-03-15,Lowokwaru
"Lowokwaru, Malang","Rumah Jual Area Lowokwaru Suasana Tenang dan Nyaman Dekat ke Pasar Tawangmangu, Jalan Kembar Bungur Melati, Indomaret, SDN 4 Lowokwaru   Spesifikas...",600000000.0,3.0,2.0,114.0,88.0,2026-03-15,Lowokwaru
"Lowokwaru, Malang","Rumah 2 Lantai Fully Furnished Siap Huni Dekat Ke Pusat Perkopian Sudimoro, Pusat Kuliner Soekarno Hatta, Kampus ASIA, Polinema, UB, ABM, Rumah Sak...",1100000000.0,3.0,2.0,75.0,140.0,2026-03-15,Lowokwaru
"Blimbing, Malang","(DN2530) Untuk Katalog Properti Lengkap, Bisa Diakses Langsung Melalui Link Berikut ********  - Lingkungan Aman Dan Nyaman, Berlokasi Di Private Cl...",650000000.0,2.0,1.0,77.0,45.0,2026-03-15,Blimbing
"Sukun, Malang","(DN2389) Untuk Katalog Properti Lengkap, Bisa Diakses Langsung Melalui Link Berikut ********  Row Jalan 2 Mobil Simpangan Lancar Bangunan Baru Sele...",3500000000.0,4.0,3.0,200.0,180.0,2026-03-15,Sukun
"Dieng, Malang","(DN2578) Untuk Katalog Properti Lengkap, Bisa Diakses Langsung Melalui Link Berikut ********  Selangkah Ke Universitas Merdeka 7 Menit Ke MOG Rumah...",530000000.0,2.0,1.0,72.0,45.0,2026-03-15,Sukun
"Sawojajar, Malang","(DN2383) Untuk Katalog Properti Lengkap, Bisa Diakses Langsung Melalui Link Berikut ********  ( Siap Serah Terima Unit Akhir November 2025)  Luas T...",975000000.0,3.0,2.0,102.0,90.0,2026-03-15,Blimbing
"Araya, Malang","(DN2403)  Untuk Katalog Properti Lengkap, Bisa Diakses Langsung Melalui Link Berikut ********  - Hanya 3 Menit Ke Araya Club House - ⁠Terima Kond...",3100000000.0,5.0,5.0,200.0,260.0,2026-03-15,Blimbing
"Araya, Malang","(DN2401) Untuk Katalog Properti Lengkap, Bisa Diakses Langsung Melalui Link Berikut ********   [INDENT BANGUN 6 BULAN]  - lokasi hanya 5 menit ke A...",3300000000.0,5.0,4.0,180.0,200.0,2026-03-15,Blimbing
"Sukun, Malang","(DN2542) Untuk Katalog Properti Lengkap, Bisa Diakses Langsung Melalui Link Berikut ********  - Dekat Dengan Club House Istana Dieng - Bangunan Rum...",9500000000.0,7.0,5.0,486.0,450.0,2026-03-15,Sukun
"Araya, Malang","(DN2402) Untuk Katalog Properti Lengkap, Bisa Diakses Langsung Melalui Link Berikut ********  [INDENT BANGUN 12 BULAN] - Terima Kondisi Finishing 1...",3100000000.0,4.0,3.0,200.0,240.0,2026-03-15,Blimbing
"Araya, Malang","(DN2434) Untuk Katalog Properti Lengkap, Bisa Diakses Langsung Melalui Link Berikut ********  - One Gate System Cluster - Jalan Kembar ROW 20 Meter...",3900000000.0,4.0,3.0,300.0,251.0,2026-03-15,Blimbing
"Klojen, Malang","(DN2384)  Untuk Katalog Properti Lengkap, Bisa Diakses Langsung Melalui Link Berikut ********   - Lokasi Strategis Tengah Kota, Cocok Dijadikan Rua...",6500000000.0,5.0,4.0,430.0,510.0,2026-03-15,Klojen
"Araya, Malang","(DN2517) Untuk Katalog Properti Lengkap, Bisa Diakses Langsung Melalui Link Berikut ********  * Kondisi Bangunan Baru Gress Dan Siap Huni * ⁠Bera...",3800000000.0,6.0,6.0,200.0,300.0,2026-03-15,Blimbing
"Sawojajar, Malang","(DN2538) Untuk Katalog Properti Lengkap, Bisa Diakses Langsung Melalui Link Berikut ********  - Dekat Exit Tol Malang - Dekat Banyak Sekolah Unggul...",1700000000.0,3.0,1.0,138.0,77.0,2026-03-15,Blimbing
"Lowokwaru, Malang","(DN2413) Untuk Katalog Properti Lengkap, Bisa Diakses Langsung Melalui Link Berikut ********  Lokasi Strategis - Akses Mudah - Lingkungan Sangat Ny...",1370000000.0,3.0,3.0,98.0,100.0,2026-03-15,Lowokwaru
"Kedungkandang, Malang","(DN2540) Untuk Katalog Properti Lengkap, Bisa Diakses Langsung Melalui Link Berikut ********  - ⁠One Gate System - ⁠CCTV 24jam - ⁠Dekat Exit ...",675000000.0,3.0,2.0,72.0,84.0,2026-03-15,Kedungkandang
"Sawojajar, Malang","(DN2539) Untuk Katalog Properti Lengkap, Bisa Diakses Langsung Melalui Link Berikut ********  - Dekat Exit Tol Malang - Dekat Banyak Sekolah Unggul...",1550000000.0,2.0,2.0,90.0,95.0,2026-03-15,Blimbing
"Araya, Malang","(Progress Bangun, +/- September 2026 Rumah Jadi)  (DN2359) Untuk Katalog Properti Lengkap, Bisa Diakses Langsung Melalui Link Berikut ********  Lua...",3300000000.0,4.0,3.0,200.0,242.0,2026-03-15,Blimbing
"Sukun, Malang","(DN2258) Untuk Katalog Properti Lengkap, Bisa Diakses Langsung Melalui Link Berikut ********  Kolam Renang 4 X 9.6 M CCTV 8 Titik Genzet Ready Paga...",13500000000.0,7.0,7.0,446.0,500.0,2026-03-15,Sukun
"Blimbing, Malang","(DN2254) Untuk Katalog Properti Lengkap, Bisa Diakses Langsung Melalui Link Berikut ********  Row Jalan Lebar Cukup 3 Mobil Lingkungan Yang Aman,Te...",875000000.0,3.0,2.0,74.0,110.0,2026-03-15,Blimbing
"Kedungkandang, Malang","Kesempatan terbatas buat Anda dapatkan rumah strategis dengan return investasi tinggi di Kedungkandang, Malang.  Rumah ini menawarkan lokasi yang s...",350000000.0,2.0,1.0,71.0,41.0,2026-03-15,Kedungkandang
"Kedungkandang, Malang","Rumah 1 lantai di Kedungkandang, Malang.  Dijual rumah di wilayah yang tenang dengan pemandangan Lokasi dipusat kota. Properti 1 lantai ini berada ...",375000000.0,2.0,1.0,71.0,41.0,2026-03-15,Kedungkandang
"Sukun, Malang","(DN2228)  Untuk Katalog Properti Lengkap, Bisa Diakses Langsung Melalui Link Berikut ********  Progres Bangun Serah Terima Kunci Oktober 2025  Spes...",1350000000.0,3.0,3.0,80.0,136.0,2026-03-15,Sukun
"Araya, Malang","(DN2223) Untuk Katalog Properti Lengkap, Bisa Diakses Langsung Melalui Link Berikut ********  - Lokasi Strategis Untuk Digunakan Bisnis Resto, Cafe...",2950000000.0,9.0,6.0,314.0,250.0,2026-03-15,Blimbing
"Sawojajar, Malang","Rumah Dijual Malang RUMAH FULL FURNISH SIAP HUNI DI BUKIT INDAH PERMAI, CEMOROKANDANG, KEC KEDUNGKANDANG, KOTA MALANG     
 
 Spesifikasi Properti ...",950000000.0,2.0,2.0,112.0,54.0,2026-03-15,Blimbing
"Kedungkandang, Malang","(DN2416)  Untuk Katalog Properti Lengkap, Bisa Diakses Langsung Melalui Link Berikut ********  Udah Sold 80%, Kawasan Udah Jadi, Fasilitas Lengkap ...",445000000.0,2.0,1.0,60.0,36.0,2026-03-15,Kedungkandang
"Kedungkandang, Malang","Dijual Rumah dalam Perumahan Oma View Hunian Asri One Gate System, Suasana Sejuk dan Nyaman Kota Malang. Lokasi nyaman, berada di dataran tinggi Ma...",350000000.0,3.0,1.0,72.0,30.0,2026-03-15,Kedungkandang
"Araya, Malang","Kesempatan terbatas buat Anda dapatkan rumah nyaman dengan return investasi tinggi di Araya, Malang.  Rumah ini menawarkan lokasi yang strategis se...",1800000000.0,3.0,2.0,227.0,120.0,2026-03-15,Blimbing
"Klojen, Malang","(DN1308) Untuk Katalog Properti Lengkap, Bisa Diakses Langsung Melalui Link Berikut ********  Posisi Hook, Semi Furnished Bangunan Masih Kokoh 3 Me...",6000000000.0,6.0,4.0,499.0,350.0,2026-03-15,Klojen
"Blimbing, Malang",RUMAH jual dijual  jalan teluk etna  Dijual cepat Rumah teluk etna rumah cantik dan Bagus Siap Huni MALANG BLIMBING,2700000000.0,5.0,5.0,300.0,250.0,2026-03-15,Blimbing
"Lowokwaru, Malang","Dijual Rumah Dekat Kampus UB, Polinema, UMM, Dekat Kuliner Suhat, Dekat Perkopian Suhat, Lingkungan Aman dan Nyaman Kota Malang  Spesifikasi ; Sert...",350000000.0,2.0,1.0,67.0,37.0,2026-03-15,Lowokwaru
"Lowokwaru, Malang","Dijual rumah hunian di kawasan Perumahan Elit Permata Jingga. Lingkungan perumahan sangat aman, nyaman, tenang, keamanan dengan sistem One Gate dan...",1900000000.0,3.0,2.0,153.0,110.0,2026-03-15,Lowokwaru
"Kedungkandang, Malang","Rumah 1 lantai di Kedungkandang, Malang.  Dijual rumah di wilayah yang nyaman dengan pemandangan Lokasi dipusat kota. Properti 1 lantai ini berada ...",375000000.0,2.0,1.0,71.0,41.0,2026-03-15,Kedungkandang
"Kedungkandang, Malang","Rumah 1 lantai di Kedungkandang, Malang.  Dijual rumah di wilayah yang tenang dengan pemandangan Lokasi dipusat kota. Properti 1 lantai ini berada ...",375000000.0,2.0,1.0,70.0,40.0,2026-03-15,Kedungkandang
"Kedungkandang, Malang","Rumah di Kedungkandang.  Cek segera rumah 1 lantai yang asri ini,  dijual dengan pemandangan indah yang menambah nilai estetika di lingkungan hunia...",300000000.0,2.0,1.0,58.0,36.0,2026-03-15,Kedungkandang
"Kedungkandang, Malang","Rumah Jual Bangunan Baru Finishing Sebagian Lokasi Dalam Perumahan  View Perkotaan dan Pegunungan, Hawa Sejuk, Tenang Dekat Exit Tol Malang, Velodr...",700000000.0,3.0,3.0,200.0,160.0,2026-03-15,Kedungkandang
"Kedungkandang, Malang","Rumah Jual Bangunan Baru Finishing Sebagian Lokasi Dalam Perumahan  View Perkotaan dan Pegunungan, Hawa Sejuk, Tenang Dekat Exit Tol Malang, Velodr...",700000000.0,3.0,3.0,200.0,160.0,2026-03-15,Kedungkandang
"Kedungkandang, Malang","Rumah Jual Bangunan Baru Finishing Sebagian Lokasi Dalam Perumahan  View Perkotaan dan Pegunungan, Hawa Sejuk, Tenang Dekat Exit Tol Malang, Velodr...",700000000.0,3.0,3.0,200.0,160.0,2026-03-15,Kedungkandang
"Klojen, Malang","(DN2356) Untuk Katalog Properti Lengkap, Bisa Diakses Langsung Melalui Link Berikut ********  - Lokasi Strategis Di Tengah Kota Malang - ⁠1 Menit...",4700000000.0,5.0,5.0,469.0,600.0,2026-03-15,Klojen
"Kedungkandang, Malang","(DN2414) Untuk Katalog Properti Lengkap, Bisa Diakses Langsung Melalui Link Berikut ********  - Tropical Home With Bali Vibes - Terima Kondisi Fini...",650000000.0,2.0,2.0,69.0,72.0,2026-03-15,Kedungkandang
"Araya, Malang","(DN2496) Untuk Katalog Properti Lengkap, Bisa Diakses Langsung Melalui Link Berikut ********  Lokasi Premium Kawasan Araya Lingkungan Eksklusif Dan...",10000000000.0,5.0,4.0,480.0,372.0,2026-03-15,Blimbing
"Klojen, Malang","(DN2447) Untuk Katalog Properti Lengkap, Bisa Diakses Langsung Melalui Link Berikut ********  - Lokasi Strategis Di Tengah Kota Malang - ⁠Hanya 1...",8000000000.0,6.0,5.0,427.0,350.0,2026-03-15,Klojen
"Araya, Malang","(DN2398)  Untuk Katalog Properti Lengkap, Bisa Diakses Langsung Melalui Link Berikut ********  - Lokasi Hanya 3 Menit Ke Araya Club House - ⁠Dena...",3300000000.0,5.0,4.0,200.0,251.0,2026-03-15,Blimbing
"Lowokwaru, Malang","(DN2469) Untuk Katalog Properti Lengkap, Bisa Diakses Langsung Melalui Link Berikut ********  - Lokasi Strategis Hanya 2 Menit Ke Poros Jalan Raya ...",2700000000.0,5.0,3.0,246.0,200.0,2026-03-15,Lowokwaru
"Klojen, Malang","(DN2426) Untuk Katalog Properti Lengkap, Bisa Diakses Langsung Melalui Link Berikut ********  -Selangkah Ke MOG -Selangkah Ke Stadion Gajayana Mala...",19900000000.0,10.0,3.0,590.0,400.0,2026-03-15,Klojen
"Blimbing, Malang","(DN2451) Untuk Katalog Properti Lengkap, Bisa Diakses Langsung Melalui Link Berikut ********  - Lokasi Sangat Dekat Perumahan PBI Araya - Selangkah...",3300000000.0,5.0,4.0,301.0,285.0,2026-03-15,Blimbing
"Dieng, Malang",RUMAH jual dijual Bukit dieng permai  Dijual cepat rumah 1 lantai cantik & bagus harga terjangkau MALANG DIENG,2500000000.0,3.0,2.0,300.0,162.0,2026-03-15,Sukun
"Kedungkandang, Malang","FOR SALE‼️‼️‼️‼️‼️ Rumah Minimalis Kota Malang Dalam Perumahan Puri Cempaka Putih, Harga menarik under 400 juta. terletak di lo...",395000000.0,2.0,1.0,60.0,69.0,2026-03-15,Kedungkandang
"Araya, Malang","(DN2472) Untuk Katalog Properti Lengkap, Bisa Diakses Langsung Melalui Link Berikut ********  - Lokasi Strategis Untuk Digunakan Bisnis Resto, Cafe...",2500000000.0,9.0,6.0,314.0,250.0,2026-03-15,Blimbing
"Araya, Malang","(DN2484) Untuk Katalog Properti Lengkap, Bisa Diakses Langsung Melalui Link Berikut ********  (Harga Di Bawah Pricelist Developer, Unit READY STOCK...",1390000000.0,2.0,1.0,90.0,64.0,2026-03-15,Blimbing
"Klojen, Malang","(DN2385) Untuk Katalog Properti Lengkap, Bisa Diakses Langsung Melalui Link Berikut ********  - Lokasi Strategis Di Pusat Kota Malang (Area Jalan G...",8000000000.0,6.0,5.0,427.0,350.0,2026-03-15,Klojen
"Dieng, Malang","Rumah Dijual Malang Dijual Rumah Megah Hook Siap Huni Dieng Malang
 LT 330 LB 360
 KT 4     KM 4
 Dimensi 16,5 X 20
 SHM
 Listrik 4400 Watt
 Air PD...",4500000000.0,4.0,4.0,330.0,350.0,2026-03-15,Sukun
"Araya, Malang","(DN2151) Untuk Katalog Properti Lengkap, Bisa Diakses Langsung Melalui Link Berikut ********  - Hanya 3 Menit Ke Persada Hospital Dan Plaza Araya -...",1400000000.0,4.0,1.0,136.0,70.0,2026-03-15,Blimbing
"Araya, Malang",DIJUAL CEPAT  Rumah Konsep Landed Apartment M-House The Araya Malang  * ⁠1 menit ke kampus Binus * ⁠dekat bandara Abd Saleh * ⁠5 menit ke pin...,445000000.0,2.0,2.0,13.0,27.0,2026-03-15,Blimbing
"Dieng, Malang",Spesifikasi Utama Properti:    - Kamar Tidur: 5   - Kamar Mandi: 2   - Sertifikat: SHM   - Daya Listrik: 3500 W   - Orientasi: Timur   - Kondisi Pe...,3750000000.0,5.0,2.0,450.0,300.0,2026-03-15,Sukun
"Sukun, Malang",Detail Properti ini adalah:    - Kamar Tidur: 5   - Kamar Mandi: 3   - Sertifikat: SHM - Sertifikat Hak Milik   - Daya Listrik: 30500 watt   - Arah...,14500000000.0,5.0,3.0,1346.0,1000.0,2026-03-15,Sukun
"Lowokwaru, Malang",Rumah 4 Kamar Siap Huni Daerah Universitas di Bunga-Bunga   Spesifikasi Utama:    - Kamar Tidur: 4   - Kamar Mandi: 2   - Sertifikat: SHM - Sertifi...,5000000000.0,4.0,2.0,338.0,275.0,2026-03-15,Lowokwaru
"Lowokwaru, Malang","Rumah Jual Area Lowokwaru Suasana Tenang dan Nyaman Dekat ke Pasar Tawangmangu, Jalan Kembar Bungur Melati, Indomaret, SDN 4 Lowokwaru   Spesifikas...",600000000.0,3.0,2.0,114.0,88.0,2026-03-15,Lowokwaru
"Lowokwaru, Malang","Rumah Jual Area Lowokwaru Suasana Tenang dan Nyaman Dekat ke Pasar Tawangmangu, Jalan Kembar Bungur Melati, Indomaret, SDN 4 Lowokwaru   Spesifikas...",600000000.0,3.0,2.0,114.0,88.0,2026-03-15,Lowokwaru
"Blimbing, Malang","Rumah bergaya minimalist modern di Blimbing.  Miliki rumah (Ex usaha konveksi) 2 lantai yang asri ini,  berada di wilayah strategis serta menawarka...",2000000000.0,4.0,4.0,202.0,400.0,2026-03-15,Blimbing
"Klojen, Malang","Rumah DIJUAL di perum elit tengah Kota Malang Ijen Nirwana Residence, dekat MOG, pusat bisnis Kawi, Raya Langsep. Bangunan super terawat
 
 Spesifi...",3850000000.0,4.0,3.0,228.0,220.0,2026-03-15,Klojen
"Lowokwaru, Malang","Rumah Jual Area Lowokwaru Suasana Tenang dan Nyaman Dekat ke Pasar Tawangmangu, Jalan Kembar Bungur Melati, Indomaret, SDN 4 Lowokwaru   Spesifikas...",600000000.0,3.0,2.0,114.0,88.0,2026-03-15,Lowokwaru
"Araya, Malang","*TURUN HARGA BANYAK ‼️  # Dijual Rumah Mewah Sangat Terawat di Araya Boulevard, Blimbing Malang #  * Rangka atap baja * Rank kayu jati * Genten...",5800000000.0,3.0,3.0,400.0,340.0,2026-03-15,Blimbing
"Blimbing, Malang","LT: 153m2 (9x17) LB: 98m2 Sertifikat Hak Milik (SHM) KT: 3 KM: 2 Listrik: 2300 watt Hadap: Barat Carport 1 Mobil  Harga TURUN JADI Rp. 1,3 M - Nego...",1300000000.0,3.0,2.0,153.0,98.0,2026-03-15,Blimbing
"Araya, Malang","Rumah bergaya american classic di Araya.  Miliki rumah 2 lantai yang nyaman ini,  dijual dengan pemandangan permukiman warga yang menambah nilai es...",2300000000.0,4.0,3.0,210.0,350.0,2026-03-15,Blimbing
"Araya, Malang",Rumah Minimalis 2 Lantai Siap Huni di Greenwood Golf Malang  Spesifikasi Utama Properti:    - Kamar Tidur: 3   - Kamar Mandi: 2   - Sertifikat: SHM...,4200000000.0,3.0,2.0,240.0,200.0,2026-03-15,Blimbing
"Araya, Malang","Dijual Rumah Minimalis Terawat & Siap Huni di Perumahan Araya, Malang  LT 135 m LB 100 m KT 3+1 KM 1+1 Listrik 1300 watt Air PDAM Sertifikat SHM Ha...",975000000.0,3.0,1.0,135.0,100.0,2026-03-15,Blimbing
"Blimbing, Malang","Cari hunian nyaman dan strategis di kawasan elit Kota Malang? Rumah ini berada dalam perumahan prestisius Araya, dengan keamanan 24 jam dan sistem ...",1450000000.0,3.0,2.0,170.0,120.0,2026-03-15,Blimbing
"Kedungkandang, Malang","DIJUAL Rumah dalam Perumahan Elit dengan Berbagai Fasilitas Kemanan 24 Jam, View Indah Gunung, Hawa Sejuk Pegunungan Akses Mudah Kota Malang  Spesi...",3000000000.0,4.0,3.0,247.0,300.0,2026-03-15,Kedungkandang
"Sawojajar, Malang","Rumah Jual Area Sawojajar Selangkah ke SMPN 21, Jalan Aspal Lebar Lokasi Dekat Kuliner Danau Sentani dan Danau Bratan, Velodrom, Exit Tol Malang Ko...",1000000000.0,4.0,2.0,162.0,100.0,2026-03-15,Blimbing
"Merjosari, Malang","Rumah DIJUAL Kondisi Bagus Terawat Masih Masuk Kota Malang. Dekat Perumahan Graha Dewata, VBT, Joyogrand. Dekat Cafe-Cafe Seperti Sontoloyo, Coklat...",520000000.0,3.0,1.0,68.0,48.0,2026-03-15,Lowokwaru
"Lowokwaru, Malang","RUMAH CANTIK 2 LANTAI, 4 KT, SHM DI LOWOKWARU Jual Rumah GRAHA MULIA - Malang LT 86 LB 170 KT 4 KM 2 Dimensi 12 x 7 Listrik 5500 Rp 1.200.000.000  ...",1200000000.0,4.0,2.0,170.0,86.0,2026-03-15,Lowokwaru
"Lowokwaru, Malang","Dijual rumah potensial untuk usaha di kawasan strategis Candi Trowulan, Malang. Hunian ini menawarkan kenyamanan dan potensi bisnis yang menjanjika...",3200000000.0,3.0,2.0,225.0,150.0,2026-03-15,Lowokwaru
"Araya, Malang","*DIJUAL RUMAH DI ARAYA GOLF CLASSIC MODERN SIAP HUNI*  LT : 240 M²  LB : 400 M² 2,5 LANTAI KAMAR TIDUR 5 + 2 KAMAR MANDI 4 + 1 ROOFTOP  SHM  HADA...",2900000000.0,5.0,4.0,240.0,400.0,2026-03-15,Blimbing
"Dieng, Malang",Hunian nyaman Bangunan terawat Siap huni (pundi_iv),2600000000.0,7.0,4.0,250.0,220.0,2026-03-15,Sukun
"Lowokwaru, Malang","Rumah JUAL Akses ke Kampus Brawijaya, Polinema dan Kampus Ternama Lainnya. Row Jalan Lebar (2 Mobil) Dekat Kawasan Soehat, SMAN 7, Rumah Sakit, Kli...",795000000.0,2.0,2.0,74.0,54.0,2026-03-15,Lowokwaru
"Lowokwaru, Malang","Rumah Mewah Istimewa dengan Kamar Banyak di Joyogrand Malang  Rumah strategis padat penduduk, kawasan ramai, posisi hook dan siap huni. Kualitas ba...",1450000000.0,7.0,4.0,104.0,200.0,2026-03-15,Lowokwaru
"Madyopuro, Malang","Rumah di Madyopuro.  Temukan rumah 1 lantai yang nyaman ini,  dijual dengan pemandangan asri yang menambah nilai estetika di lingkungan hunian. Rum...",800000000.0,2.0,1.0,84.0,38.0,2026-03-15,Kedungkandang
"Merjosari, Malang",Dikelilingi berbagai fasilitas umum :       Rumah Sakit       Mall       Pasar Tradisional       ATM       Tempat Ibadah       ⚽️Sarana Olahrag...,3000000000.0,15.0,5.0,136.0,350.0,2026-03-15,Lowokwaru
"Araya, Malang","(DN2558) Untuk Katalog Properti Lengkap, Bisa Diakses Langsung Melalui Link Berikut ********  [INDENT BANGUN 6 BULAN]  - Hanya 3 Menit Ke Araya Gol...",2500000000.0,4.0,4.0,144.0,190.0,2026-03-15,Blimbing
"Lowokwaru, Malang","Dijual Rumah Terawat Baik Posisi Hook Hadap Taman Lokasi di Perumahan Griya Shanta, Lowokwaru Kota Malang  Selling Point : Unit menghadap taman lua...",2300000000.0,3.0,2.0,175.0,90.0,2026-03-15,Lowokwaru
"Araya, Malang","(DN2565) Untuk Katalog Properti Lengkap, Bisa Diakses Langsung Melalui Link Berikut ********  - Kondisi Rumah Baru (Belum Pernah Dihuni) - ⁠Front...",4900000000.0,4.0,4.0,240.0,300.0,2026-03-15,Blimbing
"Lowokwaru, Malang","(DN2215) Untuk Katalog Properti Lengkap, Bisa Diakses Langsung Melalui Link Berikut ********  7 Menit Ke Jalan Raya Soekarno Hatta Malang 2 Km Ke U...",1700000000.0,4.0,2.0,164.0,200.0,2026-03-15,Lowokwaru
"Klojen, Malang","(DN2189) Untuk Katalog Properti Lengkap, Bisa Diakses Langsung Melalui Link Berikut ********  Karya Arsitek Andy Rahman Ada Swimming Pool / Kolam R...",6500000000.0,5.0,4.0,436.0,700.0,2026-03-15,Klojen
"Blimbing, Malang","(DN2193) Untuk Katalog Properti Lengkap, Bisa Diakses Langsung Melalui Link Berikut ********  [Ready Stock] Tipe Efra Unit E-10  Harga 699.000.000 ...",699000000.0,2.0,1.0,75.0,50.0,2026-03-15,Blimbing
"Sukun, Malang","(DN2169) Untuk Katalog Properti Lengkap, Bisa Diakses Langsung Melalui Link Berikut ********  Rumahnya Paling Depan 3 Menit Ke Superindo Langsep 5 ...",2450000000.0,3.0,2.0,150.0,125.0,2026-03-15,Sukun
"Lowokwaru, Malang","(DN2583) Untuk Katalog Properti Lengkap, Bisa Diakses Langsung Melalui Link Berikut ********  (Ready Stok - Full Furnish)   Harga : 3.2 Miliyar (Ne...",3200000000.0,14.0,15.0,107.0,350.0,2026-03-15,Lowokwaru
"Blimbing, Malang",Kualitas Bangunan Terbaik Yang Dirancang Untuk Memenuhi Kebutuhan Anda Akan Hunian Nyaman Dan Mewah. Berlokasi Di Lingkungan Private Cluster Yang A...,1000000000.0,4.0,4.0,88.0,136.0,2026-03-15,Blimbing
"Sukun, Malang","(DN1739) Untuk Katalog Properti Lengkap, Bisa Diakses Langsung Melalui Link Berikut ********  Keamanan 24 Jam Dijaga TNI AL Akses Mudah, Dekat Deng...",3500000000.0,4.0,4.0,164.0,240.0,2026-03-15,Sukun
"Kedungkandang, Malang","(DN2137) Untuk Katalog Properti Lengkap, Bisa Diakses Langsung Melalui Link Berikut ********  - Kondisi Rumah Baru Dan Belum Pernah Dihuni - Space ...",1200000000.0,3.0,2.0,96.0,60.0,2026-03-15,Kedungkandang
"Araya, Malang","(DN2597) Untuk Katalog Properti Lengkap, Bisa Diakses Langsung Melalui Link Berikut ********  - Berada Di Posisi Hook - ⁠Kondisi Baik Dan Siap Hu...",2300000000.0,4.0,3.0,210.0,350.0,2026-03-15,Blimbing
"Lowokwaru, Malang","⚜️ Rumah Hunian Modern Tombro 2,5 Lantai ✨  Hunian eksklusif dengan desain modern elegan, lokasi strategis dekat pusat kota dan kampus ternam...",898000000.0,3.0,2.0,72.0,110.0,2026-03-15,Lowokwaru
"Lowokwaru, Malang","Rumah bergaya minimalist modern di Lowokwaru.  Miliki rumah 2 lantai yang nyaman ini,  dijual dengan pemandangan asri yang menambah nilai estetika ...",1600000000.0,10.0,10.0,78.0,130.0,2026-03-15,Lowokwaru
"Merjosari, Malang","Rumah 2 lantai di Merjosari, Malang.  For sale rumah di wilayah yang nyaman dengan pemandangan Lokasi dipusat kota. Properti 2 lantai ini berada di...",1100000000.0,10.0,10.0,75.0,140.0,2026-03-15,Lowokwaru
"Kedungkandang, Malang","(DN1683) Untuk Katalog Properti Lengkap, Bisa Diakses Langsung Melalui Link Berikut ********  Lokasi : Cluster The Peak Citra Garden City Malang   ...",2500000000.0,3.0,4.0,196.0,230.0,2026-03-15,Kedungkandang
"Blimbing, Malang","(DN1665) Untuk Katalog Properti Lengkap, Bisa Diakses Langsung Melalui Link Berikut ********  - Rumah Dalam Tahap Proses Finishing - Berada Di Ling...",950000000.0,3.0,2.0,72.0,75.0,2026-03-15,Blimbing
"Lowokwaru, Malang",*Dijual Cepat Rumah 1 Lantai dekat Raya Suhat di Perumahan Eksklusif Green Orchid Lowokwaru Kota Malang*   Spesfikasi :  -Legalitas : SHM  -Luas ta...,1300000000.0,2.0,1.0,90.0,50.0,2026-03-15,Lowokwaru
"Araya, Malang","Rumah di Araya.  Temukan rumah 2 lantai yang modern ini,  dijual dengan pemandangan indah yang menambah nilai estetika di lingkungan hunian. Rumah ...",2300000000.0,4.0,4.0,210.0,350.0,2026-03-15,Blimbing
"Lowokwaru, Malang","Dijual Rumah Modern Terawat Full Furnished di Greenland, Tidar, Kota Malang  ✅️ row jalan lebar, 2 mobil simpangan lancar ✅️ administratif ...",1750000000.0,3.0,2.0,144.0,110.0,2026-03-15,Lowokwaru
"Kedungkandang, Malang","Rumah Lokasi Jl. Ki Ageng Gribig, Madyopuro, Kec. Kedungkandang, Kota Malang, Jawa Timur (Jl. Raya Nol Jalan)  Sertifikat : SHM LT : 190 M2 (sktr 1...",1600000000.0,3.0,2.0,190.0,120.0,2026-03-15,Kedungkandang
"Blimbing, Malang","Dijual Rumah 2 Lantai Siap Huni di Pandanwangi, Kec. Blimbing, Kota Malang  Lokasi strategis di tengah Kota Malang, kawasan Pandanwangi - Blimbing....",750000000.0,3.0,3.0,74.0,120.0,2026-03-15,Blimbing
"Lowokwaru, Malang",RUMAH jual dijual  jalan ikan ikan  Dijual secepatnya rumah 1 lantai bagus harga sangat terjangkau  MALANG LOWOKWARU,750000000.0,3.0,2.0,75.0,84.0,2026-03-15,Lowokwaru
"Klojen, Malang","Rumah Dijual Malang Rumah besar terawat di daerah gunung-gunung
 rangka rumah dari kayu jati
 lokasi strategis dekat Gereja Ijen
 dekat pasar tradi...",22000000000.0,4.0,3.0,735.0,550.0,2026-03-15,Klojen
"Lowokwaru, Malang","RUMAH DIJUAL - Area Candi-Candi, Lowokwaru | Tengah Kota Malang   Properti strategis di kawasan favorit Lowokwaru, sangat potensial untuk hunian ma...",4000000000.0,3.0,2.0,506.0,420.0,2026-03-15,Lowokwaru
"Lowokwaru, Malang","(DN2345) Untuk Katalog Properti Lengkap, Bisa Diakses Langsung Melalui Link Berikut ********  • On Progress Bangun, Terima Jadi Siap Huni • Kon...",3990000000.0,18.0,19.0,152.0,390.0,2026-03-15,Lowokwaru
"Araya, Malang","Rumah mewah ini berlokasi tepat di seberang Club House Araya, Malang. Memilkki private gym dan private karaoke room",35000000000.0,16.0,12.0,2682.0,2009.0,2026-03-15,Blimbing
"Lowokwaru, Malang",*Dijual Rumah Baru Modern Semi Furnished Dekat Hua Ind di Ikan2 Lowokwaru Malang*  Lt. 68 Lb. 170 Lantai 3 Kamar tidur 4 Kamar mandi 3 Listrik 2200...,1100000000.0,4.0,3.0,68.0,170.0,2026-03-15,Lowokwaru
"Lowokwaru, Malang",Hunian Nyaman dengan Lokasi Paling Dicari di Pusat Kota Malang!  Dijual rumah tinggal siap huni kondisi terawat dengan suasana tenang dan asri di k...,600000000.0,3.0,2.0,114.0,88.0,2026-03-15,Lowokwaru
"Lowokwaru, Malang","RUMAH BESAR DIJUAL DI BLIMBING MALANG - DEKAT UB, KAMPUS & PASAR BLIMBING Kesempatan langka memiliki rumah besar di kawasan strategis Blimbing, Kot...",4000000000.0,5.0,4.0,303.0,370.0,2026-03-15,Lowokwaru
"Sawojajar, Malang","Rumah Jual Lokasi Strategis di Pusat Kuliner dan Bisnis, Traffic Ramai Akses Jalan Lebar (aspal) 3 mobil Dekat Velodrom, Exit Tol Malang Kota Cocok...",7000000000.0,3.0,3.0,469.0,469.0,2026-03-15,Blimbing
"Sukun, Malang",Rumah Bagus Lokasi Premium di Perumahan Istana Dieng Malang.  Kawasan elite di tengah kota Malang mudah diakses dan jalanan yang lebar.  Di lengkap...,3300000000.0,4.0,3.0,200.0,175.0,2026-03-15,Sukun
"Dieng, Malang","- Rumah 1,5 lantai - Daerah Dieng - Dekat UNMER - Dekat MCP & Cyber Mall - Row jalan lebar - Lingkungan aman dan tenang  Info lebih lanjut, hubungi...",2500000000.0,3.0,2.0,270.0,230.0,2026-03-15,Sukun
"Sawojajar, Malang","Rumah Jual Lokasi Strategis di Pusat Kuliner dan Bisnis, Traffic Ramai Akses Jalan Lebar (aspal) 3 mobil Dekat Velodrom, Exit Tol Malang Kota Cocok...",7000000000.0,3.0,3.0,469.0,469.0,2026-03-15,Blimbing
"Kedungkandang, Malang","Rumah Jual Lokasi Strategis di Pusat Kuliner dan Bisnis, Traffic Ramai Akses Jalan Lebar (aspal) 3 mobil Dekat Velodrom, Exit Tol Malang Kota Cocok...",7000000000.0,3.0,3.0,469.0,469.0,2026-03-15,Kedungkandang
"Kedungkandang, Malang","Rumah Jual Lokasi Strategis di Pusat Kuliner dan Bisnis, Traffic Ramai Akses Jalan Lebar (aspal) 3 mobil Dekat Velodrom, Exit Tol Malang Kota Cocok...",7000000000.0,3.0,3.0,469.0,469.0,2026-03-15,Kedungkandang
"Sawojajar, Malang",Promo Rumah 2 Lantai  American style dekat Sawojajar Kota Malang   Promo Hanya 300 Jutaan !!!  Lokasi Strategis :  Dekat Kampus UM 2  Dekat Kampus ...,319000000.0,2.0,2.0,72.0,50.0,2026-03-15,Blimbing
"Merjosari, Malang","Rumah Dijual Malang Ready Rumah Siap Huni
 One Gate System 
 Keamanan Handal
 Lingkungan Bersih
 Kamar Tidur 2
 Kamar Mandi 2
 PLN 1300
 AIR PAM
 G...",1200000000.0,2.0,2.0,162.0,88.0,2026-03-15,Lowokwaru
"Lowokwaru, Malang",‼️2 Menit dari Raya Suhat ‼️  *Dijual Rumah Minimalis Modern Full Perabot dekat UB dan Polinema Selangkah dari Raya Suhat Lowokwaru Kota Ma...,1100000000.0,2.0,1.0,97.0,63.0,2026-03-15,Lowokwaru
"Blimbing, Malang",RUMAH jual dijual Perumahan riverside grand zirconia   Dijual cepat rumah 1 ½ Lantai cantik & bagus harga sangat terjangkau MALANG BLIMBING,2000000000.0,3.0,3.0,200.0,120.0,2026-03-15,Blimbing
"Araya, Malang","BANGUNAN BAGUS 2 LANTAI DENGAN DESIGN MODERN MASUK KAWASAN ELITE ARAYA SUASANA ASRI, RINDANG DAN TENANG DEKAT POROS JALAN TERDAPAT GARASI DAN CARPO...",6500000000.0,6.0,5.0,375.0,560.0,2026-03-15,Blimbing
"Lowokwaru, Malang","Dijual Rumah Hoek 1 Lantai dalam Perumahan di Sengkaling, Malang Pilihan tepat untuk hunian maupun investasi.  Dekat dengan berbagai destinasi favo...",1500000000.0,3.0,2.0,220.0,100.0,2026-03-15,Lowokwaru
"Dieng, Malang","Kode AS Rumah minimalis, terawat, siap huni, dekat sekolah My Little Island dan UNMER, semi furnished",1550000000.0,3.0,2.0,135.0,170.0,2026-03-15,Sukun
"Kedungkandang, Malang","Rumah 1 lantai di Kedungkandang, Malang.  Dijual rumah di wilayah yang asri dengan pemandangan Lokasi dipusat kota. Properti 1 lantai ini berada di...",375000000.0,2.0,1.0,70.0,41.0,2026-03-15,Kedungkandang
"Klojen, Malang",Spesifikasi Utama Properti:    - Kamar Tidur: 4   - Kamar Mandi: 2   - Sertifikat: SHM - Sertifikat Hak Milik   - Daya Listrik: 2200 W   - Arah Ban...,7500000000.0,4.0,2.0,304.0,450.0,2026-03-15,Klojen
"Blimbing, Malang","Turun Harga Rumah Tentram Di Kawasan Nyaman Kota Malang  Pondok Blimbing Indah, Malang  - Dekat Plaza Araya - ⁠Dekat Binus, SMP Al Kautsar dll - ...",1700000000.0,3.0,1.0,190.0,90.0,2026-03-15,Blimbing
"Lowokwaru, Malang",Hunian Nyaman dengan Lokasi Paling Dicari di Pusat Kota Malang!  Dijual rumah tinggal siap huni kondisi terawat dengan suasana tenang dan asri di k...,600000000.0,3.0,2.0,114.0,88.0,2026-03-15,Lowokwaru
"Lowokwaru, Malang","Kode RI/WE Rumah luas, lokasi Bunga-bunga, dekat ke Suhat, kampus UB dan Polinema, bisa untuk usaha, lingkungan aman dan tenang",3500000000.0,5.0,3.0,262.0,500.0,2026-03-15,Lowokwaru
"Araya, Malang",RUMAH DIJUAL DI ARAYA KOTA MALANG Jual Rumah DENMOZA HILL - Malang LT 85 LB 75 KT 2 KM 1 Listrik 2200 Rp 825.000.000  HGB Hadap Utara  Rumah Strate...,825000000.0,2.0,1.0,85.0,75.0,2026-03-15,Blimbing
"Lowokwaru, Malang","Rumah tengah kota di jalan ikan-ikan, kondisi rumah baru, dekat ke UB, Polinema, Widya Gama, Kampus Asia, pusat kuliner Suhat, pusat cafe sudimoro ...",1100000000.0,3.0,2.0,72.0,60.0,2026-03-15,Lowokwaru
"Araya, Malang","- Rumah full renovasi seperti baru - Ada balkon di kamar tidur utama - Dekat Djati Lounge, BINUS dan Tol - Ada kamar tidur dan kamar mandi pembantu...",2300000000.0,3.0,2.0,210.0,350.0,2026-03-15,Blimbing
"Klojen, Malang",Detail Properti ini adalah:    - Kamar Tidur: 3   - Kamar Mandi: 1   - Sertifikat: SHM    - Daya Listrik: 900 watt   - Arah Bangunan: Selatan   - K...,500000000.0,3.0,1.0,111.0,71.0,2026-03-15,Klojen
"Madyopuro, Malang","Cek segera rumah 1 lantai yang asri ini,  dijual dengan pemandangan asri yang menambah nilai estetika di lingkungan hunian. Rumah ini berada di wil...",1200000000.0,2.0,1.0,96.0,57.0,2026-03-15,Kedungkandang
"Kedungkandang, Malang",Promo Rumah 2 Lantai  American style dekat Sawojajar Kota Malang   Promo Hanya 300 Jutaan !!!  Lokasi Strategis :  Dekat Kampus UM 2  Dekat Kampus ...,319000000.0,2.0,2.0,72.0,50.0,2026-03-15,Kedungkandang
"Araya, Malang",Rumah 2 Lantai Modern Full Furnish Dekat Universitas di Araya   Spesifikasi Utama:    - Kamar Tidur: 5   - Kamar Mandi: 5   - Sertifikat: SHM - Ser...,1400000000.0,5.0,5.0,39.0,65.0,2026-03-15,Blimbing
"Tlogomas, Malang","Rumah 2 lantai di Tlogomas, Malang.  Dijual rumah di wilayah yang asri dengan pemandangan perkotaan. Properti 2 lantai bergaya minimalist modern in...",1650000000.0,10.0,10.0,84.0,133.0,2026-03-15,Lowokwaru
"Blimbing, Malang","Temukan hunian nyaman di kawasan strategis Sulfat - Malang Kota, berada di dalam perumahan cluster tenang dan aman dengan lingkungan yang tertata r...",1600000000.0,4.0,2.0,222.0,190.0,2026-03-15,Blimbing
"Araya, Malang",Spesifikasi Utama Properti:    - Kamar Tidur: 4   - Kamar Mandi: 3   - Sertifikat: SHM - Sertifikat Hak Milik   - Daya Listrik: 4400 W   - Arah Ban...,7200000000.0,4.0,3.0,415.0,355.0,2026-03-15,Blimbing
"Lowokwaru, Malang",Dijual Rumah Baru Gress 2 Lantai Siap Huni Jalan Ikan Ikan Lowokwaru Malang  Ready ada 2 unit jejer sama persis - 500m dari Hwaind - ⁠5 menit ke ...,1250000000.0,3.0,2.0,87.0,92.0,2026-03-15,Lowokwaru
"Lowokwaru, Malang",*Dijual Rumah Baru Modern Semi Furnished Dekat Hua Ind di Ikan2 Lowokwaru Malang*  Lt. 61 Lb. 132 Lantai 3 Kamar tidur 4 Kamar mandi 3 Listrik 2200...,960000000.0,4.0,3.0,61.0,132.0,2026-03-15,Lowokwaru
"Araya, Malang",Dijual Rumah Tema Klasik Siap Huni di Cluster Golf Kota Araya Malang  Berada di posisi hook Kondisi baik dan siap huni Private cluster Hanya 3 meni...,2300000000.0,3.0,2.0,210.0,350.0,2026-03-15,Blimbing
"Sawojajar, Malang",Spesifikasi Properti:    - Kamar Tidur: 4   - Kamar Mandi: 2   - Sertifikat: SHM - Sertifikat Hak Milik   - Daya Listrik: 1300 W   - Hadap: Barat  ...,1100000000.0,4.0,2.0,81.0,150.0,2026-03-15,Blimbing
"Klojen, Malang","Rumah Murah Tengah Kota Area Jl Bandung Luas 205 m2.  Lokasi nyaman, dekat dengan pusat perbelanjaan, alun2 kota, rumah sakit, kawasan Elite, selan...",2700000000.0,3.0,2.0,205.0,120.0,2026-03-15,Klojen
"Lowokwaru, Malang","Rumah Jual Area Lowokwaru Dikondisi Bagus Dalam Perumahan Dengan Fasilitas Lengkap Dekat Kampus UB, Polinema, Widyagama, ASIA. Semi Furnishe ( AC, ...",2950000000.0,3.0,2.0,124.0,100.0,2026-03-15,Lowokwaru
"Sawojajar, Malang","Rumah Dijual Malang Rumah Di Komplek Sawojajar
 Dekat Pom Bensin
 Dekat Pusat Aneka Makan
 Dekat Indomaret
 Dekat Alfamart
 Rumah Siap Usaha.. 
 Ga...",850000000.0,1.0,1.0,135.0,80.0,2026-03-15,Blimbing
"Kedungkandang, Malang","Kesempatan terbatas buat Anda dapatkan rumah nyaman dengan return investasi tinggi di Kedungkandang, Malang.  Rumah ini menawarkan kelengkapan fasi...",375000000.0,2.0,1.0,71.0,41.0,2026-03-15,Kedungkandang
"Klojen, Malang","Dijual rumah atau ruang usaha dengan lokasi sangat strategis di kawasan premium Kota Malang, dekat Jalan Besar Ijen yang dikenal sebagai salah satu...",12500000000.0,1.0,2.0,609.0,450.0,2026-03-15,Klojen
"Lowokwaru, Malang","DIJUAL Rumah Lokasi Strategis One Gate System, Row Jalan Lebar, CCTV, Lingkungan Tenang, Nyaman, Aman Dekat Kuliner Cengger Ayam, Suhat, Masjid, Ka...",950000000.0,3.0,2.0,135.0,51.0,2026-03-15,Lowokwaru
"Blimbing, Malang",Rumah Siap Huni Luas 171 m2 di Perumahan Araya Blok Depan  Kawasan elite di kota Malang mudah diakses dan jalanan yang lebar. Fasilitas sangat leng...,1500000000.0,3.0,1.0,171.0,160.0,2026-03-15,Blimbing
"Araya, Malang",Dijual Rumah Tema Klasik di Cluster Golf Kota Araya Malang  - berada di posisi hook - ⁠kondisi baik dan siap huni - ⁠private cluster - ⁠hanya...,2300000000.0,3.0,2.0,210.0,350.0,2026-03-15,Blimbing
"Blimbing, Malang","Rumah minimalis 2 lantai Jalan Ahmad Yani Utara Perum Riverside, Blimbing Dekat Exit Toll Karanglo Cluster Nyamn eksklusif Ada Hutan Alami, Club Ho...",1650000000.0,3.0,3.0,126.0,156.0,2026-03-15,Blimbing
"Lowokwaru, Malang",Hunian Nyaman dengan Lokasi Paling Dicari di Pusat Kota Malang!  Dijual rumah tinggal siap huni kondisi terawat dengan suasana tenang dan asri di k...,600000000.0,2.0,1.0,102.0,60.0,2026-03-15,Lowokwaru
"Dieng Tidar, Malang",DIJUAL RUMAH MEWAH BARU SIAP HUNI di CITRALAND PUNCAK TIDAR MALANG  Posisi jalan kembar dengan taman Posisi rumah dekat dengan kolam renang Hadap u...,2650000000.0,3.0,2.0,194.0,90.0,2026-03-15,Sukun
"Blimbing, Malang","Rumah 3 Lantai di Perumahan Borobudur Blimbing Malang Dekat Kampus & Fasilitas Umum  Spesifikasi: Legalitas: SHM, IMB Jumlah Lantai: 3 lantai Luas ...",1700000000.0,6.0,3.0,106.0,198.0,2026-03-15,Blimbing
"Lowokwaru, Malang","Rumah JUAL Akses ke Kampus Brawijaya, Polinema dan Kampus Ternama Lainnya. Row Jalan Lebar (2 Mobil) Dekat Kawasan Soehat, SMAN 7, Rumah Sakit, Kli...",795000000.0,2.0,2.0,74.0,54.0,2026-03-15,Lowokwaru
"Polowijen, Malang","Rumah 1 lantai di Polowijen, Malang.  Dijual rumah di wilayah yang asri dengan pemandangan Lokasi di Perkampungan. Properti 1 lantai ini berada di ...",500000000.0,2.0,1.0,210.0,60.0,2026-03-15,Klojen
"Araya, Malang",Dijual rumah mewah dalam perumahan elit dengan sistem cluster di kawasan Kota Malang. Berada di posisi hook dengan dua arah hadap (Timur dan Utara)...,7500000000.0,4.0,4.0,328.0,500.0,2026-03-15,Blimbing
"Lowokwaru, Malang","Rumah Siap Huni Lokasi Strategis Tengah Kota Dekat Pusat Bisnis dan Kuliner Soekarno Hatta, Lingkungan Tenang dan Aman, Security 24 Jam, Dekat Kamp...",3600000000.0,3.0,2.0,236.0,200.0,2026-03-15,Lowokwaru
"Lowokwaru, Malang",Dijual Rumah Baru Gress 2 Lantai Siap Huni Jalan Ikan Ikan Lowokwaru Malang  Ready ada 2 unit jejer sama persis - 500m dari Hwaind - ⁠5 menit ke ...,1250000000.0,3.0,2.0,87.0,92.0,2026-03-15,Lowokwaru
"Sukun, Malang","Rumah Kontemporer Urban 2 Lantai - Kota Malang  Hunian dengan konsep kontemporer urban, menonjolkan fasad clean & modern dengan jendela besar yang ...",420000000.0,2.0,2.0,60.0,47.0,2026-02-13,Sukun
"Sukun, Malang","Dijual Rumah  Lokasi di Jl. Raya Tebo Selatan Kota Malang Cocok untuk hunian dan usaha, dekat dengan pusat kota malang, dekat dengan jln ijen boule...",900000000.0,5.0,3.0,218.0,350.0,2026-02-13,Sukun
"Sukun, Malang",Full furnish LT 263 m²  LB 350 m²  Dimensi : 13 x 20 KT 4 + 1 KM 4 + 1 SHM Hadap Selatan Listrik 5500 watt PDAM  Harga Nego  #FEN.2A420,7000000000.0,5.0,5.0,263.0,350.0,2026-02-13,Sukun
"Klojen, Malang",Ruang Tamu  Ruang Keluarga Kamar Tidur 3+1 Kamar Mandi 2+1 Dapur bersih dan kotor Taman depan dan belakang Carport 2 Garasi 2  Yulia.W - One Realit...,14000000000.0,3.0,2.0,637.0,325.0,2026-02-13,Klojen
"Lowokwaru, Malang","Rumah Dijual Malang Rumah jl sarangan atas lowokwaru kota malang
 bangunan klasik terawat.
 lokasi pusat kota lowokwaru malang
 Dekat ke Universita...",1050000000.0,4.0,2.0,234.0,99.0,2026-02-13,Lowokwaru
"Blimbing, Malang","Free AC, water heater, AJB Hunian nyaman Rumah baru Lingkungan aman (kal_ro)",1290000000.0,2.0,2.0,93.0,89.0,2026-02-13,Blimbing
"Sukun, Malang","Rumah Jual Berada di Perumahan Cukup Besar Lokasi Aman, Sejuk, Tenang, Jalan Cukup Lebar  Dekat Dengan Universitas Kanjuruhan, Rumah Sakit Tentara,...",850000000.0,5.0,2.0,163.0,195.0,2026-02-13,Sukun
"Araya, Malang","Rumah Jual Dalam Perumahan Elit Pinggir Jalan Posisi HOOK Dekat Rumah Sakit Persada dan Puskesmas, Plaza Araya, Terminal Arjosari   Spesifikasi : S...",1750000000.0,3.0,2.0,205.0,170.0,2026-02-13,Blimbing
"Klojen, Malang","[TURUN HARGA 2,4M]  INVESTOR CALLING TERMURAH DI KELASNYA  Dijual Rumah Klasik Lokasi Strategis Tengah Kota di Jalan Pulau-pulau, Klojen Kota Malan...",2800000000.0,7.0,3.0,316.0,450.0,2026-02-13,Klojen
"Dieng, Malang","Kesempatan terbatas buat Anda dapatkan rumah strategis dengan return investasi tinggi di Dieng, Malang.  Rumah ini menawarkan lokasi yang strategis...",2600000000.0,7.0,4.0,250.0,220.0,2026-02-13,Sukun
"Dieng, Malang","Rumah dijual di kawasan Puncak Dieng Malang, lingkungan elit dengan suasana tenang, nyaman, dan udara sejuk. Lokasi strategis dengan akses mudah ke...",2500000000.0,4.0,3.0,240.0,124.0,2026-02-13,Sukun
"Sukun, Malang",Lokasi Strategis  Rumah Full Furnished Cantik Scandinavian Modern Style  Lokasi Sukun Malang   LT 80m² LB 105m² KT 3 KM 2  Listrik 2200W+Air PDAM...,1100000000.0,3.0,2.0,80.0,105.0,2026-02-13,Sukun
"Sukun, Malang","*Dijual Rumah Modern Baru 1,5 Lantai Plus Mezzanine Full Perabot di Klayatan Sukun Kota Malang*  _Note : Proses Finishing_  Spesifikasi: -Legalitas...",1100000000.0,3.0,2.0,80.0,105.0,2026-02-13,Sukun
"Araya, Malang",- Rumah terawat di Araya Minimalis dan Full Furnished - Cocok investasi atau dikontrakan - Dekat BINUS  Tertarik? Atau mau tanya-tanya lebih lanjut...,600000000.0,1.0,2.0,18.0,36.0,2026-02-13,Blimbing
"Sukun, Malang","Dijual Rumah  Lokasi di Jl. Raya Tebo Selatan Kota Malang Cocok untuk hunian dan usaha, dekat dengan pusat kota malang, dekat dengan jln ijen boule...",900000000.0,5.0,3.0,218.0,350.0,2026-02-13,Sukun
"Sawojajar, Malang",*DIJUAL RUMAH POJOK SIAP HUNI SANGAT TERAWAT DI JL DANAU-DANAU SAWOJAJAR KOTA MALANG*  _ada area Paviliun nya_  Spesifikasi  - Legalitas: SHM - Lua...,2150000000.0,4.0,2.0,199.0,180.0,2026-02-13,Blimbing
"Blimbing, Malang","DIJUAL Rumah Lokasi Strategis Dekat Kuliner Sulfat, Pasar Bunul, Rumah Sakit Lavalette  > 20 Menit ke Exit Tol Madyopuro > 25 Menit ke Bandara Abd ...",2500000000.0,3.0,5.0,268.0,400.0,2026-02-13,Blimbing
"Lowokwaru, Malang","Rumah Siap Huni Lingkungan Nyaman, Aman, Tenang Lokasi Dekat Pusat Kuliner dan Bisnis Soekarno Hatta, Kampus Brawijaya, Polinema, ASIA, Rumah Sakit...",1250000000.0,3.0,1.0,157.0,100.0,2026-02-13,Lowokwaru
"Merjosari, Malang","Rumah bergaya minimalis di Merjosari.  Temukan rumah 2 lantai yang modern ini,  dijual dengan pemandangan perkotaan yang menambah nilai estetika di...",1200000000.0,10.0,10.0,75.0,128.0,2026-02-13,Lowokwaru
"Sawojajar, Malang","Rumah Siap Huni di Perumahan Sawojajar – Dekat Pintu Tol Malang Kota & Kampus UM II  Dekat dengan berbagai fasilitas umum seperti SPBU, pertokoan...",485000000.0,2.0,2.0,72.0,72.0,2026-02-13,Blimbing
"Sukun, Malang","Rumah Jual Berada di Perumahan Cukup Besar Lokasi Aman, Sejuk, Tenang, Jalan Cukup Lebar  Dekat Dengan Universitas Kanjuruhan, Rumah Sakit Tentara,...",850000000.0,5.0,2.0,163.0,195.0,2026-02-13,Sukun
"Araya, Malang","Rumah Nyaman 1 lantai, Luas 264 m2 (12x22). Bangunan terawat, ada 3 kamar tidur, 2 kamar mandi, halaman belakang, ada garasi dan carport. Lokasi di...",1700000000.0,3.0,2.0,264.0,140.0,2026-02-13,Blimbing
"Sawojajar, Malang","Rumah 2 lantai di Sawojajar, Malang.  For sale rumah di wilayah yang tenang dengan pemandangan perkotaan. Properti 2 lantai bergaya minimalist mode...",850000000.0,4.0,2.0,129.0,220.0,2026-02-13,Blimbing
"Sawojajar, Malang",Dijual Rumah 2 Lantai Full Renovasi – Siap Huni Lokasi di Sawojajar – Malang  Harga Rp 800 jt (nego)  Sertifikat Hak Milik (SHM)   Spesifikasi:...,800000000.0,3.0,1.0,70.0,100.0,2026-02-13,Blimbing
"Merjosari, Malang","Jaminan pemasukan hingga 264 juta!  Rumah ini menawarkan kelengkapan fasilitas serta memiliki jumlah lantai 2 yang siap untuk segera Anda miliki, u...",975000000.0,10.0,10.0,75.0,150.0,2026-02-13,Lowokwaru
"Araya, Malang","Rumah di Araya.  Temukan rumah 1 lantai yang nyaman ini,  dijual dengan pemandangan asri yang menambah nilai estetika di lingkungan hunian. Rumah i...",1800000000.0,5.0,2.0,200.0,180.0,2026-02-13,Blimbing
"Araya, Malang",Lokasi strategis Lingkungan aman dan nyaman  Kawasan ramai Cocok untuk tempat tinggal  Dekat dengan pusat Kota,1200000000.0,5.0,4.0,125.0,150.0,2026-02-13,Blimbing
"Araya, Malang","Rumah 3 lantai di Araya, Malang.  Dijual rumah di wilayah yang tenang dengan pemandangan Lokasi di Pusat Kota. Properti 3 lantai ini berada di ling...",3500000000.0,7.0,4.0,250.0,295.0,2026-02-13,Blimbing
"Sawojajar, Malang","- Unit terbatas - Lokasi strategis - Cara bayar fleksibel bisa cash, inhouse, maupun KPR - Desain dan penataan ruang nyaman dan fungsional  Tertari...",1100000000.0,3.0,2.0,72.0,80.0,2026-02-13,Blimbing
"Araya, Malang",(RN044) [INDENT BANGUN 6 BULAN]  - Hanya 3 Menit Ke Araya Golf Club House - ⁠Lokasi Dekat Ke Kampus Binus - ⁠Denah Layout Dan Gambar Kerja Suda...,2500000000.0,4.0,4.0,144.0,190.0,2026-02-13,Blimbing
"Blimbing, Malang",Rumah Purwodadi Blimbing Malang Kota Dijual cepat B.U Poll dkt SMPN 11 wa.me/628133144xxxx  Spesifikasi :  - LT 16 x 14: 224 m² . LB. 228 m² - KT...,1800000000.0,4.0,4.0,224.0,228.0,2026-02-13,Blimbing
"Araya, Malang","(RN020) Cocok Untuk Mahasiswa, Dosen Atau Karyawan BINUS Selangkah Ke BINUS Araya Dekat Dengan Minimarket, Kafe Kopi Dan Kuliner Araya Masih Ada Si...",825000000.0,1.0,1.0,70.0,25.0,2026-02-13,Blimbing
"Lowokwaru, Malang",Rumah Hook Ikan Ikan Blimbing Soekarno Hatta Malang  Kondisi Baru  10 Menit Raya Soekarno Hatta 5 Menit Hwa Ind   Info / Survey Leim Odin Galaxy Pr...,1300000000.0,3.0,2.0,135.0,110.0,2026-02-13,Lowokwaru
"Araya, Malang","Kesempatan terbatas buat Anda dapatkan rumah nyaman dengan return investasi tinggi di Araya, Malang.  Rumah ini menawarkan lokasi yang strategis se...",1100000000.0,4.0,2.0,108.0,200.0,2026-02-13,Blimbing
"Sawojajar, Malang","Lingkungan aman dan nyaman, siap huni, bangunan terawat",875000000.0,3.0,2.0,114.0,105.0,2026-02-13,Blimbing
"Araya, Malang","DJUAL Rumah di dalam Kompleks Perumahan Elit Araya Fasilitas Perumahan : Club House, Rumah Sakit, Plaza Araya, Lapangan Golf, Coffe Shop, Kampus Bi...",5500000000.0,3.0,1.0,453.0,212.0,2026-02-13,Blimbing
"Araya, Malang","Rumah Jual Cluster Favorit Golf Araya Fasilitas Perumahan Lengkap Akses Mudah Kota Malang Dekat Kampus Binus, Cafe, Plaza Araya, Rumah sakit Persad...",2700000000.0,4.0,3.0,240.0,400.0,2026-02-13,Blimbing
"Lowokwaru, Malang","Ready unit terdekat dengan pusat kota, cocok untuk hunian dan investasi masa depan  > 5 menit ke UMM > 7 menit ke Polinema > 10 menit ke UB dan UM ...",658000000.0,2.0,1.0,77.0,44.0,2026-02-13,Lowokwaru
"Sukun, Malang","Rumah Murah Tengah Kota Luas 254 m2 Area Burung Burung  Rumah berada di daerah sukun malang Lokasi strategis, tidak jauh dari pusat kota, pusat bis...",1600000000.0,4.0,2.0,254.0,130.0,2026-02-13,Sukun
"Araya, Malang","Dijual Rumah Mewah Di Araya, Kondisi Siap Huni, Lingkungan Nyaman, Fasum Lengkap, Dekat BINUS University & Persada Hospital.  Alamat : PBI Luas Tan...",3500000000.0,6.0,4.0,250.0,350.0,2026-02-13,Blimbing
"Dieng, Malang","Dijual Rumah Cantik Minimalis Di Perum Austinville Dieng, Lingkungan Nyaman, Aman, One Gate System, Dekat UB 2, MaChung, Elpico Mall.   Alamat : Au...",1050000000.0,4.0,1.0,77.0,70.0,2026-02-13,Sukun
"Sukun, Malang",Dijual Rumah di Perumahan Gadang Sukun Kota Malang Dekat kawasan Sukun & akses pusat kota Spesifikasi:   Legalitas: SHM Jumlah Lantai: 2 Lantai + R...,2250000000.0,3.0,2.0,115.0,200.0,2026-02-13,Sukun
"Sawojajar, Malang","Rumah Furnished di BTU Sawoajajar, Kedungkandang - Kota Malang Dekat Exit Tol Madyopuro  Spesifikasi: Legalitas: SHM Jumlah Lantai: 1 Lantai Luas T...",425000000.0,2.0,1.0,72.0,72.0,2026-02-13,Blimbing
"Lowokwaru, Malang","Dijual Rumah di Perumahan Merjosari, Lowokwaru - Kota Malang Dekat UIN Malang & Thursina IIBS  Spesifikasi: Legalitas: SHM Jumlah Lantai: 2 lantai ...",750000000.0,3.0,2.0,88.0,120.0,2026-02-13,Lowokwaru
"Araya, Malang",*DIJUAL RUMAH MODERN FULL FURNISHED DI GREENWOOD GOLF ARAYA - MALANG*  * FULLY  FURNISHED + AC 5 unit      (Semuanya kondisi BARU GRESS)  * ME...,4900000000.0,3.0,3.0,240.0,322.0,2026-02-13,Blimbing
"Lowokwaru, Malang","500m dari Hwaind - ⁠5 menit ke ABM/widyagama, 10 menit ke UB   LT 81 m2 Dimensi 6.5x 12.43  LB  95 m2 Kamar tidur 3 Kamar mandi 2 PLN 2200 watt A...",1150000000.0,3.0,2.0,81.0,95.0,2026-02-13,Lowokwaru
"Lowokwaru, Malang","Rumah Siap Huni Lokasi Strategis Tengah Kota Dekat Pusat Bisnis dan Kuliner Soekarno Hatta, Lingkungan Tenang dan Aman, Security 24 Jam, Dekat Kamp...",3600000000.0,3.0,2.0,236.0,200.0,2026-02-13,Lowokwaru
"Dieng, Malang",RUMAH BARU AUSTINVILLE DIENG MALANG MEWAH PREMIUM   Hunian asri dan nyaman untuk keluarga bahagia dengan harga terjangkau   2 menit ke kampus unive...,2400000000.0,3.0,2.0,220.0,133.0,2026-02-13,Sukun
"Araya, Malang",DIJUAL CEPAT RUMAH LUAS VIEW GOLF LOKASI ARAYA GOLF MALANG  LT 945 LB 1500 KAMAR TIDUR 8+1  KAMAR MANDI 8+1 Listrik 6600 AIR PDAM & SUMUR GARASI 2 ...,10000000000.0,8.0,8.0,945.0,1500.0,2026-02-13,Blimbing
"Kedungkandang, Malang","Rumah dijual Lokasi di Gribik, kedungkandang, malang Strategis : - dekat exit tol  - dekat akses ke bandara Akses jalan raya Cocok untuk hunian, te...",2000000000.0,3.0,2.0,190.0,120.0,2026-02-13,Kedungkandang
"Kedungkandang, Malang",Rumah Minimalis Modern Semifurnished Lokasi River Front  Bangunan terawat dan siap huni  Lokasi dekat ke - exit tol pakis - bandara abdul rahman sa...,1200000000.0,2.0,1.0,96.0,57.0,2026-02-13,Kedungkandang
"Lowokwaru, Malang","Dijual rumah di daerah Dinoyo Lowokwaru Malang
 
 Luas 214 m2 dengan 5 kamar
 Dimensi 10 x 21 m
 Lokasi strategis, dekat area mahasiswa kampus Univ...",2700000000.0,5.0,1.0,214.0,210.0,2026-02-13,Lowokwaru
"Sukun, Malang","Rumah Dijual Malang Rumah cantik dan asri di kawasan Perumahan Janti Kota Malang.
 
 One Gate Sistem
 Nuansa yang tenang dan nyaman
 
 Spesifikasi ...",750000000.0,2.0,1.0,81.0,50.0,2026-02-13,Sukun
"Araya, Malang",Dijual Rumah Modern Minimalis Dua Lantai di Araya Jual Rumah PONDOK BLIMBING INDAH - Malang LT 162 LB 300 KT 8 KM 5 Dimensi 11 x 15 Listrik 5500 Rp...,2100000000.0,7.0,5.0,162.0,300.0,2026-02-13,Blimbing
"Blimbing, Malang","Dijual rumah baru di perumahan Archapada Residence, Blimbing, Malang
 
 Luas 77 m2, dengan dimensi 7 x 11 m
 Lokasi nyaman, dekat kampus Universita...",995000000.0,3.0,2.0,77.0,136.0,2026-02-13,Blimbing
"Lowokwaru, Malang","Selangkah ke Soekarno Hatta, Lowokwaru Kota Malang  Selling Point : lokasi strategis hanya 2 menit ke poros jalan Raya Suhat  5 menit ke kampus UB,...",2500000000.0,3.0,2.0,246.0,200.0,2026-02-13,Lowokwaru
"Lowokwaru, Malang","Rumah mewah di lokasi strategis, Jalan Raya Panglima Sudirman Malang, siap menjadi hunian impian Anda. Properti ini menawarkan luas lahan yang sang...",15000000000.0,8.0,8.0,997.0,925.0,2026-02-13,Lowokwaru
"Araya, Malang",Dijual Rumah Araya Valley 2 lantai + Rooftop  Point of Interest :   - lingkungan aman dan nyaman - Dekat dengan binus university - Fasilitas super ...,2600000000.0,6.0,3.0,162.0,256.0,2026-02-13,Blimbing
"Araya, Malang","Dijual Rumah di Kawasan PBI dengan fasilitas lengkap dekat Sekolah Unggulan, Mall, Rumah Sakit, Kampus, hingga Bandara dan Exit Tol Singosari   Spe...",1700000000.0,4.0,3.0,135.0,200.0,2026-02-13,Blimbing
"Merjosari, Malang","Rumah di Merjosari.  Dapatkan rumah 2 lantai yang modern ini,  dijual dengan pemandangan indah yang menambah nilai estetika di lingkungan hunian. R...",1000000000.0,10.0,10.0,72.0,150.0,2026-02-13,Lowokwaru
"Dieng, Malang",Spesifikasi: - Dekat dengan Club House Istana Dieng - Bangunan rumah estetik - Rumah berada di hook - Selangkah menuju Universitas Merdeka  Luas ta...,9500000000.0,6.0,4.0,486.0,450.0,2026-02-13,Sukun
"Sukun, Malang","Kesempatan terbatas buat Anda dapatkan rumah nyaman dengan return investasi tinggi di Sukun, Malang.  Rumah ini menawarkan kelengkapan fasilitas se...",450000000.0,2.0,1.0,95.0,36.0,2026-02-13,Sukun
"Sukun, Malang",Ada Halaman Belakang Bangunan Terawat Dekat Mall,2750000000.0,6.0,2.0,236.0,300.0,2026-02-13,Sukun
"Cemorokandang, Malang","Rumah siap huni bangunan terawat di Cemorokandang Kota Malang lokasi strategis dekat dengan berbagai fasilitas umum seperti pusat perbelanjaan, sek...",700000000.0,2.0,1.0,90.0,60.0,2026-02-13,Klojen
"Blimbing, Malang","Dijual Rumah Terawat Butuh Cepat Laku di Araya Blimbing Malang      Selling Point:   * Dekat main road araya   * Bisa keluar Araya, bisa PBI   * Si...",1700000000.0,3.0,3.0,183.0,220.0,2026-02-13,Blimbing
"Klojen, Malang","Rumah luas, pinggir jalan, bisa untuk usaha, row jalan lebar",13500000000.0,5.0,3.0,784.0,500.0,2026-02-13,Klojen
"Blimbing, Malang",RUMAH BARU LOKASI SUPER STRATEGIS!!!  Dijual rumah Jalan Letjen S Parman    Pusat Kota Malang Row jalan lebar  Lingkungan permumahan   Spesifikasi ...,1900000000.0,4.0,2.0,175.0,160.0,2026-02-13,Blimbing
"Sukun, Malang","Rumah di Sukun.  Miliki rumah 1 lantai yang modern ini,  dijual dengan pemandangan indah yang menambah nilai estetika di lingkungan hunian. Rumah i...",450000000.0,2.0,1.0,90.0,36.0,2026-02-13,Sukun
"Sukun, Malang","Rumah di Sukun.  Cek segera rumah 1 lantai yang nyaman ini,  dijual dengan pemandangan indah yang menambah nilai estetika di lingkungan hunian. Rum...",450000000.0,2.0,1.0,90.0,36.0,2026-02-13,Sukun
"Lowokwaru, Malang","I82  *UPDATE TURUN HARGA*  DIJUAL CEPAT RUMAH 1 LANTAI TERAWAT BARU SELESAI RENOVASI, SELANGKAH KE SUHAT MALANG    Suhat, Lowokwaru   Spesifikasi :...",1400000000.0,3.0,2.0,131.0,110.0,2026-02-13,Lowokwaru
"Sukun, Malang","Rumah di Sukun.  Miliki rumah 1 lantai yang nyaman ini,  dijual dengan pemandangan asri yang menambah nilai estetika di lingkungan hunian. Rumah in...",450000000.0,2.0,1.0,90.0,36.0,2026-02-13,Sukun
"Sukun, Malang",Siap huni rumah modern dan minimalisi bandulan kota malang  Hunian strategis kawasan yang sejuk tenang  √ Dekat dieng ijen malang  √ Dekat wisa...,360000000.0,2.0,1.0,60.0,36.0,2026-02-13,Sukun
"Kedungkandang, Malang",Spesifikasi : LT : 96 m2 LB : 65 m2 Lantai : 1 KT : 3 KM : 1 Listrik : 2200 VA Air : PDAM Legalitas : SHM Hadap : Utara  Fasilitas : -Carport : 2 M...,1250000000.0,3.0,1.0,96.0,65.0,2026-02-13,Kedungkandang
"Dieng, Malang",Spesifikasi: - Dekat dengan Club House Istana Dieng - Bangunan rumah estetik - Rumah berada di hook - Selangkah menuju Universitas Merdeka  Luas ta...,9500000000.0,6.0,4.0,486.0,450.0,2026-02-13,Sukun
"Blimbing, Malang","Satu - satunya New Brand House 3 Lantai di Jantung Kota Malang  Dijual Rumah Baru 3 Lantai Selangkah dari Balaikota di Tumenggung Suryo, Blimbing M...",1550000000.0,3.0,3.0,72.0,110.0,2026-02-13,Blimbing
"Blimbing, Malang","Rumah Anti Ribet Bebas Macet  Dijual Rumah Baru Gress Selangkah dari Balaikota di Jalan Tumenggung Suryo, Blimbing Malang  Tipe The Paxton  Luas Ta...",1250000000.0,3.0,3.0,72.0,80.0,2026-02-13,Blimbing
"Araya, Malang",Dijual Rumah Design Modern Siap Huni di Cluster Golf Kota Araya Malang  Kondisi bangunan baru  Lingkungan aman dan nyaman One gate system cluster  ...,3600000000.0,5.0,4.0,168.0,200.0,2026-02-13,Blimbing
"Sukun, Malang","Rumah impian di area Tidar Bawah, Malang, kini hadir untuk Anda. Properti ini menawarkan kemewahan dan kenyamanan dengan spesifikasi terbaik. Cocok...",4250000000.0,5.0,3.0,386.0,370.0,2026-02-13,Sukun
"Dieng, Malang",Spesifikasi: - Dekat dengan Club House Istana Dieng - Bangunan rumah estetik - Rumah berada di hook - Selangkah menuju Universitas Merdeka  Luas ta...,9500000000.0,6.0,4.0,486.0,450.0,2026-02-13,Sukun
"Dieng, Malang",Spesifikasi: - Dekat dengan Club House Istana Dieng - Bangunan rumah estetik - Rumah berada di hook - Selangkah menuju Universitas Merdeka  Luas ta...,9500000000.0,6.0,4.0,486.0,450.0,2026-02-13,Sukun
"Dieng, Malang",Spesifikasi: - Dekat dengan Club House Istana Dieng - Bangunan rumah estetik - Rumah berada di hook - Selangkah menuju Universitas Merdeka  Luas ta...,9500000000.0,6.0,4.0,486.0,450.0,2026-02-13,Sukun
"Sawojajar, Malang","Rumah 2 lantai di Kedungkandang, Malang.  For sale rumah di wilayah yang asri. Properti 2 lantai ini berada di lingkungan yang mudah dijangkau.  Ka...",1800000000.0,3.0,2.0,205.0,131.0,2026-02-13,Blimbing
"Dieng, Malang",Dijual Rumah Nyaman di Puncak Dieng. Lokasi Favorit & Bernilai Investasi Tinggi!  Hunian ideal di kawasan premium dengan udara sejuk dan lingkungan...,2900000000.0,2.0,3.0,378.0,100.0,2026-02-13,Sukun
"Sukun, Malang",Dijual Rumah di Perumahan Gadang Sukun Kota Malang Dekat kawasan Sukun & akses pusat kota Spesifikasi: Legalitas: SHM Jumlah Lantai: 2 Lantai + Roo...,2250000000.0,3.0,2.0,115.0,200.0,2026-02-13,Sukun
"Lowokwaru, Malang","Bantaran Lowokwaru Kota Malang Selangkah Raya Suhat*  _Tinggal Finishing, Bisa Request_  Spesifikasi  - Legalitas : SHM - IMB/PBG : Ready - Luas Ta...",1200000000.0,2.0,2.0,120.0,75.0,2026-02-13,Lowokwaru
"Klojen, Malang","Dijual Rumah Modern Premium di Jaksa Agung Suprapto, Klojen Malang   Karya Arsitek Andy Rahman Ada swimming pool / kolam renang Full Furnished, Ele...",6500000000.0,4.0,3.0,436.0,700.0,2026-02-13,Klojen
"Lowokwaru, Malang","I80 Rumah Minimalis di Kota Malang Selangkah Raya Suhat & UB  _Tinggal Finishing, Bisa Request_  Spesifikasi  - Legalitas : SHM - IMB/PBG : Ready -...",1200000000.0,2.0,2.0,120.0,75.0,2026-02-13,Lowokwaru
"Lowokwaru, Malang",Spesifikasi: Ltnh 110 m2 Lbgn 180 m2 Ktdr 4 Kmndi 2 Lantai 2 SHM Ada balkon Garasi Listrik 3300 watt Pdam FURNISH included  Dijual ~1.9~>>1.8M》1....,1650000000.0,4.0,2.0,110.0,180.0,2026-02-13,Lowokwaru
"Lowokwaru, Malang","Rumah Murah Siap Huni di Perumahan Bumi Palapa Dekat Kampus UB Suhat  Lokasi berada di area perumahan Sulfat, mudah diakses dan row jalanan yang le...",1000000000.0,2.0,1.0,126.0,75.0,2026-02-13,Lowokwaru
"Araya, Malang","DIJUAL RUMAH DI ARAYA GOLF CLASSIC MODERN SIAP HUNI  LT : 240 M2 LB : 400 M2 2,5 LANTAI KAMAR TIDUR 5 + 2 KAMAR MANDI 4 + 1 ROOFTOP  SHM  HADAP SEL...",2900000000.0,5.0,4.0,240.0,400.0,2026-02-13,Blimbing
"Araya, Malang","Rumah Nyaman 1,5 lantai,Bangunan bagus,terawat,Halaman depan luas,Ada garasi ,carport luas.Lokasi di Perumahan Elit PBI Araya,Malang.Lingkungan nya...",5000000000.0,3.0,4.0,380.0,300.0,2026-02-13,Blimbing
"Dieng Tidar, Malang",Dijual Rumah Design Modern di Perumahan Istana Dieng Kota Malang  - berada di kawasan perumahan elit wilayah kotamadya Malang - ?fasilitas perumaha...,3600000000.0,3.0,2.0,121.0,160.0,2026-02-13,Sukun
"Araya, Malang",Dijual Rumah Araya Valley 2 lantai + Rooftop  Point of Interest :   - lingkungan aman dan nyaman - Dekat dengan binus university - Fasilitas super ...,2600000000.0,6.0,3.0,162.0,256.0,2026-02-13,Blimbing
"Merjosari, Malang",Lokasi strategis  Lingkungan aman dan nyaman  Kawasan ramai  Cocok untuk tempat usaha,1100000000.0,2.0,1.0,64.0,110.0,2026-02-13,Lowokwaru
"Araya, Malang","DIJUAL RUMAH DI ARAYA GOLF CLASSIC MODERN SIAP HUNI  LT : 240 M2 LB : 400 M2 2,5 LANTAI KAMAR TIDUR 5 + 2 KAMAR MANDI 4 + 1 ROOFTOP  SHM  HADAP SEL...",2900000000.0,5.0,4.0,240.0,400.0,2026-02-13,Blimbing
"Araya, Malang","DIJUAL RUMAH DI ARAYA GOLF CLASSIC MODERN SIAP HUNI  LT : 240 M2 LB : 400 M2 2,5 LANTAI KAMAR TIDUR 5 + 2 KAMAR MANDI 4 + 1 ROOFTOP  SHM  HADAP SEL...",2900000000.0,5.0,4.0,240.0,400.0,2026-02-13,Blimbing
"Klojen, Malang","Dijual Rumah Modern Premium di Jaksa Agung Suprapto, Klojen Malang   Karya Arsitek Andy Rahman Ada swimming pool / kolam renang Full Furnished, Ele...",5900000000.0,4.0,3.0,436.0,700.0,2026-02-13,Klojen
"Blimbing, Malang","Spesifikasi: Luas 114 m² Luas bangunan 250 m² (+/-) Kamar tidur 3 Kamar mandi 2 Sertifikat Hak Milik Air PDAM Listrik 2200 watt Harga 2,1 M (nego...",2100000000.0,3.0,2.0,114.0,250.0,2026-02-13,Blimbing
"Purwantoro, Malang","Turun Harga  Dijual Rumah Lokasi Strategis di Daerah Jalan Sungai - sungai, Purwantoro, Blimbing Malang   Row jalan lebar Selangkah ke poros jalan ...",3400000000.0,8.0,3.0,416.0,450.0,2026-02-13,Klojen
"Dieng Tidar, Malang",Rumah di Kawasan Favorit Daerah Dieng Malang  POTONGAN FREE PPN 50% SENILAI 38 JUTA ( Ready Stock 1 unit aja )  Angsuran 3 jutaan udah dapet rumah ...,710000000.0,2.0,1.0,72.0,47.0,2026-02-13,Sukun
"Klojen, Malang","Dijual Rumah Modern Premium di Jaksa Agung Suprapto, Klojen Malang   Karya Arsitek Andy Rahman Ada swimming pool / kolam renang Full Furnished, Ele...",5900000000.0,4.0,3.0,436.0,700.0,2026-02-13,Klojen
"Blimbing, Malang",Rumah dijual di Araya Malang menawarkan kemewahan dan kenyamanan. Hunian ini cocok untuk keluarga yang menginginkan gaya hidup modern dengan fasili...,2100000000.0,3.0,2.0,165.0,150.0,2026-02-13,Blimbing
"Dieng Tidar, Malang",Rumah di Kawasan Favorit Daerah Dieng Malang  POTONGAN FREE PPN 50% SENILAI 38 JUTA ( Ready Stock 1 unit aja )  Angsuran 3 jutaan udah dapet rumah ...,710000000.0,2.0,1.0,72.0,47.0,2026-02-13,Sukun
"Kedungkandang, Malang","Dijual Rumah Modern Minimalis di Citra Garden, Dekat Exit Tol Malang Kota  - kondisi rumah baru dan belum pernah dihuni - space lahan di belakang b...",1200000000.0,3.0,2.0,96.0,60.0,2026-02-13,Kedungkandang
"Kedungkandang, Malang","Perumahan lokasi pojok di Permata Garden, dekat dengan Citra Garden, GOR Ken Arok, Indomarco. Butuh renovasi.",400000000.0,2.0,1.0,84.0,60.0,2026-02-13,Kedungkandang
"Araya, Malang","Dijual Rumah Siap Huni di Cluster Telaga Golf, Kota Araya Malang  - lokasi sangat dekat Araya Club House - ?lingkungan nyaman - ?security 24jam  Lu...",3100000000.0,5.0,3.0,300.0,320.0,2026-02-13,Blimbing
"Kedungkandang, Malang","Dijual Rumah Asri Siap Huni di De Cassablanca Kedungkandang Malang  Spesifikasi : LT : 105 m2 LB : 140 m2 Lantai : 1,5 KT : 2 + 2 KM : 1 + 1 Listri...",1000000000.0,2.0,1.0,105.0,140.0,2026-02-13,Kedungkandang
"Blimbing, Malang",Dijual Rumah Mewah Eksklusif di Riverside Blimbing Malang  Spesifikasi : LT : 375 m2 LB : 350 m2 Dimensi : 15x25 KT : 4 + 1 KM : 3 + 1 Lantai : 2 L...,6500000000.0,4.0,3.0,375.0,350.0,2026-02-13,Blimbing
"Araya, Malang",Rumah Kondisi Baru Semi Furnish Design Modern di Araya Golf Malang  Spesifikasi : LT : 140 m2 LB : 165 m2 Lantai : 2 KT : 3 + 1 KM : 2 Listrik : 22...,2500000000.0,3.0,2.0,140.0,165.0,2026-02-13,Blimbing
"Araya, Malang",Rumah Kondisi Baru Semi Furnish Design Modern di Araya Golf Malang  Spesifikasi : LT : 165 m2 LB : 150 m2 Lantai : 2 KT : 3 + 1 KM : 2 Listrik : 22...,2500000000.0,3.0,2.0,165.0,150.0,2026-02-13,Blimbing
"Araya, Malang","Dijual Rumah 2 Lantai Posisi Hook Terawat & Siap Huni di Cluster Golf, Araya Malang  LT 295 m LB 400 m KT 5+2 KM 5+1 (3 KM dalam Kamar) Listrik 220...",3300000000.0,5.0,5.0,295.0,400.0,2026-02-13,Blimbing
"Sukun, Malang",Dijual Rumah Semi Industrial full Furnised di Sukun Kota Malang   Spesifikasi Rumah:  LT 80 m2 LB 136 m2 3 KT  3 KM (1 kamar mandi dalam di kamar u...,1350000000.0,3.0,3.0,80.0,136.0,2026-02-13,Sukun
"Araya, Malang","Rumah Dijual Malang Jual rumah di perumahan eksklusif Araya, di lingkungan nyaman dan
  aman dekat dengan:
 • Restaurant KDS
 . Plaza Araya
 . Bi...",4500000000.0,4.0,3.0,415.0,300.0,2026-02-13,Blimbing
"Sawojajar, Malang","DIJUAL RUMAH 2 LANTAI SIAP HUNI SEMI FURNISHED DI GRAND PERMATA JINGGA SAWOJAJAR MALANG  Grand Permata Jingga, Sawojajar  Spesifikasi : - ?Dimensi ...",2200000000.0,3.0,3.0,105.0,89.0,2026-02-13,Blimbing
"Kedungkandang, Malang",Promo Rumah murah Babatan Arjowinangun Malang Kota Alphecca Residence  Tersedia Promo: - Type 30/72 harga 290 jt - harga Promo 250 jutaan - Type 36...,290000000.0,2.0,1.0,72.0,30.0,2026-02-13,Kedungkandang
"Klojen, Malang","Kesempatan terbatas buat Anda dapatkan rumah strategis dengan return investasi tinggi di Klojen, Malang.  Rumah ini menawarkan lokasi yang strategi...",180000000.0,2.0,1.0,72.0,36.0,2026-02-13,Klojen
"Dieng, Malang",Spesifikasi: 2 menit ke kampus UB Dieng akses dekat ke pusat kota Malang ⁠masih ada space luas di belakang yang bisa dijadikan tambahan bangunan ...,2900000000.0,2.0,2.0,378.0,100.0,2026-02-13,Sukun
"Sawojajar, Malang",Rumah Dijual Murah dibawah Harga Pasaran Sekitarnya.  Lokasi (Sawojajar)  Harga Pasaran Rumah 1.3M Ini Hanya Dijual 800jt saja Lokasi nyaman dan Am...,800000000.0,2.0,1.0,106.0,100.0,2026-02-13,Blimbing
"Klojen, Malang","VI# Dijual Rumah Terawat Tengah Kota di Kawasan Komersial, Jl.  Dr. Sutomo, Klojen, Malang  Keunggulan:  1. Bisa dijadikan ruang usaha: Cafe / Kant...",7950000000.0,6.0,3.0,429.0,350.0,2026-02-13,Klojen
"Kedungkandang, Malang",RUMAH BARU BAGUS MODERN HARGA MURAH SIAP HUNI LOKASI STRATEGIS DI CITRA GARDEN CITY CIPUTRA KOTA MALANG  Jual Rumah CITRA GARDEN CITY LT 136 LB 41 ...,1020000000.0,2.0,1.0,136.0,41.0,2026-02-13,Kedungkandang
"Klojen, Malang",LT 352 m² LB 300 m² KT 5 + 1 KM 4 + 1 SHM Hadap Barat Listrik 2200 watt Air Sumur    Hrga Nego  #FEN.2A422,3000000000.0,6.0,5.0,352.0,300.0,2026-02-13,Klojen
"Blimbing, Malang","Rumah Dijual Malang garasi muat 1 mobil, dekat dengan universitas ITN2, .univ.negri malang, kampus STT Malang, plaza Araya, MOG  Malang, terminal b...",1300000000.0,5.0,3.0,130.0,250.0,2026-02-13,Blimbing
"Blimbing, Malang","Rumah 2 Lantai Di kota malang Di Jln ikan Nila LT145m2 LB245m2, sertifikat SHM, hadap selatan",1500000000.0,3.0,2.0,145.0,245.0,2026-02-13,Blimbing
"Kedungkandang, Malang",One Gate System Lantai: Granit Tile Onyx,425000000.0,2.0,1.0,72.0,48.0,2026-02-13,Kedungkandang
"Sukun, Malang","DIJUAL Rumah 2 lantai tengah kota, lokasi nyaman dan tenang, strategis ke pusat kota, kondisi istimewa full furnished. Dekat kampus Widyakarya dan ...",6000000000.0,4.0,3.0,430.0,400.0,2026-02-13,Sukun
"Klojen, Malang","BRAND NEW EXCLUSIVE LISTING  FOR SALE.  Dijual Cepat Rumah Siap Huni.  Lokasi Strategis di Tengah Kota Malang Jl. Jaksa Agung Suprapto Samaan, Kec....",1000000000.0,2.0,1.0,115.0,110.0,2026-02-13,Klojen
"Lowokwaru, Malang",Rumah minimalis di dalam komplek perumahan yang aman nyaman bagus siap huni full furnished kondisi terawat dekat kampus brawijaya dan pusat bisnis....,700000000.0,2.0,1.0,84.0,60.0,2026-02-13,Lowokwaru
"Lowokwaru, Malang",Rumah murah Tasikmadu Malang Kota sebelah Kampus ITN 2 Dijual Cpt B.U wa.me/628133144xxxx  Lokasi Strategis: - cuma 100 m dari kampus ITN 2 - dekat...,495000000.0,2.0,1.0,140.0,36.0,2026-02-13,Lowokwaru
"Sawojajar, Malang","DIJUAL RUMAH BARU MODERN MINIMALIS - SAWOJAJAR 2 MALANG  Harga: Rp 645 Juta (Nego)  Rumah baru desain modern minimalis, siap huni, lokasi strategis...",645000000.0,3.0,2.0,84.0,70.0,2026-02-13,Blimbing
"Sawojajar, Malang","DIJUAL Rumah 2 Lantai Sawojajar Dekat Superindo, ACE Hardware, Bank, Akses Tol, Pusat Kuliner Sawojajar Kota Malang. Full Furnsih (Meja Kursi, Temp...",2250000000.0,3.0,2.0,127.0,220.0,2026-02-13,Blimbing
"Merjosari, Malang","Rumah bergaya minimalist modern di Merjosari.  Temukan rumah 3 lantai yang asri ini,  dijual dengan pemandangan perkotaan yang menambah nilai estet...",1470000000.0,17.0,17.0,72.0,216.0,2026-02-13,Lowokwaru
"Araya, Malang","(EAY1493) Cocok Untuk Mahasiswa, Dosen Atau Karyawan BINUS Selangkah Ke BINUS Araya Dekat Dengan Minimarket, Kafe Kopi Dan Kuliner Araya Masih Ada ...",825000000.0,1.0,1.0,70.0,25.0,2026-02-13,Blimbing
"Dieng, Malang",*DIJUAL RUMAH MEWAH SEMI FURNISH DI ISTANA DIENG*  - Dekat dengan Club House Istana Dieng - Bangunan rumah estetik - Rumah berada di hook - Selangk...,9500000000.0,6.0,4.0,486.0,450.0,2026-02-13,Sukun
"Dieng, Malang",DIJUAL RUMAH MEWAH SEMI FURNISH DI ISTANA DIENG*  - Dekat dengan Club House Istana Dieng - Bangunan rumah estetik - Rumah berada di hook - Selangka...,9500000000.0,6.0,4.0,486.0,450.0,2026-02-13,Sukun
"Sawojajar, Malang",- Lokasi di area ramai sawojajar - Banyak Kuliner - Dekat Tol Sawojajar,1370000000.0,2.0,1.0,79.0,120.0,2026-02-13,Blimbing
"Blimbing, Malang",Dekat dengan (versi spesifik & jualan):  ✅ 5-8 menit ke Terminal Arjosari ✅ Dekat Pasar Besar Arjosari / Pasar Blimbing ✅ Dekat Plaza Araya M...,250000000.0,2.0,1.0,73.0,36.0,2026-02-13,Blimbing
"Lowokwaru, Malang",Rumah Minimalis Modern Lokasi Grand Arumba Tunggulwulung  Bangunan terawat dan siap huni  Lokasi dekat ke - kampus umm - kampus unibraw - kampus po...,1200000000.0,5.0,2.0,91.0,160.0,2026-02-13,Lowokwaru
"Gadang, Malang",Pilihan tepat untuk yang ingin memiliki hunian mewah dengan lingkungan yang asri dan nyaman di pusat kota > 2 menit ke Pasar Gadang > 7 menit ke Un...,699000000.0,3.0,2.0,84.0,60.0,2026-02-13,Sukun
"Araya, Malang","Kesempatan terbatas buat Anda dapatkan rumah strategis dengan return investasi tinggi di Araya, Malang.  Rumah ini menawarkan lokasi yang strategis...",7750000000.0,6.0,6.0,540.0,600.0,2026-02-13,Blimbing
"Lowokwaru, Malang","Dijual properti strategis di kawasan Candi Mendut Malang, cocok untuk investasi atau hunian dengan potensi bisnis. Rumah ini menawarkan ruang yang ...",5200000000.0,10.0,1.0,458.0,570.0,2026-02-13,Lowokwaru
"Sukun, Malang",*DIJUAL RUMAH MEWAH SEMI FURNISH DI ISTANA DIENG*  - Dekat dengan Club House Istana Dieng - Bangunan rumah estetik - Rumah berada di hook - Selangk...,9500000000.0,6.0,4.0,486.0,450.0,2026-02-13,Sukun
"Blimbing, Malang","Kesempatan terbatas buat Anda dapatkan rumah strategis dengan return investasi tinggi di Blimbing, Malang.  Rumah ini menawarkan lokasi yang strate...",5300000000.0,6.0,2.0,810.0,160.0,2026-02-13,Blimbing
"Merjosari, Malang","Kesempatan terbatas buat Anda dapatkan rumah nyaman dengan return investasi tinggi di Merjosari, Malang.  Rumah ini menawarkan kelengkapan fasilita...",1100000000.0,10.0,10.0,75.0,150.0,2026-02-13,Lowokwaru
"Tlogomas, Malang","Rumah 2 lantai di Tlogomas, Malang.  Dijual rumah di wilayah yang nyaman dengan pemandangan Dipinggiran kota. Properti 2 lantai ini berada di lingk...",1200000000.0,10.0,10.0,100.0,120.0,2026-02-13,Lowokwaru
"Lowokwaru, Malang","Dijual Rumah Gress Baru Renov di daerah Tunggulwulung, Malang  - 7 menit ke Jalan Raya Soekarno Hatta Malang - 2 km ke UB Malang - posisi hook  Spe...",1700000000.0,4.0,2.0,164.0,200.0,2026-02-13,Lowokwaru
"Araya, Malang","Dijual Rumah Mewah Full Furnish di Boulevard Cluster Golf, Kota Araya Malang   - lokasi aman dan nyaman di private cluster Araya - ?berada di jalan...",4200000000.0,4.0,4.0,375.0,500.0,2026-02-13,Blimbing
"Klojen, Malang","Dijual Rumah Siap Huni Dekat Malang City Point dan Cybermall dan dekat Jalan Raya Langsep Klojen Kota Malang  Jl. Buah-buahan, Klojen  Spesifikasi:...",6500000000.0,8.0,6.0,286.0,500.0,2026-02-13,Klojen
"Merjosari, Malang","Rumah DIJUAL Kondisi Bagus Terawat Masih Masuk Kota Malang. Dekat Perumahan Graha Dewata, VBT, Joyogrand. Dekat Cafe-Cafe Seperti Sontoloyo, Coklat...",520000000.0,3.0,1.0,68.0,48.0,2026-02-13,Lowokwaru
"Sukun, Malang",Dijual Rumah Siap Huni Design Keren di Janti Barat Sukun Kota Malang  Spesifikasi : LT : 160 m2 LB : 250 m2 Lantai : 2 KT : 4 + 1 KM : 3 + 1 Listri...,1800000000.0,4.0,3.0,160.0,250.0,2026-02-13,Sukun
"Klojen, Malang","Turun harga!  Dijual Rumah Klasik Terawat 2 lantai di Jalan Garut, Malang  ✅Cocok untuk usaha apapun ✅ Traffic yang ramai (persimpangan jalan J...",7200000000.0,4.0,3.0,304.0,400.0,2026-02-13,Klojen
"Kedungkandang, Malang","Hunian Eksklusif Kota Malang - View Gunung & City Light  Bayangkan setiap pagi membuka jendela dengan udara segar dataran tinggi Malang, dan malam ...",399000000.0,2.0,1.0,66.0,40.0,2026-02-13,Kedungkandang
"Dieng Tidar, Malang","Dijual Rumah Klasik 2 lantai Posisi Hook di daerah Gunung - gunung, Kota Malang  ✅️ posisi hook, semi furnished ✅️ bangunan masih kokoh ✅...",6000000000.0,4.0,3.0,499.0,350.0,2026-02-13,Sukun
"Lowokwaru, Malang","DIJUAL Rumah Lokasi Hunian Strategis dan Nyaman Dekat Pasar Blimbing, Sekolah Favorit Hwa Ind, Kampus UB, Polinema, Widyagama, ASIA, Kuliner Suhat ...",1500000000.0,4.0,2.0,117.0,132.0,2026-02-13,Lowokwaru
"Kedungkandang, Malang","DIJUAL Rumah dalam Perumahan Elit dengan Berbagai Fasilitas Kemanan 24 Jam, View Indah Gunung, Hawa Sejuk Pegunungan Akses Mudah Kota Malang  Spesi...",3000000000.0,4.0,3.0,247.0,300.0,2026-02-13,Kedungkandang
"Klojen, Malang","DIJUAL Rumah Kawasan Elit Area Tidar Dekat Elpico Mall, Kampus Ma Chung, ITN, Sekolah Kalam Kudus Tidar, Area Kuliner Tidar Kota Malang   Spesifika...",850000000.0,2.0,1.0,111.0,45.0,2026-02-13,Klojen
"Klojen, Malang","DIJUAL Rumah Kondisi Baru direnovasi Lokasi Daerah Tidar Harga Sangat Menarik Dekat Jalan Poros Tidar, Kampus Machung, SPBU Tidar Kota Malang    Sp...",1800000000.0,7.0,3.0,204.0,110.0,2026-02-13,Klojen
"Araya, Malang","Kesempatan terbatas buat Anda dapatkan rumah strategis dengan return investasi tinggi di Malang Kota, Malang. Berada di perumahan mewah  Rumah ini ...",1650000000.0,6.0,3.0,266.0,300.0,2026-02-13,Blimbing
"Klojen, Malang","DIJUAL Rumah Kawasan Elit Area Tidar Dekat Elpico Mall, Kampus Ma Chung, ITN, Sekolah Kalam Kudus Tidar, Area Kuliner Tidar Kota Malang   Spesifika...",850000000.0,2.0,1.0,111.0,45.0,2026-02-13,Klojen
"Klojen, Malang","DIJUAL Rumah Kondisi Baru direnovasi Lokasi Daerah Tidar Harga Sangat Menarik Dekat Jalan Poros Tidar, Kampus Machung, SPBU Tidar Kota Malang    Sp...",1800000000.0,7.0,3.0,204.0,110.0,2026-02-13,Klojen
"Kedungkandang, Malang","DIJUAL Rumah dalam Perumahan Elit dengan Berbagai Fasilitas Kemanan 24 Jam, View Indah Gunung, Hawa Sejuk Pegunungan Akses Mudah Kota Malang  Spesi...",3000000000.0,4.0,3.0,247.0,300.0,2026-02-13,Kedungkandang
"Tlogomas, Malang",Rumah 2 lantai .  For sale rumah di wilayah yang tenang dengan pemandangan perkotaan. Properti 2 lantai bergaya minimalis ini berada di lingkungan ...,850000000.0,9.0,2.0,140.0,140.0,2026-02-13,Lowokwaru
"Araya, Malang",Rumah Kondisi Baru Semi Furnish Design Modern di Araya Golf Malang  Spesifikasi : LT : 165 m2 LB : 150 m2 Lantai : 2 KT : 3 + 1 KM : 2 Listrik : 22...,2500000000.0,3.0,2.0,165.0,150.0,2026-02-13,Blimbing
"Sukun, Malang",Siap huni rumah modern dan minimalisi bandulan kota malang  Hunian strategis kawasan yang sejuk tenang  √ Dekat dieng ijen malang  √ Dekat wisa...,360000000.0,2.0,1.0,60.0,36.0,2026-02-13,Sukun
"Klojen, Malang",LT : 937 m2 LB : 350 m2 KT : 3+1 KM : 2+1 Listrik: 4400 watt  Air :  pdam dan sumur Sertifikat : SHM Garasi : 3 mobil carport : 5 hadap : timur lau...,20000000000.0,4.0,3.0,937.0,350.0,2026-02-13,Klojen
"Klojen, Malang",LT : 937 m2 LB : 350 m2 KT : 3+1 KM : 2+1 Listrik: 4400 watt  Air :  pdam dan sumur Sertifikat : SHM Garasi : 3 mobil carport : 5 hadap : timur lau...,20000000000.0,4.0,3.0,937.0,350.0,2026-02-13,Klojen
"Merjosari, Malang","Rumah 2 lantai di Merjosari, Malang.  Dijual rumah di wilayah yang nyaman dengan pemandangan perkotaan. Properti 2 lantai bergaya modern ini berada...",1150000000.0,10.0,10.0,75.0,133.0,2026-02-13,Lowokwaru
"Araya, Malang","Rumah Bagus & Nyaman di Cluster Brassia Hill the Araya, Bonus Perabot, mudah perawatannya, berada di Lokasi strategis, dekat lapangan Golf, terleta...",1200000000.0,2.0,1.0,70.0,35.0,2026-02-13,Blimbing
"Klojen, Malang","Kesempatan terbatas buat Anda dapatkan rumah strategis dengan return investasi tinggi di Klojen, Malang.  Rumah ini menawarkan kelengkapan fasilita...",1750000000.0,5.0,4.0,177.0,240.0,2026-02-13,Klojen
"Klojen, Malang","Rumah Besar Ada Kolam ikan, Keamanan 24 Jam dengan Access card, Jalan Lebar Dilengkapi Mini Garden Posisi HOOK Dekat Kuliner Kawi, Rumah Sakit, MOG...",5500000000.0,6.0,6.0,338.0,500.0,2026-02-13,Klojen
"Dieng, Malang",Spesifikasi: 2 menit ke kampus UB Dieng akses dekat ke pusat kota Malang ⁠masih ada space luas di belakang yang bisa dijadikan tambahan bangunan ...,2900000000.0,2.0,2.0,378.0,100.0,2026-02-13,Sukun
"Dieng, Malang",Spesifikasi: 2 menit ke kampus UB Dieng akses dekat ke pusat kota Malang ⁠masih ada space luas di belakang yang bisa dijadikan tambahan bangunan ...,2900000000.0,2.0,2.0,378.0,100.0,2026-02-13,Sukun
"Dieng, Malang",Spesifikasi: 2 menit ke kampus UB Dieng akses dekat ke pusat kota Malang ⁠masih ada space luas di belakang yang bisa dijadikan tambahan bangunan ...,2900000000.0,2.0,2.0,378.0,100.0,2026-02-13,Sukun
"Dieng, Malang",Spesifikasi: 2 menit ke kampus UB Dieng akses dekat ke pusat kota Malang ⁠masih ada space luas di belakang yang bisa dijadikan tambahan bangunan ...,2900000000.0,2.0,2.0,378.0,100.0,2026-02-13,Sukun
"Lowokwaru, Malang","I82  *UPDATE TURUN HARGA*  DIJUAL CEPAT RUMAH 1 LANTAI TERAWAT BARU SELESAI RENOVASI, SELANGKAH KE SUHAT MALANG    Suhat, Lowokwaru   Spesifikasi :...",1400000000.0,3.0,2.0,131.0,110.0,2026-02-13,Lowokwaru
"Dieng Tidar, Malang",Dijual Rumah Area Raya Tidar Sebelum VPT With Private Pool  Point of Interest :   - lokasi sebelum VPT - dataran tinggi sehingga View indah - dekat...,19000000000.0,9.0,9.0,2046.0,1500.0,2026-02-13,Sukun
"Lowokwaru, Malang","DIJUAL Rumah Kawasan Hunian One Gate System dengan Suasana Tenang dan Sejuk Dekat Kuliner Sudimoro, Soekarno Hatta, Area Kampus UB, Polinema Kota M...",550000000.0,2.0,1.0,77.0,40.0,2026-02-13,Lowokwaru
"Araya, Malang",DIJUAL CEPAT RUMAH LUAS VIEW GOLF LOKASI ARAYA GOLF MALANG  LT 945 LB 1500 KAMAR TIDUR 8+1  KAMAR MANDI 8+1 Listrik 6600 AIR PDAM & SUMUR GARASI 4 ...,10000000000.0,8.0,8.0,945.0,1500.0,2026-02-13,Blimbing
"Araya, Malang",Dijual Rumah Araya Valley 2 lantai + Rooftop  Point of Interest :   - lingkungan aman dan nyaman - Dekat dengan binus university - Fasilitas super ...,2600000000.0,6.0,3.0,162.0,256.0,2026-02-13,Blimbing
"Lowokwaru, Malang","RUMAH TERAWAT 2,5 LANTAI - FULLY FURNISHED Lokasi : Tectona Residence, Lowokwaru - Kota Malang  Selling Point : - Lingkungan yang Nyaman, Tenang da...",1000000000.0,3.0,2.0,75.0,121.0,2026-02-13,Lowokwaru
"Dieng, Malang","Dijual Rumah Mewah Siap Huni Plus Kolam Renang Di Bukit Dieng, Lokasi Strategis Tengah Kota, Dekat UB 2, Machung, UNMER & Malang City Point   Alama...",12000000000.0,5.0,5.0,860.0,800.0,2026-02-13,Sukun
"Lowokwaru, Malang","RUMAH TERAWAT 2,5 LANTAI - FULLY FURNISHED Lokasi : Tectona Residence, Lowokwaru - Kota Malang  Selling Point : - Lingkungan yang Nyaman, Tenang da...",1000000000.0,3.0,2.0,75.0,121.0,2026-02-13,Lowokwaru
"Sawojajar, Malang",Dijual Rumah Ready Gress American Style di Sawojajar 1 Kota Malang  Spesifikasi : LT : 126 m2 LB : 150 m2 Dimensi : 7 x 18 KT : 4 KM : 3  Listrik :...,1550000000.0,4.0,3.0,126.0,150.0,2026-02-13,Blimbing
"Dieng Tidar, Malang","Dijual Rumah Mewah Konsep Resort + Private Pool dan Rooftop Full Furnished di daerah Tidar, Malang  - Punya konsep resort dengan split level - Lant...",19000000000.0,9.0,9.0,2046.0,1510.0,2026-02-13,Sukun
"Klojen, Malang","Dijual Rumah Hook Kondisi Terawat di Jalan Pulau-Pulau, Klojen Kotamadya Malang  - lokasi strategis di tengah kota Malang - ?1 menit ke RSI Aisyiya...",6000000000.0,5.0,5.0,469.0,600.0,2026-02-13,Klojen
"Blimbing, Malang","DIJUAL RUMAH DI GRAHA KENCANA MALANG  LT� 153 m2 ( lebar 9m ) LB� 110 m2  1,5 Lantai  KT. 3 KM. 3 Dapur Carport  SHM PDAM  Halaman Depan ada Ta...",1450000000.0,3.0,3.0,153.0,110.0,2026-02-13,Blimbing
"Dieng Tidar, Malang",Dijual Rumah Mewah Dengan Private Swimming Pool Lokasi Elit Tidar Malang  LT: 641m2 LB: +/-800 m2 semi furnished KT: 7 + 3 KM: 11 + 2 Ada 1 ruangan...,12500000000.0,7.0,11.0,641.0,800.0,2026-02-13,Sukun
"Sukun, Malang","Rumah Baru Sukun Malang Kota Dengan Desain Industrial 2 Lantai.Full Furnished,Interior,dan Elektronik  HARGA 1,350 M   Spesifikasi Rumah: LT 80 m2 ...",1350000000.0,3.0,3.0,80.0,136.0,2026-02-13,Sukun
"Kedungkandang, Malang","Dijual Rumah Mewah Lokasi di Cemorokandang, Kedungkandang Kota Malang  - hanya 5 menit ke pintu tol kota Malang (Sawojajar) - ?kondisi sangat teraw...",8000000000.0,12.0,6.0,890.0,600.0,2026-02-13,Kedungkandang
"Araya, Malang",Dijual Rumah Araya Valley 2 lantai + Rooftop  Point of Interest :   - lingkungan aman dan nyaman - Dekat dengan binus university - Fasilitas super ...,2600000000.0,6.0,3.0,162.0,256.0,2026-02-13,Blimbing
"Araya, Malang",Rumah Design Modern Siap Huni di Cluster Golf Kota Araya Malang  - kondisi bangunan baru  - ?lingkungan aman dan nyaman - ?one gate system cluster ...,3600000000.0,4.0,3.0,168.0,200.0,2026-02-13,Blimbing
"Blimbing, Malang","Rumah Area Batubara Sulfat Blimbing Kota Malang   Point of interest :  - akses tengah kota  - sekitaran area komersil banyak kuliner , supermarket ...",1100000000.0,2.0,1.0,88.0,130.0,2026-02-13,Blimbing
"Dieng Tidar, Malang","Dijual Rumah Mewah Konsep Resort + Private Pool dan Rooftop Full Furnished di Daerah Tidar, Malang  - Punya konsep resort dengan split level - Lant...",19000000000.0,9.0,9.0,2046.0,1510.0,2026-02-13,Sukun
"Araya, Malang",DIJUAL RUMAH MODERN FULL FURNISHED DI GREENWOOD GOLF ARAYA - MALANG  FULLY� FURNISHED + AC 5 unit (Semuanya kondisi BARU GRESS)  MENGHADAP KE LAP...,4900000000.0,3.0,3.0,240.0,322.0,2026-02-13,Blimbing
"Dieng Tidar, Malang","Dijual Rumah Mewah Konsep Resort + Private Pool dan Rooftop Full Furnished di Daerah Tidar, Malang  - Punya konsep resort dengan split level - Lant...",19000000000.0,9.0,9.0,2046.0,1510.0,2026-02-13,Sukun
"Lowokwaru, Malang","Dijual Rumah 2 Lantai dekat dengan Kampus UIN, UMM, UNISMA di daerah Merjosari Lowokwaru Kota Malang  Perum Grand Aleena, Lowokwaru.  Spesifikasi :...",530000000.0,2.0,1.0,69.0,48.0,2026-02-13,Lowokwaru
"Lowokwaru, Malang",Dijual Rumah Furnished di Graha Mulia Residence Suhat Lowokwaru Malang  Spesifikasi : LT : 86 m2 LB : 170 m2 Lantai : 3 KT : 4 KM : 2 Listrik : 220...,1150000000.0,4.0,2.0,86.0,170.0,2026-02-13,Lowokwaru
"Blimbing, Malang",Rumah Baru American Classic 3 Lantai di Sulfat Blimbing Kota Malang  progress bangun kisaran 85%  Spesifikasi - Legalitas : sertifikat hak milik (S...,2300000000.0,3.0,3.0,96.0,200.0,2026-02-13,Blimbing
"Araya, Malang",Lokasi strategis Lingkungan aman dan nyaman  Kawasan ramai Cocok untuk tempat tinggal,900000000.0,2.0,2.0,99.0,90.0,2026-02-13,Blimbing
"Lowokwaru, Malang",Lokasi strategis Lingkungan aman dan nyaman  Kawasan ramai Cocok untuk tempat tinggal,3500000000.0,5.0,3.0,522.0,350.0,2026-02-13,Lowokwaru
"Lowokwaru, Malang","Rumah siap huni di jalan bunga-bunga , lokasi strategis dekat dengan UB, Polinema, RS Brawijaya, pusat kuliner dll.  NN",2300000000.0,5.0,4.0,142.0,240.0,2026-02-13,Lowokwaru
"Araya, Malang",Dijual Rumah Hook di Nol Jalan Kembar Araya Blimbing Malang   LT : 546 m2  LB : 700 m2  KT : 5  KM : 4 (2 dlm)  Lantai : 2 SHM Listrik : 16.000 Wat...,6000000000.0,5.0,4.0,546.0,700.0,2026-02-13,Blimbing
"Kedungkandang, Malang","Rumah baru dibangun, bangunan bagus, dalam cluster, one gate system keamanan 24 jam. Dekat dengan sekolah, lingkungan asri di Tlogowaru Kedungkanda...",465000000.0,2.0,1.0,72.0,60.0,2026-02-13,Kedungkandang
"Dieng Tidar, Malang","Dijual Rumah Premium Full Furnished Dengan Private Pool di Istana Dieng, Malang  Kolam renang 4 x 9.6 m CCTV 8 titik Genzet ready Pagar remote  Lua...",13500000000.0,6.0,6.0,446.0,500.0,2026-02-13,Sukun
"Merjosari, Malang","Rumah 3 lantai di Merjosari, Malang.  Dijual rumah di wilayah yang tenang dengan pemandangan perkotaan. Properti 3 lantai bergaya minimalist modern...",1400000000.0,17.0,17.0,72.0,216.0,2026-02-13,Lowokwaru
"Sukun, Malang",Rumah Minimalis Desain Timur Tengah Kota Malang  Harga 600 jt an saja langsung bangun  Legalitas SHM & IMB Ready  * 2 menit dari kampus UNIKAMA * 2...,600000000.0,2.0,1.0,82.0,50.0,2026-02-13,Sukun
"Blimbing, Malang","Rumah Dijual Malang Dijual Rumah Araya Malang
 Dimensi 8 x 25 ( 200 mtr)
 LB 100 mtr
 PLN 1300 watt
 PDAM
 KT2 ,KM 2
 Garage
 Row jln  12 mtr
 Loka...",2500000000.0,2.0,2.0,200.0,100.0,2026-02-13,Blimbing
"Klojen, Malang","Bangunan kokoh dan terawat, hunian nyaman, posisi hook",14000000000.0,4.0,2.0,557.0,250.0,2026-02-13,Klojen
"Sawojajar, Malang","Rumah bagus minimalis 1.5 lt, 4 kamar tidur siap huni bangunan terawat.semi furnished,dekat bandara,one gate system,ada club house,tempat ibadah,cc...",800000000.0,4.0,3.0,122.0,160.0,2026-02-13,Blimbing
"Araya, Malang","FOR SALE – RUMAH MEWAH di ARAYA MALANG  Harga Spesial: 3,5 Milyar (NEGO SAMPAI DEAL langsung pemilik) Lokasi Super Strategis: 2 menit ke Plaza Ar...",3500000000.0,2.0,4.0,250.0,320.0,2026-02-13,Blimbing
"Araya, Malang","Kesempatan terbatas buat Anda dapatkan rumah nyaman dengan return investasi tinggi di Araya, Malang.  Rumah ini menawarkan lokasi yang strategis se...",1250000000.0,3.0,2.0,170.0,150.0,2026-02-13,Blimbing
"Araya, Malang",DIJUAL RUMAH ELITE JALAN KEMBAR PBI ARAYA KOTA MALANG HARGA MIRING   ROW JALAN KEMBAR BOULEVARD   SELANGKAH KE PLAZA ARAYA  Lokasi : PERUMAHAN ELIT...,7500000000.0,5.0,5.0,499.0,355.0,2026-02-13,Blimbing
"Dieng, Malang",Dijual Rumah Siap Huni di Perumahan Puncak Dieng Malang  - 2 menit ke kampus UB Dieng - ⁠akses dekat ke pusat kota Malang - ⁠masih ada space lu...,2900000000.0,2.0,2.0,378.0,100.0,2026-02-13,Sukun
"Lowokwaru, Malang","Turun Harga  Dijual Rumah di Perumahan PNS, Joyo Agung Tlogomas Lowokwaru, Malang   Kondisi terawat dan siap huni Akses jalan cukup lebar Kamar man...",795000000.0,2.0,2.0,99.0,95.0,2026-02-13,Lowokwaru
"Klojen, Malang","Rumah Siap Huni Dekat Malang City Point dan Cybermall dan dekat Jalan Raya Langsep Klojen Kota Malang  Jl Buah-buahan, Klojen  Spesifikasi: Legalit...",6500000000.0,8.0,6.0,286.0,500.0,2026-02-13,Klojen
"Lowokwaru, Malang",Rumah 2 Lantai Minimalis Lokasi Strategis Di Permata Jingga  Bangunan terawat dan siap huni  Lokasi dekat ke : - sekolah sman 9 malang - kampus uni...,3000000000.0,5.0,3.0,200.0,118.0,2026-02-13,Lowokwaru
"Blimbing, Malang","Lingkungan aman dan nyaman, row jalan lebar, dekat Binus, rumah sakit persada",2300000000.0,3.0,2.0,200.0,121.0,2026-02-13,Blimbing
"Araya, Malang","Indent Bangun 6 Bulan  Dijual Rumah Baru Design Minimalis Kontemporer di Cluster Hill, The Araya Malang  Hanya 3 menit ke Araya Golf Club House Lok...",2500000000.0,3.0,3.0,144.0,190.0,2026-02-13,Blimbing
"Tlogomas, Malang","Rumah bergaya modern glass house di Tlogomas.  Cek segera rumah 2 lantai yang asri ini,  dijual dengan pemandangan asri yang menambah nilai estetik...",1650000000.0,5.0,3.0,186.0,180.0,2026-02-13,Lowokwaru
"Sukun, Malang","Turun Harga   Dijual Rumah Klasik Baru Renov di Tidar Bawah, Sukun Kota Malang  Minim sekat Row Jalan 2 mobil simpangan lancar Lokasi strategis han...",4000000000.0,4.0,2.0,323.0,270.0,2026-02-13,Sukun
"Dieng, Malang",Dijual Rumah Siap Huni di Perumahan Puncak Dieng Malang  - 2 menit ke kampus UB Dieng - ⁠akses dekat ke pusat kota Malang - ⁠masih ada space lu...,2900000000.0,2.0,2.0,378.0,100.0,2026-02-13,Sukun
"Dieng, Malang","Dijual Rumah Siap Huni di Perumahan Puncak Dieng, Dieng Malang  2 Menit ke Kampus UB Dieng Akses dekat ke pusat kota Malang Masih ada space luas di...",2900000000.0,2.0,2.0,378.0,100.0,2026-02-13,Sukun
"Kedungkandang, Malang",RUMAH jual dijual  perumahan wonokoyo  Dijual cepat rumah 1 lantai cantik & bagus harga sangat terjangkau  MALANG KEDUNGKANDANG,320000000.0,2.0,1.0,72.0,47.0,2026-02-13,Kedungkandang
"Kedungkandang, Malang","Rumah Dijual Malang Hunian eksklusif, nyaman, tenang & asri dikawasan yang tenang dengan view kota Malang.
 
 Fasilitas di area sekitar :
 - 6 meni...",900000000.0,3.0,2.0,105.0,70.0,2026-02-13,Kedungkandang
"Lowokwaru, Malang","FOR SALE HOT UNIT lokasi strategis di Lowokwaru Kota Malang. Hunian asri, nyaman, sejuk cocok untuk rumah di masa tua. Layout luas pilihan tepat un...",6000000000.0,4.0,4.0,441.0,300.0,2026-02-13,Lowokwaru
"Araya, Malang","DIJUAL RUMAH 2 LANTAI - KAWASAN PBI, LOKASI STRATEGIS Hunian nyaman dengan fasilitas lengkap, cocok untuk keluarga maupun investasi.   Dekat sekola...",1450000000.0,4.0,3.0,135.0,200.0,2026-02-13,Blimbing
"Blimbing, Malang","Rumah 1 lantai di Blimbing, Malang.  Dijual rumah di wilayah yang asri dengan pemandangan perkotaan. Properti 1 lantai bergaya modern ini berada di...",1500000000.0,4.0,2.0,176.0,150.0,2026-02-13,Blimbing
"Dieng Tidar, Malang","Dalam Perumahan Elit Tidar Suasana Sejuk dan Nyaman Akes Mudah Ke Pusat Kota  Dekat Kampus Ma Chung, Sekolah Charis, Elpico Mall  Spesifikasi : Ser...",1990000000.0,3.0,2.0,120.0,80.0,2026-02-13,Sukun
"Klojen, Malang","Rumah Besar Ada Kolam ikan, Keamanan 24 Jam dengan Access card, Jalan Lebar Dilengkapi Mini Garden Posisi HOOK Dekat Kuliner Kawi, Rumah Sakit, MOG...",5500000000.0,8.0,7.0,338.0,500.0,2026-02-13,Klojen
"Araya, Malang","Rumah Dijual Malang Rumah 2 Lantai Murah Banget Siap Huni Araya Hanya 3 Menit ke Binus Araya dan 5 Menit ke Mall Araya Sangat Cocok Buat Hunian, Ko...",1150000000.0,4.0,2.0,108.0,160.0,2026-02-13,Blimbing
"Cemorokandang, Malang","RUMAH MINIMALIS MODERN AMERICAN CLASSIC - CUKUP BAYAR 6 JUTA!   Hunian elegan bergaya American Classic warna putih yang mewah dan modern, cocok unt...",383000000.0,2.0,1.0,72.0,45.0,2026-02-13,Klojen
"Cemorokandang, Malang","RUMAH MINIMALIS MODERN AMERICAN CLASSIC - CUKUP BAYAR 6 JUTA!   Hunian elegan bergaya American Classic warna putih yang mewah dan modern, cocok unt...",595000000.0,3.0,2.0,84.0,72.0,2026-02-13,Klojen
"Dieng Tidar, Malang","Rumah Baru Modern Minimalis Kawasan Elite Perumahan Dieng.  Rumah berada di daerah perumahan dieng tidar malang Lokasi strategis, tidak jauh dari p...",3500000000.0,3.0,3.0,330.0,350.0,2026-02-13,Sukun
"Cemorokandang, Malang","RUMAH MURAH 200 JUTAAN,  DEKAT EXIT TOL SAWOJAJAR, MALANG. CUKUP BAYAR 6 JUTA !  Hunian elegan bergaya American Classic warna putih yang mewah dan ...",262000000.0,2.0,1.0,66.0,36.0,2026-02-13,Klojen
"Blimbing, Malang",Permata Bandara menawarkan hunian minimalis modern dengan tata ruang lega dan nyaman. Setiap unit ditata untuk memenuhi kebutuhan keluarga. Didukun...,299000000.0,2.0,1.0,72.0,40.0,2026-02-13,Blimbing
"Klojen, Malang","Rumah Jual Posisi Hook Lokasi Strategis di Tengah Kota Area Klojen Dekat Dengan Rumah Sakit Lavalette, 10 Menit ke ALun-Alun Kota Malang   Spesifik...",2800000000.0,5.0,3.0,267.0,250.0,2026-02-13,Klojen
"Klojen, Malang","Langka!! Rumah Etnis Belanda Kawasan Premium Poros Jl Besar Ijen Malang  Lokasi nyaman, dekat dengan pusat perbelanjaan, alun2 kota, rumah sakit, k...",38000000000.0,8.0,2.0,880.0,330.0,2026-02-13,Klojen
"Blimbing, Malang","Rumah Jual Area Lowokwaru 3 Menit ke SMA Hwa Ind, Univ Widyagama, BCA Borobudur, 5 Mneit ke Pasar Blimbing, 10 Menit ke Matos, Transmart  Spesifika...",4000000000.0,5.0,4.0,303.0,375.0,2026-02-13,Blimbing
"Dieng, Malang","Rumah Premium Full Furnished dengan Private Pool di Istana Dieng, Malang  Kolam renang 4 x 9.6 m Pagar remote + CCTV 8 titik Genzet ready Lampu dep...",15000000000.0,6.0,6.0,446.0,500.0,2026-02-13,Sukun
"Merjosari, Malang","Kesempatan terbatas buat Anda dapatkan rumah strategis dengan return investasi tinggi di Merjosari, Malang.  Rumah ini menawarkan kelengkapan fasil...",975000000.0,10.0,10.0,75.0,130.0,2026-02-13,Lowokwaru
"Kedungkandang, Malang",Spesifikasi: - ⁠One Gate System - ⁠CCTV 24jam - ⁠Dekat Exit Tol Malang / Sawojajar 5mnt - Akses jalan Double dan lebar - Dekat Bandara Abdulr...,675000000.0,3.0,2.0,72.0,84.0,2026-02-13,Kedungkandang
"Dieng, Malang","Rumah Baru Renov di daerah Dieng, Kota Malang  ✅️ selangkah ke Universitas Merdeka ✅️ 7 menit ke MOG ✅️ rumah baru renovasi, row jalan ...",530000000.0,2.0,1.0,72.0,45.0,2026-02-13,Sukun
"Merjosari, Malang","Rumah hook 2 lantai di Merjosari, Malang.  Dijual rumah hook di wilayah yang nyaman dengan pemandangan Lokasi dipusat kota. Properti 2 lantai berga...",975000000.0,10.0,10.0,75.0,160.0,2026-02-13,Lowokwaru
"Sukun, Malang","Rumah 2 lantai di Sukun, Malang.  Dijual rumah di wilayah yang nyaman dengan pemandangan perkotaan. Properti 2 lantai bergaya minimalist modern ini...",285000000.0,2.0,1.0,50.0,36.0,2026-02-13,Sukun
"Kedungkandang, Malang",Rumah 2 Lantai Minimalis Modern Lokasi Springhill Garden Sawojajar  Bangunan siap huni dan terawat  Lokasi dekat ke : - exit tol ki ageng gribig - ...,2000000000.0,4.0,4.0,180.0,250.0,2026-02-13,Kedungkandang
"Blimbing, Malang",Rumah baru renovasi  SHM/IMB/NOP Lengkap dan ON HAND NON FURNISHED Hadap TIMUR  Dijual karena pindah keluar kota  * 5 Menit Pintu Tol Singosari * 5...,600000000.0,2.0,1.0,84.0,80.0,2026-02-13,Blimbing
"Lowokwaru, Malang","Dijual Rumah Hoek 1 Lantai dalam Perumahan di Sengkaling, Malang  Pilihan tepat untuk hunian maupun investasi.  Dekat dengan berbagai destinasi fav...",1500000000.0,3.0,2.0,220.0,100.0,2026-02-13,Lowokwaru
"Sukun, Malang","Rumah Jual Dalam Perumahan Yang Bersih, Aman, Nyaman Berada di Blok Jalan Kembar, Lokasi Strategis Dekat Unikama (Universitas Kanjuruhan Malang), J...",1300000000.0,4.0,3.0,176.0,200.0,2026-02-13,Sukun
"Araya, Malang","Dijual Rumah Full Furnished & Siap Huni di Daerah Depan Perumahan Elite Araya, Blimbing Kota Malang   LT 500 m² (20m x 25m) LB 245 m² KT 4+1 KM 2...",5000000000.0,4.0,2.0,500.0,245.0,2026-02-13,Blimbing
"Lowokwaru, Malang","Rumah Jual Dekat Soekarno Hatta dan Belakang Kampus ASIA, dekat Kampus Widyagama, Polinema, Univ. Brawijaya, Kuliner Suhat, RS UB dan RSIA Permata ...",1750000000.0,3.0,2.0,157.0,100.0,2026-02-13,Lowokwaru
"Lowokwaru, Malang","Rumah DIJUAL - Kondisi Istimewa | Lokasi Strategis Bunga-Bunga Kota Malang  Hunian nyaman dan siap huni di kawasan favorit, cocok untuk keluarga ma...",1000000000.0,3.0,2.0,156.0,135.0,2026-02-13,Lowokwaru
"Sukun, Malang","Dijual Rumah 2 Lantai di Perumahan Sukun Pondok Indah - Kota Malang Harga Turun! Dari Rp 2 M -> Sekarang Hanya Rp 1,7 Miliar (Nego) Lokasi Strategi...",1700000000.0,4.0,3.0,222.0,118.0,2026-02-13,Sukun
"Sawojajar, Malang","DIJUAL RUMAH 2 LANTAI FULL RENOVASI - SIAP HUNI  Lokasi Jalan Danau Limboto, Sawojajar - Kota Malang Sertifikat Hak Milik (SHM) - Milik Pribadi  Ha...",750000000.0,3.0,2.0,70.0,100.0,2026-02-13,Blimbing
"Sukun, Malang","Rumah dijual di Jl. Pulau Galang, Sukun, Malang ini menawarkan hunian yang nyaman dengan lokasi strategis di kawasan Sukun. Lingkungan yang asri, a...",1400000000.0,3.0,3.0,121.0,135.0,2026-02-13,Sukun
"Lowokwaru, Malang",Dijual Rumah Private Cluster Terawat Siap Huni 2 Kamar Jalan Ikan Ikan Lowokwaru Malang  - 3 menit ke sekolah Hwaind - ⁠5 menit ke Suhat - ⁠One...,650000000.0,2.0,1.0,83.0,65.0,2026-02-13,Lowokwaru
"Araya, Malang","INDENT BANGUN 6 BULAN]  Dijual Rumah Baru Design Minimalis Kontemporer di Cluster Hill, The Araya Malang  - hanya 3 menit ke Araya Golf Club House ...",2500000000.0,3.0,3.0,144.0,190.0,2026-02-13,Blimbing
"Blimbing, Malang","‼️Dijual‼️ Rumah 2 lantai siap huni.  Lokasi jalan ikan-ikan, blimbing, kota Malang  Spesifikasi LT: 160 m² LB: 140 m² KT: 4  KM: 4  Sert...",1200000000.0,4.0,4.0,160.0,140.0,2026-02-13,Blimbing
"Cemorokandang, Malang","* Promo Bebas Semua Biaya,Free Kanopy (Khusus 2 Lantai)dan Smart door lock - Special Promo FEBRUARI 2026  ditambah FREE  keramik carport terpasang ...",689000000.0,3.0,2.0,65.0,60.0,2026-02-13,Klojen
"Klojen, Malang",I75 *HOT LISTING*‼️  DIJUAL CEPAT NEGO SAMPE DEAL RUMAH 2 LANTAI LOKASI PUSAT KOTA MALANG DAERAH RAMPAL  Spesifikasi  - LT 212 LB 150 - KT 4 KM...,1800000000.0,4.0,3.0,212.0,150.0,2026-02-13,Klojen
"Klojen, Malang","Turun Harga  Dijual Rumah Modern Premium di Jaksa Agung Suprapto, Klojen Malang   Karya arsitek Andy Rahman Ada swimming pool / kolam renang Full F...",5900000000.0,5.0,4.0,436.0,700.0,2026-02-13,Klojen
"Blimbing, Malang",Dijual Rumah Baru Full Furnish Model Minimalis di Graha Kencana Malang  SPESIFIKASI LT 170m2 LB� +/- 240 m2 KT 4 +1 KM 4+1 (3 KM dalam) Dapur ber...,2790000000.0,4.0,4.0,170.0,240.0,2026-02-13,Blimbing
"Dieng, Malang",LOKASI di Perumahan Puncak Dieng Malang  * 2 menit ke kampus UB Dieng * ⁠akses dekat ke pusat kota Malang * ⁠masih ada space luas di belakang y...,2900000000.0,2.0,2.0,378.0,100.0,2026-02-13,Sukun
"Araya, Malang",* hanya 3 menit ke Araya Golf Club House * ⁠lokasi dekat ke kampus Binus * ⁠denah layout dan gambar kerja sudah ready  * ⁠akan terima kondisi...,2500000000.0,3.0,3.0,144.0,190.0,2026-02-13,Blimbing
"Sukun, Malang",Modern 2 lantai at Bandulan Malang  Miliki hunian baru modern 2 lantai yang memadukan sebuah gaya hidup dan kesuksesan penghuninya.   Terletak di a...,475000000.0,2.0,1.0,70.0,55.0,2026-02-13,Sukun
"Merjosari, Malang","RUMAH MURAH DEKAT KAMPUS UB  Berada di joyoagung merjosari lowokwaru malang  Hunian scandinavian industrial, konsep hunian yg sangat cocok khusus a...",480000000.0,2.0,1.0,72.0,40.0,2026-02-13,Lowokwaru
"Tlogomas, Malang",- Kamar Tidur: 10   - Kamar Mandi: 10   - Sertifikat: SHM - Sertifikat Hak Milik   - Hadap: Timur   - Kondisi Perabotan: Furnished  Tentunya proper...,1150000000.0,10.0,10.0,75.0,150.0,2026-02-13,Lowokwaru
"Klojen, Malang",Rumah Banyak Kamar Luas Strategis Di Daerah Buah2an  Bangunan kokoh dan lokasi strategis  Lokasi dekat ke : - plaza dieng - malang city point - sma...,3000000000.0,10.0,5.0,226.0,350.0,2026-02-13,Klojen
"Dieng, Malang","Rumah Nyaman di Perum Puncak Dieng - Siap Huni & Strategis  Hunian dalam perumahan yang tenang, nyaman, dan asri, cocok untuk tempat tinggal keluar...",990000000.0,3.0,2.0,98.0,60.0,2026-02-13,Sukun
"Blimbing, Malang","Rumah Modern Furnished di Jalan Teluk-Teluk, Blimbing Kota Malang lokasi sangat dekat perumahan PBI Araya selangkah ke terminal Arjosari bangunan b...",3300000000.0,5.0,4.0,301.0,285.0,2026-02-13,Blimbing
"Blimbing, Malang","Hunian Strategis & Nyaman di Teluk Pelabuhan Ratu, Blimbing Temukan kenyamanan hidup di salah satu lokasi paling diburu di Kota Malang. Properti ya...",1500000000.0,6.0,3.0,165.0,165.0,2026-02-13,Blimbing
"Araya, Malang",Rumah dijual di lokasi strategis di Kota Malang!  Rumah Araya Malang menawarkan hunian mewah dengan luas bangunan 180m² dan luas lahan 144m². Ber...,1850000000.0,4.0,3.0,144.0,180.0,2026-02-13,Blimbing
"Araya, Malang","Rumah 1 lantai di Araya, Malang.  For sale rumah di wilayah yang tenang. Properti 1 lantai ini berada di lingkungan yang mudah dijangkau.  Rinciann...",2100000000.0,3.0,2.0,263.0,150.0,2026-02-13,Blimbing
"Sukun, Malang","Rumah di Sukun.  Dapatkan rumah 1 lantai yang asri ini,  dijual dengan pemandangan indah yang menambah nilai estetika di lingkungan hunian. Rumah i...",600000000.0,3.0,2.0,98.0,70.0,2026-02-13,Sukun
"Blimbing, Malang","Rumah strategis di Malang dekat Soekarno Hatta! Hunian 2 lantai dengan 4+1 KT, 2 KM, dan garasi mobil. SHM, siap KPR. Lokasi dekat UB, rumah sakit,...",1000000000.0,4.0,2.0,84.0,100.0,2026-02-13,Blimbing
"Araya, Malang","Rumah dijual di cluster favorit perumahan elit Araya, View Golf. Harga super murah. Model minimalis, bangunan model kekinian. Ceiling tinggi. lokas...",2800000000.0,3.0,2.0,300.0,200.0,2026-02-13,Blimbing
"Dieng, Malang",Bangunan luas dan terawat,15000000000.0,5.0,1.0,760.0,400.0,2026-02-13,Sukun
"Lowokwaru, Malang","FOR SALE – BOARDING HOUSE DAN CO WORKING SPACE SIAP HASILKAN CUAN DI MALANG Lokasi Premium, Investasi Strategis, Siap Langsung Jalan Lokasi: Jala...",3000000000.0,11.0,11.0,280.0,400.0,2026-02-13,Lowokwaru
"Araya, Malang","Rumah Dijual Malang Rumah minimalis di Jasmine Valley Araya
 \u2705 one gate system, security 24 jam
 \u2705 dekat Univ Binus
 \u2705 ada tambahan ...",775000000.0,3.0,2.0,60.0,69.0,2026-02-13,Blimbing
"Araya, Malang","Dijual Rumah Modern 2 Lantai di Cluster Area Golf Araya Lokasi Sangat Tenang & Nyaman Dekat Sekolah Saint Joseph, Kampus Binus  > 2 Menit ke Kampus...",3200000000.0,5.0,5.0,184.0,260.0,2026-02-13,Blimbing
"Lowokwaru, Malang",Rumah Jual Kondisi Terawat Harga Menarik Dekat Kampus UB Cocok untuk Keluarga atau Kontrakan Area Pusat Kuliner Sigura-gura Akses Mudah    Spesifik...,1600000000.0,3.0,2.0,98.0,102.0,2026-02-13,Lowokwaru
"Lowokwaru, Malang","Rumah dengan konsep dan desain yang modern dan keamanan yang sudah one gate system, serta akses mudah ke transportasi umum dan lokasi strategis lai...",850000000.0,3.0,2.0,72.0,68.0,2026-02-13,Lowokwaru
"Sukun, Malang",RUMAH LANTAI GRANIT FREE KITCHEN SET DAN CCTV  KLAYATAN - Malang LT 65 LB 60 KT 3 KM 2 Dimensi 6.5 x 10 Listrik 1300 Rp 600.000.000  SHM Hadap Utar...,600000000.0,3.0,2.0,65.0,60.0,2026-02-13,Sukun
"Sukun, Malang","Kesempatan terbatas buat Anda dapatkan rumah strategis dengan return investasi tinggi di Sukun, Malang.  Rumah ini menawarkan lokasi yang strategis...",300000000.0,3.0,1.0,80.0,50.0,2026-02-13,Sukun
"Kedungkandang, Malang","Dijual Rumah Premium di Cluster The Peak Perumahan Citra Garden, Kedungkandang Kota Malang  - 15 menit dari pintu tol Malang Kota - develop by Cipu...",3300000000.0,4.0,3.0,180.0,201.0,2026-02-13,Kedungkandang
"Sawojajar, Malang","Rumah Jual Lokasi Depan Lapangan Parkir Bersama Akses Jalan Mobil Suasana Nyaman, Kawasan Padat Penduduk. 2 Kamar Jadi 1 Kamar Besar  Spesifikasi :...",410000000.0,1.0,1.0,70.0,63.0,2026-02-13,Blimbing
"Blimbing, Malang",RUMAH jual dijual  Simpang Teluk Bayur  Dijual cepat rumah 1 lantai cantik & bagus modern harga terjangkau  MALANG BLIMBING,465000000.0,2.0,1.0,72.0,54.0,2026-02-13,Blimbing
"Araya, Malang","Dijual Rumah Mewah Siap Huni Di Perum Araya, Ada Rooftop, Row Jalan Lebar, Security 24 Jam, Dekat Exit Tol, BINUS University Dan Courtyard  Alamat ...",6500000000.0,6.0,3.0,416.0,400.0,2026-02-13,Blimbing
"Lowokwaru, Malang","DIJUAL RUMAH di Green View Tasikmadu, Lowokwaru, Kota Malang Dekat Jl. Suhat, UB & Polinema Spesifikasi: Legalitas: SHM Jumlah Lantai: 1 Lantai Lua...",550000000.0,2.0,1.0,72.0,48.0,2026-02-13,Lowokwaru
"Blimbing, Malang",Dijual cepat Rumah Bagus dan cantik Siap Huni modern harga terjangkau murah Lingkungan nyaman dan aman Row jalan lebar Rumah semi free Furnished,850000000.0,4.0,2.0,109.0,109.0,2026-02-13,Blimbing
"Blimbing, Malang",RUMAH jual dijual perum de cluster Nirwana pandanwangi  Dijual cepat rumah perumahan de cluster pandanwangi MALANG BLIMBING,650000000.0,2.0,1.0,84.0,60.0,2026-02-13,Blimbing
"Blimbing, Malang",RUMAH jual dijual jalan teluk cendrawasih  Dijual cepat rumah bagus dan cantik Siap Huni harga terjangkau murah MALANG BLIMBING,1100000000.0,8.0,2.0,240.0,300.0,2026-02-13,Blimbing
"Blimbing, Malang","Bangunan terawat, lingkungan aman dan nyaman, dekat Hawai Waterpark. Cocok bagi yang sering melakukan perjalanan dari Surabaya ke Malang",1500000000.0,2.0,2.0,144.0,90.0,2026-02-13,Blimbing
"Lowokwaru, Malang",RUMAH jual dijual perumahan Griya sejahtera  Dijual cepat rumah 1 lantai cantik & bagus harga sangat terjangkau  MALANG LOWOKWARU,410000000.0,2.0,1.0,60.0,60.0,2026-02-13,Lowokwaru
"Lowokwaru, Malang",RUMAH jual dijual  Piranha green park  Dijual. cepat rumah 2 lantai cantik & bagus modern harga terjangkau  MALANG LOWOKWARU,1490000000.0,3.0,2.0,100.0,120.0,2026-02-13,Lowokwaru
"Kedungkandang, Malang",Spesifikasi: - ⁠One Gate System - ⁠CCTV 24jam - ⁠Dekat Exit Tol Malang / Sawojajar 5mnt - Akses jalan Double dan lebar - Dekat Bandara Abdulr...,675000000.0,3.0,2.0,72.0,84.0,2026-02-13,Kedungkandang
"Merjosari, Malang","Rumah 2 lantai di Merjosari, Malang.  For sale rumah di wilayah yang tenang dengan pemandangan Lokasi dipusat kota. Properti 2 lantai ini berada di...",1400000000.0,12.0,12.0,80.0,140.0,2026-02-13,Lowokwaru
"Dieng, Malang",DIJUAL RUMAH MINIMALIS CANTIK  SIAP HUNI KOTA MALANG LOKASI PONDOK MUTIARA ASRI PANDAN LANDUNG   Harga 450 Juta ❌ *TURUN HARGA JADI 425 JUTA NEGO...,425000000.0,2.0,1.0,67.0,50.0,2026-02-13,Sukun
"Sukun, Malang","Rumah Istana Dieng, Malang LT 370m2 (12x31) LB 300m2 (2 lantai)  KT 3 + 1 : Kamar tidur atas 1 (set furnish+krm mandi dalam), Kamar tidur bawah 2 (...",6500000000.0,3.0,3.0,370.0,300.0,2026-02-13,Sukun
"Blimbing, Malang",RUMAH jual dijual perumahan Plaosan permai estate  Dijual cepat Rumah perumahan Plaosan permai estate MALANG BLIMBING,700000000.0,2.0,1.0,96.0,60.0,2026-02-13,Blimbing
"Lowokwaru, Malang","Rumah Joyogrand Merjosari Lowokwaru Malang Kota Dijual Murah B.U Poll wa.me/628133144xxxx  Spek: - Type 65/63 (2 Lantai) - 3 KT, 2 KM - Surat SHM -...",695000000.0,4.0,2.0,63.0,65.0,2026-02-13,Lowokwaru
"Klojen, Malang","Rumah Besar Ada Kolam ikan, Keamanan 24 Jam dengan Access card, Jalan Lebar Dilengkapi Mini Garden Posisi HOOK Dekat Kuliner Kawi, Rumah Sakit, MOG...",5500000000.0,6.0,6.0,338.0,500.0,2026-02-13,Klojen
"Klojen, Malang","Rumah Nyaman 1 lantai,Bangunan luas,lebar 12 meter,Garasi 3 mobil.Lokasi di Jalan Ade Irma Suryani,Klojen Malang.Dekat Pasar Besar,Alun Alun Merdek...",2000000000.0,3.0,2.0,332.0,250.0,2026-02-13,Klojen
"Kedungkandang, Malang","Rumah Jual Dekat Cassablanca Residence, Oma View, Bandara, Exit tol, Area Sawojajar Akses Mudah Ke Pusat Kota Cocok untuk Hunian Keluarga. Furnishe...",750000000.0,3.0,3.0,200.0,120.0,2026-02-13,Kedungkandang
"Araya, Malang","Rumah yg terletak di perumahan dengan fasilitas paling lengkap di malang Dekat dengan Mall , RS , Lap Golf , Kampus dll Cocok untuk hunian View Gol...",4750000000.0,3.0,3.0,240.0,330.0,2026-02-13,Blimbing
"Lowokwaru, Malang","Rumah 2 Lantai Fully Furnished - Siap Huni di Lokasi Premium Malang  Hunian siap langsung ditempati, desain nyaman dengan furnitur lengkap. Lokasi ...",1100000000.0,3.0,2.0,75.0,140.0,2026-02-13,Lowokwaru
"Lowokwaru, Malang","Guest House dan Resto 4 lantai,bangunan bagus,kamar banyak Full Furnish,dilengkapi dengan AC,Water Heater,TV di setiap Kamar tidur Genset 70.000 Wa...",15000000000.0,30.0,30.0,731.0,1500.0,2026-02-13,Lowokwaru
"Dieng, Malang",DIJUAL Rumah Siap Huni Lengkap Perabot Di Komplek Elit Istana Dieng . Lokasi Nyaman Dengan Security 24 Jam Dan fasilitas Club House  Spesifikasi : ...,2200000000.0,2.0,1.0,119.0,90.0,2026-02-13,Sukun
"Sukun, Malang","Rumah Siap Huni Green Diamond Residence, Malang Semi Furnished, Bangunan Baru Tahun 2024 Akhir, Dekat Pasar Induk Gadang, One Gate System, Ada Balk...",2500000000.0,3.0,2.0,142.0,200.0,2026-02-13,Sukun
"Lowokwaru, Malang","Selling Point : Lingkungan yang Nyaman, Tenang dan Aman Ada Backyard Luas yang masih bisa difungsikan sesuai kebutuhan Ada Mezzanine Row Jalan 2 Mo...",750000000.0,1.0,1.0,142.0,66.0,2026-02-13,Lowokwaru
"Blimbing, Malang","Rumah Strategis 1 lantai,Bangunan bagus,bisa untuk usaha.Lokasi.di Jalan Tumenggung Suryo,Blimbing Malang.Dekat Sekolah SMPN 5,RS.Lavalette.Lingkun...",1700000000.0,5.0,2.0,150.0,126.0,2026-02-13,Blimbing
"Sawojajar, Malang","Kesempatan terbatas buat Anda dapatkan rumah nyaman dengan return investasi tinggi di Sawojajar, Malang.  Rumah ini menawarkan kelengkapan fasilita...",1000000000.0,4.0,3.0,100.0,120.0,2026-02-13,Blimbing
"Sukun, Malang","Rumah nyaman 2 lantai, bangunan luas, terawat, kamar tidur 7,kamar mandi 5,ada garasi dan carport. Lokasi di Perumahan Janti Barat, Sukun Malang, d...",1750000000.0,7.0,5.0,227.0,250.0,2026-02-13,Sukun
"Kedungkandang, Malang","DI JUAL RUMAH MINIMALIS CANTIK 1,5 LANTAI SIAP HUNI LOKASI K.H MALIK DALAM KERUNGKANDANG KOTA MALANG ( Tanpa Furnished)  *Harga 585 Juta (Nego)*  R...",585000000.0,3.0,1.0,72.0,108.0,2026-02-13,Kedungkandang
"Lowokwaru, Malang","Selling Point : 7 menit ke Sukarno Hatta Malang Dekat beberapa kampus UB, UMm, ITN 2, ASIA, Unisma dll ⁠View pegunungan Semeru, Kawi, Arjuno, Put...",975000000.0,3.0,1.0,135.0,100.0,2026-02-13,Lowokwaru
"Klojen, Malang","Butuh Segera Laku!!! Rumah Mewah Kawasan Elite Ijen Nirwana Luas 338
 
 Area perumahan yang nyaman dengan keamanan 24 jam, kawasan elite.
 
 Lokasi...",5500000000.0,8.0,7.0,338.0,500.0,2026-02-13,Klojen
"Lowokwaru, Malang","TURUN HARGA !! Rumah Siap Huni 2,5 lantai Dekat Suhat, Kota Malang   Berada di kawasan dekat Kampus2 Nasional dan Internasional : UB, ITN, UMM, UNI...",898000000.0,3.0,2.0,72.0,110.0,2026-02-13,Lowokwaru
"Dieng, Malang","Kode LV Rumah luas dan nyaman, lokasi Dieng, ada kolam ikan, lingkungan aman dan tenang",3750000000.0,5.0,2.0,450.0,300.0,2026-02-13,Sukun
"Lowokwaru, Malang","Jual Cepat Rumah di Perumahan Green Pavillion, Lowokwaru, Malang - Hunian Nyaman & Strategis  Dapatkan rumah eksklusif di Perumahan Green Pavillion...",1700000000.0,3.0,2.0,132.0,146.0,2026-02-13,Lowokwaru
"Araya, Malang",(RKS508) [INDENT BANGUN 6 BULAN]  - Hanya 3 Menit Ke Araya Golf Club House - ⁠Lokasi Dekat Ke Kampus Binus - ⁠Denah Layout Dan Gambar Kerja Sud...,2500000000.0,4.0,4.0,144.0,190.0,2026-02-13,Blimbing
"Dieng, Malang","Dijual Rumah Premium Full Furnished dengan Private Pool di Istana Dieng, Malang  Kolam renang 4 x 9.6 m Pagar remote + CCTV 8 titik Genzet ready La...",15000000000.0,6.0,6.0,446.0,500.0,2026-02-13,Sukun
"Sawojajar, Malang","Rumah Nyaman 1 lantai,Bangunan bagus,terawat,Ada Halaman belakang,Siap huni.Lokasi di Tondano Raya,Sawojajar,Malang.Dekat pusat kuliner,pusat bisni...",1900000000.0,4.0,2.0,293.0,220.0,2026-02-13,Blimbing
"Kedungkandang, Malang",Kedungkandang   Hanya 2 menit dari Jalan Raya Mayjen Sungkono Berada dalam cluster dengan one gate system dengan security 24/7 Row jalan 2 mobil si...,875000000.0,3.0,2.0,84.0,84.0,2026-02-13,Kedungkandang
"Lowokwaru, Malang",RUMAH jual dijual Mutiara Tasikmadu  Dijual secepatnya Rumah Satu Lantai bagus & cantik harga sangat terjangkau  MALANG LOWOKWARU,600000000.0,2.0,1.0,93.0,36.0,2026-02-13,Lowokwaru
"Dieng, Malang",*DIJUAL RUMAH MEWAH FULL FURNISHED DI ISTANA DIENG MALANG*   LT 400 m² LB ± 1000 m² KT 5+1 KM 4+1 Hadap Timur PDAM (2 meteran) PLN 5500 (2 meter...,13500000000.0,5.0,4.0,400.0,1000.0,2026-02-13,Sukun
"Blimbing, Malang","Rumah Nyaman 3 Lantai, Bangunan premium, ada 3 Kamar tidur, 2 Kamar mandi. Dekat Kampus BINUS, TOL Lingkungan nyaman, tenang, aman. (yen)",3790000000.0,3.0,3.0,120.0,273.0,2026-02-13,Blimbing
"Lowokwaru, Malang","Rumah 2 lantai di Lowokwaru, Malang.  Dijual rumah di wilayah yang asri dengan pemandangan permukiman warga. Properti 2 lantai bergaya modern ini b...",6000000000.0,4.0,4.0,441.0,300.0,2026-02-13,Lowokwaru
"Lowokwaru, Malang",Rumah Baru American Modern Semi Furnished dekat SMA Ternama Harga Promo di Ikan2 Lowokwaru Malang  Lt. 65  Lb. 154.  Kamar tidur 4 Kamar mandi 3 Ru...,990000000.0,4.0,3.0,65.0,154.0,2026-02-13,Lowokwaru
"Lowokwaru, Malang","Rumah Nyaman 1 lantai,Bangunan bagus,terawat,Luas,Full Furnished,Siap Huni.Lokasi di Kawasan Kampus ternama UMM,Bukit Cemara Tujuh,Tlogomas,Lowokwa...",3900000000.0,4.0,3.0,415.0,320.0,2026-02-13,Lowokwaru
"Lowokwaru, Malang","Rumah dijual di Graha Golf Araya Malang menawarkan hunian nyaman dan strategis. Berlokasi di Kota Malang, rumah ini memiliki luas lahan yang cukup ...",2350000000.0,3.0,2.0,180.0,160.0,2026-02-13,Lowokwaru
"Blimbing, Malang","Turun Harga  Dijual Cepat Rumah Lingkungan Nyaman di Tengah Kota Lokasi di Jl. Kalimosodo, Blimbing Kota Malang  Selling Point : 20 Meter ke Jalan ...",1600000000.0,5.0,2.0,251.0,240.0,2026-02-13,Blimbing
"Araya, Malang","Rumah Klasik di Kawasan Eksklusif Kota Araya, Malang, berada di Lokasi strategis, terletak di antara 2 pintu Tol (Singosari dan Pakis), dekat denga...",3000000000.0,3.0,2.0,240.0,141.0,2026-02-13,Blimbing
"Araya, Malang","Rumah di Araya.  Dapatkan rumah 1 lantai yang nyaman ini,  dijual dengan pemandangan asri yang menambah nilai estetika di lingkungan hunian. Rumah ...",1250000000.0,3.0,2.0,170.0,150.0,2026-02-13,Blimbing
"Klojen, Malang","Rumah 2 lantai di Klojen, Malang.  For sale rumah di wilayah yang asri dengan pemandangan Lokasi dipusat kota. Properti 2 lantai ini berada di ling...",8500000000.0,8.0,3.0,514.0,400.0,2026-02-13,Klojen
"Lowokwaru, Malang",Dijual Rumah Private Cluster Terawat Siap Huni 2 Kamar Jalan Ikan Ikan Lowokwaru Malang  - 3 menit ke sekolah Hwaind - ⁠5 menit ke Suhat - ⁠One...,650000000.0,2.0,1.0,83.0,65.0,2026-02-13,Lowokwaru
"Kedungkandang, Malang","Modern Classic, udara sejuk, suasana tenang, dengan fasilitas premium dan lokasi strategis dekat tol & pusat kota.  ✨️Best Location  ✅️ Rum...",399000000.0,2.0,1.0,66.0,40.0,2026-02-13,Kedungkandang
"Araya, Malang","Rumah Dijual Malang Rumah Mewah di perumahan One Gate System.
 
 * Lokasi di jalan kembar salah satu cluster Golf Araya
 * Kamar Mandi dalam
 * Car...",5900000000.0,5.0,6.0,300.0,500.0,2026-02-13,Blimbing
"Lowokwaru, Malang","I87 Dijual Rumah Hoek 1 Lantai dalam Perumahan di Sengkaling, Malang  Pilihan tepat untuk hunian maupun investasi.  Dekat dengan berbagai destinasi...",1500000000.0,3.0,2.0,220.0,100.0,2026-02-13,Lowokwaru
"Araya, Malang","Rumah Dijual Malang Dijual Rumah Dengan Desain Modern
 
 * 2 Lantai Full Bangunan
 * Ada Balkon
 * Ada Kamar Mandi dalam
 
 Fasilitas Perumahan : U...",3800000000.0,5.0,5.0,200.0,400.0,2026-02-13,Blimbing
"Klojen, Malang","Rumah Siap Huni Luas 236 m2 di Area Perumahan Tidar Bawah  Rumah berada di daerah tidar bawah malang Lokasi strategis, tidak jauh dari pusat kota, ...",2500000000.0,6.0,4.0,236.0,266.0,2026-02-13,Klojen
"Blimbing, Malang","Dijual Rumah Di Daerah Ikan - Ikan Blimbing, Lokasi Nyaman Untuk Hunian, Dekat Pasar Blimbing, Terminal Arjosari & Exit Tol.    Alamat : Ikan - Ika...",850000000.0,2.0,2.0,142.0,100.0,2026-02-13,Blimbing
"Klojen, Malang","Rumah Dijual Lokasi Tengah Kota Malang, Posisi Nol Jalan Bisa Untuk Usaha,  Dekat RSSA, RS Lavalette, Kayutangan Heritage, Alun - Alun Kota Malang ...",11000000000.0,5.0,3.0,573.0,300.0,2026-02-13,Klojen
"Sawojajar, Malang","Dijual Rumah Di Daerah Sawojajar, Bisa Untuk Tempat Tinggal Plus Usaha, Area Ramai Dekat Pusat Kuliner Dan Perbelanjaan, SuperIndo & POM Bensin  Al...",1100000000.0,2.0,2.0,133.0,100.0,2026-02-13,Blimbing
"Sukun, Malang","Rumah 1 lantai di Sukun, Malang.  Dijual rumah di wilayah yang asri dengan pemandangan Lokasi di Pusat Kota. Properti 1 lantai ini berada di lingku...",2900000000.0,2.0,2.0,378.0,100.0,2026-02-13,Sukun
"Araya, Malang",- ⁠Listrik 5.500 Watt - ⁠Carport 2 Mobil - ⁠Garasi 2 Mobil - ⁠Hadap Timur & Utara - ⁠Bangunan 2.5 Lantai - ⁠Dapur Bersih + Kotor - ⁠M...,8000000000.0,4.0,3.0,342.0,500.0,2026-02-13,Blimbing
"Araya, Malang","Rumah Dijual Malang Dijual Rumah Luas di Pondok Belimbing Indah Araya Malang.
 
 * Memiliki Carport untuk 1 mobil
 * Kondisi siap huni
 * Include 1...",1900000000.0,4.0,1.0,200.0,100.0,2026-02-13,Blimbing
"Lowokwaru, Malang",*DIJUAL RUMAH MURAH BANYAK BONUSNYA* *Perum Graha Mulia Lowokwaru Malang*  Spesifikasi : LT : 86 m2 LB : 170 m2 Lebar depan : 8 m Lantai : 3 Kamar ...,1200000000.0,4.0,2.0,86.0,170.0,2026-02-13,Lowokwaru
"Dieng Tidar, Malang","Harga Rp 1,025 M  - Kawasan tenang dan sejuk - One Gate System - Dekat perumahan Citraland dan Tidar",975000000.0,2.0,1.0,105.0,57.0,2026-02-13,Sukun
"Blimbing, Malang",Dijual Rumah Aesthetic Full Furnish di River Side Malang  Spesifikasi : LT : 280 m2 LB : 130 m2 Dimensi :  KT : 2 KM : 2 Lantai : 1 Listrik : 2200 ...,2950000000.0,2.0,2.0,280.0,130.0,2026-02-13,Blimbing
"Araya, Malang","Dijual Rumah Siap Huni di Cluster Telaga Golf, Kota Araya Malang  - lokasi sangat dekat Araya Club House - ?lingkungan nyaman - ?security 24jam  Lu...",3100000000.0,5.0,3.0,300.0,320.0,2026-02-13,Blimbing
"Dieng Tidar, Malang",Rumah di Kawasan Favorit Daerah Dieng Malang  POTONGAN FREE PPN 50% SENILAI 38 JUTA ( Ready Stock 1 unit aja )  Angsuran 3 jutaan udah dapet rumah ...,710000000.0,2.0,1.0,72.0,47.0,2026-02-13,Sukun
"Kedungkandang, Malang","Dijual Rumah Modern Minimalis di Citra Garden, Dekat Exit Tol Malang Kota  - kondisi rumah baru dan belum pernah dihuni - space lahan di belakang b...",1200000000.0,3.0,2.0,96.0,60.0,2026-02-13,Kedungkandang
"Klojen, Malang","Dijual Rumah Modern Premium di Jaksa Agung Suprapto, Klojen Malang   Karya Arsitek Andy Rahman Ada swimming pool / kolam renang Full Furnished, Ele...",5900000000.0,4.0,3.0,436.0,700.0,2026-02-13,Klojen
"Blimbing, Malang",Dijual Rumah Aesthetic Full Furnish di River Side Malang  Spesifikasi : LT : 280 m2 LB : 130 m2 Dimensi :  KT : 2 KM : 2 Lantai : 1 Listrik : 2200 ...,2950000000.0,2.0,2.0,280.0,130.0,2026-02-13,Blimbing
"Dieng, Malang","Dijual Rumah Cantik Minimalis Di Perum Austinville Dieng, Lingkungan Nyaman, Aman, One Gate System, Dekat UB 2, MaChung, Elpico Mall.   Alamat : Au...",1050000000.0,4.0,1.0,77.0,70.0,2026-02-13,Sukun
"Araya, Malang","DIJUAL RUMAH DI ARAYA GOLF CLASSIC MODERN SIAP HUNI  LT : 240 M2 LB : 400 M2 2,5 LANTAI KAMAR TIDUR 5 + 2 KAMAR MANDI 4 + 1 ROOFTOP  SHM  HADAP SEL...",2900000000.0,5.0,4.0,240.0,400.0,2026-02-13,Blimbing
"Araya, Malang","DIJUAL RUMAH DI ARAYA GOLF CLASSIC MODERN SIAP HUNI  LT : 240 M2 LB : 400 M2 2,5 LANTAI KAMAR TIDUR 5 + 2 KAMAR MANDI 4 + 1 ROOFTOP  SHM  HADAP SEL...",2900000000.0,5.0,4.0,240.0,400.0,2026-02-13,Blimbing
"Lowokwaru, Malang","Rumah Minimalis 3 Kamr di Area Perumahan Bantaran Cengger Ayam Suhat.    Lokasi dekat dengan jalan soekarno hatta, pusat perbelanjaan, rumah sakit,...",900000000.0,3.0,2.0,135.0,100.0,2026-02-13,Lowokwaru
"Blimbing, Malang","Turun Harga!! Rumah Murah Lokasi Nyaman Perumahan BMW Sulfat.  Lokasi dekat dengan jalan soekarno hatta, pusat perbelanjaan, rumah sakit, pom bensi...",1000000000.0,4.0,2.0,120.0,100.0,2026-02-13,Blimbing
"Blimbing, Malang",- Rumah terawat - Daerah ikan-ikan - Lingkungan aman dan tenang - Siap huni  Tertarik? Atau mau tanya-tanya lebih lanjut? Hubungi 0857xxxxxxxx !! (...,590000000.0,2.0,1.0,84.0,80.0,2026-02-13,Blimbing
"Klojen, Malang","[TURUN HARGA 2M]  INVESTOR CALLING TERMURAH DI KELASNYA  Dijual Rumah Klasik Lokasi Strategis Tengah Kota di Jalan Pulau-pulau, Klojen Kota Malang ...",2990000000.0,7.0,3.0,316.0,450.0,2026-02-13,Klojen
"Klojen, Malang","1,5 Lantai LT +- 1.100 m² LB 800 m² Dimensi Lebar 17m (tampak depan jl akasia) Dimensi Lebar 32m (tampak depan jl bengkulu) Dimensi panjang 40m K...",18500000000.0,8.0,6.0,1100.0,800.0,2026-02-13,Klojen
"Kedungkandang, Malang",Rumah Murah Bangunan 2 Lantai Di Ki Ageng Gribig  Bangunan bagus dan terawat  Lokasi dekat ke : - exit tol ki ageng gribig - kawasan sulfat - kawas...,1000000000.0,4.0,2.0,81.0,150.0,2026-02-13,Kedungkandang
"Merjosari, Malang","# Dijual Rumah Cantik + Furnished di Perumahan Merjosari, Kota Malang #  * Dekat UIN Malang & Thursina IIBS  Spesifikasi: - Legalitas: SHM - Jumlah...",750000000.0,3.0,2.0,88.0,120.0,2026-02-13,Lowokwaru
"Araya, Malang","Dijual Rumah Di Perum Elite Araya, Kondisi Terawat Siap Huni, Dekat Plaza Araya, Persada Hospital Dan Exit Tol Singosari.   Alamat : Araya Luas Tan...",2100000000.0,3.0,2.0,264.0,146.0,2026-02-13,Blimbing
"Klojen, Malang","Kesempatan terbatas buat Anda dapatkan rumah strategis dengan return investasi tinggi di Klojen, Malang.  Rumah ini menawarkan lokasi yang strategi...",12500000000.0,5.0,2.0,611.0,400.0,2026-02-13,Klojen
"Lowokwaru, Malang",I86 UPDATE TURUN HARGA                                                              �...,650000000.0,2.0,1.0,83.0,65.0,2026-02-13,Lowokwaru
"Lowokwaru, Malang","*UPDATE TURUN HARGA*  DIJUAL CEPAT RUMAH 1 LANTAI TERAWAT BARU SELESAI RENOVASI, SELANGKAH KE SUHAT MALANG    Suhat, Lowokwaru   Spesifikasi : Lega...",1400000000.0,3.0,2.0,131.0,110.0,2026-02-13,Lowokwaru
"Dieng, Malang",Lokasi di Puncak Dieng - Malang  Keunggulan : • Dekat dengan shopping mall • Dekat dengan pusat kuliner ternama • Dekat dengan berbagai unive...,2400000000.0,4.0,4.0,150.0,240.0,2026-02-13,Sukun
"Klojen, Malang",Lingkungan aman dan nyaman,2200000000.0,2.0,2.0,235.0,160.0,2026-02-13,Klojen
"Sukun, Malang",Spesifikasi: - Legalitas SHM - Row Jalan 6 Meter - Luas Mulai 72m2 - Akses Mobil - Bebas Banjir Lokasi Terdekat: - 15 Menit ke Mall MOG - 10 Menit ...,285000000.0,2.0,1.0,50.0,36.0,2026-02-13,Sukun
"Sukun, Malang",Spesifikasi: - Legalitas SHM - Row Jalan 6 Meter - Luas Mulai 72m2 - Akses Mobil - Bebas Banjir Lokasi Terdekat: - 15 Menit ke Mall MOG - 10 Menit ...,285000000.0,2.0,1.0,50.0,36.0,2026-02-13,Sukun
"Dieng Tidar, Malang",Dijual Rumah Design Modern di Perumahan Istana Dieng Kota Malang  - berada di kawasan perumahan elit wilayah kotamadya Malang - ?fasilitas perumaha...,3600000000.0,3.0,2.0,121.0,160.0,2026-02-13,Sukun
"Lowokwaru, Malang","Rumah Jual Area Lowokwaru Lokasi Strategis Row Jalan Lebar Dekat Kampus UB, Polinema, ASIA, ABM, Pasar Blimbing, Kuliner Soekarno Hatta Akses Mudah...",2100000000.0,3.0,1.0,257.0,220.0,2026-02-13,Lowokwaru
"Oro-Oro Dowo, Malang",- Lokasi strategis - Jalan buntu - Dekat tempat ibadah - Full furnished kecuali barang elektronik  Tertarik? Atau mau tanya-tanya lebih lanjut? Hub...,800000000.0,3.0,2.0,70.0,120.0,2026-02-13,Klojen
"Lowokwaru, Malang",LOKASI : SENGKALING MALANG   Pilihan tepat untuk hunian maupun investasi.  Dekat dengan berbagai destinasi favorit: ✨ Taman Rekreasi Sengkaling �...,1500000000.0,3.0,2.0,220.0,100.0,2026-02-13,Lowokwaru
"Lowokwaru, Malang",Rumah 2 Lantai Siap Huni Di De Green Pavillion Akordion  Bangunan terawat dan siap huni  Lokasi dekat ke : - kampus umm - kampus unibraw - kampus p...,1500000000.0,3.0,2.0,132.0,145.0,2026-02-13,Lowokwaru
"Araya, Malang","Kode LV Rumah luas dan nyaman, lingkungan aman dan tenang, daerah perumahan elit Araya, view golf",4200000000.0,3.0,2.0,240.0,200.0,2026-02-13,Blimbing
"Sukun, Malang","Rumah Jual Dalam Perumahan Kawasan Dieng Akses Tengah Kota Mudah, Suasana Tenang dan Nyaman Dekat Kampus UNMER, Cyber Mall  Spesifikasi : Sertifika...",1400000000.0,3.0,2.0,100.0,70.0,2026-02-13,Sukun
"Lowokwaru, Malang","Rumah Besar Lahan Luas Dijual di wilayah Lowokwaru Kota Malang – Full Perabot Kayu Jati, Lokasi Strategis Dekat Kampus & Pusat Kota  Sedang menca...",4250000000.0,5.0,3.0,348.0,300.0,2026-02-13,Lowokwaru
"Klojen, Malang",RUMAH jual dijual Gunung gunung  Dijual Rumah kolonial Belanda lokasi sangat strategis harga sangat terjangkau  MALANG KLOJEN,13000000000.0,9.0,3.0,630.0,480.0,2026-02-13,Klojen
"Lowokwaru, Malang","Jual Cepat Rumah Siap Huni Tengan Kota Suhat Malang  Rumah Hook menghadap utara dan barat. Akses Truck papasan / setara 3 mobil  Bangunan 1,5 lanta...",1800000000.0,4.0,2.0,153.0,190.0,2026-02-13,Lowokwaru
"Lowokwaru, Malang","Temukan hunian impian di Lowokwaru, Kota Malang! Rumah ini menawarkan lokasi strategis dekat sekolah, cocok untuk keluarga. Dengan luas lahan yang ...",2000000000.0,3.0,3.0,188.0,60.0,2026-02-13,Lowokwaru
"Klojen, Malang",cocok untuk berbagai macam usaha lokasi strategis di dekat ijen boulevard dekat dengan pemukiman elit di kota malang dekat dengan sekolah maupun un...,15500000000.0,3.0,6.0,567.0,450.0,2026-02-13,Klojen
"Klojen, Malang",LT : 1.558 m2 LB : 1.023 m2 KT : 9 KM : 9+2 Dapur bersih : 1 Dapur kotor : 1 Listrik: 23.000 watt Air :  PDAM Sertifikat : SHGB garasi : 4 Hadap : ...,21700000000.0,9.0,11.0,1558.0,1023.0,2026-02-13,Klojen
"Lowokwaru, Malang","Rumah Siap Huni Lingkungan Nyaman, Aman, Tenang Lokasi Dekat Pusat Kuliner dan Bisnis Soekarno Hatta, Kampus Brawijaya, Polinema, ASIA, Rumah Sakit...",1250000000.0,3.0,1.0,157.0,100.0,2026-02-13,Lowokwaru
"Araya, Malang","DIJUAL Modern Minimalis Mewah Baru Gresss Perumahan Araya Malang  Lokasi ekslusif, dekat Club House, Lapangan Golf, Plaza Araya.  Dimensi 12 x 25 m...",5900000000.0,5.0,6.0,300.0,520.0,2026-02-13,Blimbing
"Blimbing, Malang",- Rumah semi furnished - Lokasi sungai sungai - Lingkungan aman dan tenang  Tertarik? Atau mau tanya-tanya lebih lanjut? Hubungi 0857xxxxxxxx !! (S...,750000000.0,2.0,2.0,96.0,96.0,2026-02-13,Blimbing
"Dieng, Malang",LT : 378 m2 LB : 100 m2 KT : 2 KM : 2+1 Listrik: 5500 watt Air :  pdam Sertifikat : SHM carport : 1 Hadap : timur  Selling point:  -⁠  ⁠dekat U...,2900000000.0,2.0,3.0,378.0,100.0,2026-02-13,Sukun
"Araya, Malang",Siap huni Granit 75 x 150 Atap Bitumen X Owen Pagar remote,4900000000.0,5.0,5.0,300.0,450.0,2026-02-13,Blimbing
"Lowokwaru, Malang","Bonus bangku & meja kayu, hiasan dinding, rumah lampu Dekat Soekarno Hatta Row jalan lebar",3500000000.0,2.0,4.0,308.0,200.0,2026-02-13,Lowokwaru
"Klojen, Malang",LT : 1.558 m2 LB : 1.023 m2 KT : 9 KM : 9+2 Dapur bersih : 1 Dapur kotor : 1 Listrik: 23.000 watt Air :  PDAM Sertifikat : SHGB garasi : 4 Hadap : ...,21700000000.0,9.0,11.0,1558.0,1023.0,2026-02-13,Klojen
"Sawojajar, Malang","Rumah 1 lantai di Sawojajar, Malang.  For sale rumah di wilayah yang asri dengan pemandangan permukiman warga. Properti 1 lantai bergaya minimalis ...",785000000.0,2.0,1.0,99.0,54.0,2026-01-23,Blimbing
"Sawojajar, Malang","Rumah 3 lantai yang modern ini,  dijual dengan pemandangan indah yang menambah nilai estetika di lingkungan hunian. Rumah ini berada di area yang m...",2000000000.0,8.0,6.0,169.0,600.0,2026-01-23,Blimbing
"Araya, Malang","Spesifikasi: • rumah design modern • termasuk wilayah Kotamadya Malang • ⁠dekat ke Plaza Araya, Persada Hospital, Sekolah, Terminal Arjosar...",1350000000.0,2.0,2.0,121.0,110.0,2026-01-21,Blimbing
"Sukun, Malang","Dijual rumah di perumahan Bukit Cemara Tidar Malang, kondisi bangunan sangat bagus, suasana perumahan aman, tenang dan nyaman.   Harga : 1 M (bisa ...",1000000000.0,3.0,2.0,205.0,205.0,2026-01-19,Sukun
"Araya, Malang","Dijual Rumah di Kawasan PBI dengan fasilitas lengkap dekat Sekolah Unggulan, Mall, Rumah Sakit, Kampus, hingga Bandara dan Exit Tol Singosari   Spe...",1450000000.0,4.0,3.0,135.0,200.0,2026-01-17,Blimbing
"Araya, Malang","Rumah Posisi Pojok Lokasi Tenang di Araya Dekat Terminal Arjosari, Persada, Plaza Araya, Akses Mudah Ke Tengah Kota dan Exit Tol Cocok untuk Keluar...",1500000000.0,2.0,1.0,241.0,150.0,2026-01-17,Blimbing
"Klojen, Malang","Kesempatan terbatas buat Anda dapatkan rumah strategis dengan return investasi tinggi di Klojen, Malang.  Rumah ini menawarkan kelengkapan fasilita...",3200000000.0,3.0,2.0,200.0,160.0,2026-01-17,Klojen
"Araya, Malang",Nikmati kenyamanan tinggal di kawasan prestisius Kota Mandiri Araya dengan akses super strategis. Hanya jalan kaki ke berbagai fasilitas unggulan s...,8000000000.0,5.0,5.0,499.0,355.0,2026-01-17,Blimbing
"Dieng, Malang","Dijual rumah terbaik di Kota Malang, dengan harga yang terjangkau. Bangunan rumah dari material bata merah, sangat kokoh dan sejuk. Lingkungan peru...",480000000.0,2.0,1.0,75.0,50.0,2026-01-16,Sukun
"Blimbing, Malang","DIJUAL RUMAH BARU MODERN SIAP HUNI   Lokasi : PERUMAHAN STRATEGIS  PANDANWANGI SULFAT  KOTA MALANG   KAWASAN HUNIAN PERUMAHAN YANG NYAMAN, AMAN DAN...",918000000.0,3.0,2.0,112.0,60.0,2026-01-16,Blimbing
"Araya, Malang",Rumah minimalis harga nego di cluster Brassia Hills Araya Cluster ini dekat dengan Universitas Binus dan exit tol Pakis Sangat cocok untuk investas...,750000000.0,2.0,1.0,72.0,45.0,2026-01-16,Blimbing
"Sawojajar, Malang","DIJUAL RUMAH BARU MEWAH MODERN SIAP HUNI   Lokasi : PERUMAHAN ELITE  SAWOJAJAR 1 KOTA MALANG   KAWASAN HUNIAN PERUMAHAN ELITE YANG NYAMAN, AMAN DAN...",1220000000.0,3.0,2.0,113.0,80.0,2026-01-16,Blimbing
"Blimbing, Malang","DIJUAL RUMAH BARU MODERN SIAP HUNI   Lokasi : PERUMAHAN STRATEGIS  PANDANWANGI SULFAT  KOTA MALANG   KAWASAN HUNIAN PERUMAHAN YANG NYAMAN, AMAN DAN...",837000000.0,2.0,2.0,114.0,55.0,2026-01-16,Blimbing
"Sukun, Malang","Dijual rumah BU di perumahan Klaya 3 residence, lokasi pojok, kondisi bagus menghadap ke timur. Cocok untuk usaha, hunian, trutama yang membutuhkan...",750000000.0,2.0,2.0,104.0,102.0,2026-01-16,Sukun
"Kedungkandang, Malang","Rumah 1 lantai di Kedungkandang, Malang.  For sale rumah di wilayah yang tenang dengan pemandangan Lokasi di Pusat Kota. Properti 1 lantai bergaya ...",557000000.0,2.0,1.0,72.0,72.0,2026-01-15,Kedungkandang
"Klojen, Malang","DIJUAL Rumah dengan 2 Bangunan Bersebelahan Daerah Rampal Celaket Kondisi Sangat Tenang, Lokasi Strategis Tengah Kota Malang  Spesifikasi : Sertifi...",2000000000.0,6.0,2.0,238.0,200.0,2026-01-14,Klojen
"Sukun, Malang","Dijual Rumah Area Favorit Sigura-gura Berada di dalam Perumahan Cluster Dekat Kampus ITN, Area Kuliner Sigura-gura Posisi Strategis   Spesifikasi :...",1500000000.0,4.0,2.0,115.0,120.0,2026-01-14,Sukun
"Blimbing, Malang",2 Lantai Semi Furnished LT 61 m²  LB 75 m² Lebar x Panjang : 6m x 10m SHM KT 3 KM 2 Listrik 2200 watt PDAM Hadap Selatan  Harga Nego   #OLV.2A175...,750000000.0,3.0,2.0,61.0,75.0,2026-01-14,Blimbing
"Dieng Tidar, Malang","Rumah Jual Area Sukun 3 Menit ke Rubelan, Indomaret, Alfamart, 3 Menit ke SPK My Little Island School, SMP-SMA National Leader School, 4 Menit ke C...",3500000000.0,7.0,2.0,400.0,215.0,2026-01-14,Sukun
"Araya, Malang","Dijual Cepat Rumah Siap Huni Full Furnish di Araya, Malang  Harga : ~1.59 M~   1,499 M   Selling Point:  - Lokasi strategis cocok untuk rumah trans...",1590000000.0,3.0,2.0,98.0,125.0,2026-01-14,Blimbing
"Blimbing, Malang",2 Lantai Semi Furnished LT 61 m²  LB 75 m² Lebar x Panjang : 6m x 10m SHM KT 3 KM 2 Listrik 2200 watt PDAM Hadap Selatan  Harga Nego   #OLV.2A175...,750000000.0,3.0,2.0,61.0,75.0,2026-01-14,Blimbing
"Lowokwaru, Malang",LT 252 m² LB 210 m²   Dimensi 11m x 23m SHM KT 3 KM 2 + 1 Hadap Timur Laut Listrik 3500 watt PDAM dan Sumur  	⁃	Mobil Sisipan Leluasa  Harga Ne...,3750000000.0,3.0,3.0,252.0,210.0,2026-01-14,Lowokwaru
"Oro-Oro Dowo, Malang","Rumah klasik terawat di daerah super premium didaerah jalan Gunung², Oro²Dowo, Kota Malang  ✅️ selangkah ke jalan Besar Ijen ✅️ selangkah...",13500000000.0,5.0,4.0,700.0,300.0,2026-01-14,Klojen
"Blimbing, Malang","Rumah Nyaman 1 lantai,Bangunan bagus,luas,terawat,Siap huni,ada Halaman ******** di Cluster elit Graha Golf,Araya,Blimbing Malang.Dilengkapi berbag...",3200000000.0,3.0,3.0,300.0,260.0,2026-01-14,Blimbing
"Lowokwaru, Malang","Kesempatan terbatas buat Anda dapatkan rumah nyaman dengan return investasi tinggi di Lowokwaru, Malang.  Rumah ini menawarkan lokasi yang strategi...",2500000000.0,5.0,2.0,190.0,232.0,2026-01-14,Lowokwaru
"Cemorokandang, Malang","Rumah bergaya contemporary di Cemorokandang.  Temukan rumah 1 lantai yang asri ini,  dijual dengan pemandangan permukiman warga yang menambah nilai...",939000000.0,2.0,2.0,112.0,54.0,2026-01-14,Klojen
"Blimbing, Malang",Rumah model minimalis modern  Rumah Araya Malang Pintu Full Jati  Pintu depan Kayu Ulin LT: 200 (10 x 20) LB: 227  Pln token 2.200 Hadap: Selatan H...,3500000000.0,5.0,5.0,200.0,227.0,2026-01-14,Blimbing
"Sukun, Malang",RUMAH NOL JALAN COCOK UNTUK KOMERSIL DI RAYA SUKUN KOTA MALANG  RAYA KEPUH - Malang LT 78 LB 85 KT 2 KM 2 Listrik 1300 Rp 700.000.000  Rp 20.000.00...,700000000.0,2.0,2.0,78.0,85.0,2026-01-14,Sukun
"Araya, Malang","Dijual Rumah Furnished di Jalan Utama Cluster Golf, Kota Araya Malang  Lokasi strategis di mainroad cluster  Hanya 1 menit dari Araya Club House Co...",7000000000.0,12.0,13.0,375.0,400.0,2026-01-14,Blimbing
"Klojen, Malang","Rumah 2 Lantai, Cocok Untuk Usaha Lokasi Pattimura Dekat RSSA Malang  Bangunan terawat dan siap huni  Lokasi dekat ke - rumah sakit saiful anwar - ...",4500000000.0,6.0,2.0,169.0,300.0,2026-01-14,Klojen
"Sukun, Malang","Rumah Luas, Kamar Banyak Lokasi Strategis Di Bukit Dieng  Bangunan terawat dan siap huni  Lokasi dekat ke - kampus unmer - plaza dieng - malang cit...",3750000000.0,6.0,3.0,450.0,300.0,2026-01-14,Sukun
"Lowokwaru, Malang",Rumah Semifurnished Minimalis Modern Lokasi Di Pandanwangi Greenpark  Bangunan terawat dan siap huni  Lokasi dekat ke : - rs puri bunda - kawasan r...,1500000000.0,6.0,6.0,222.0,190.0,2026-01-14,Lowokwaru
"Sawojajar, Malang",Dijual rumah Lokasi di sawojajar 1 malang kota Strategis : - dekat pasar dan kuliner - dekat exit tol Lingkungan hunian bebas banjir One gate syste...,1500000000.0,4.0,2.0,135.0,130.0,2026-01-14,Blimbing
"Blimbing, Malang","Dijual rumah terawat, bersih Lokasi borobudur blimbing  Lt   :  456 M2 Lb  :  460 M2 Kt   : 7 Km : 3 Dapur: 1 Garasi : 2 mobil Carport: 1 mobil Lis...",5500000000.0,7.0,3.0,456.0,460.0,2026-01-14,Blimbing
"Dieng, Malang","selling point 
 - 10 Menit dari UM & UB Kampus utama
 - Dekat UB Dieng
 - Dekat UNMER
 - Selangkah dari Malang City Point
 - Selangkah dari Cyberma...",725000000.0,2.0,1.0,72.0,40.0,2026-01-14,Sukun
"Klojen, Malang","VI# Dijual Ruang Usaha Serba Guna 2 Lantai Aktif Mewah Instagramable di Malang  Daerah Klojen, Malang  Spesifikasi: LT : 332 m2 LB : 600 m2 2 lanta...",13000000000.0,3.0,2.0,332.0,600.0,2026-01-14,Klojen
"Blimbing, Malang","VI# DIJUAL CEPAT RUMAH 2 KT DI BLIMBING MALANG LOKASI STRATEGIS LINGKUNGAN NYAMAN, TENANG, AMAN  Lokasi: di Jalan Ikan2nan - Blimbing - Malang  Spe...",720000000.0,2.0,2.0,91.0,88.0,2026-01-14,Blimbing
"Lowokwaru, Malang",RUMAH jual dijual Puncak permata sengkaling   jual rumah mewah di puncak permata sengkaling lowokwaru  MALANG LOWOKWARU,1600000000.0,4.0,3.0,120.0,250.0,2026-01-14,Lowokwaru
"Lowokwaru, Malang",_*WOW❗️❗️RUMAH MURAH MASIH TURUN HARGA❓❗️*_ *DIJUAL RUMAH MURAH BANYAK BONUSNYA DEKAT SUHAT* *suhat Lowokwaru Malang*  Spesifikasi : ...,1200000000.0,4.0,2.0,86.0,170.0,2026-01-14,Lowokwaru
"Sawojajar, Malang","Rumah Jual Lokasi Depan Lapangan Parkir Bersama Akses Jalan Mobil Suasana Nyaman, Kawasan Padat Penduduk. 2 Kamar Jadi 1 Kamar Besar  Spesifikasi :...",410000000.0,1.0,1.0,70.0,63.0,2026-01-14,Blimbing
"Lowokwaru, Malang","Dijual Rumah Full Furnished, View Bagus, Dekat Kampus UB,UMM,Polinema,Widyagama,ASIA, Dekat Kuliner Suhat dan Sudimoro Kota Malang  Spesifikasi ; S...",570000000.0,2.0,1.0,80.0,64.0,2026-01-14,Lowokwaru
"Blimbing, Malang","Rumah Posisi Pojok Lokasi Tenang di Araya Dekat Terminal Arjosari, Persada, Plaza Araya, Akses Mudah Ke Tengah Kota dan Exit Tol Cocok untuk Keluar...",1500000000.0,2.0,1.0,241.0,150.0,2026-01-14,Blimbing
"Kedungkandang, Malang","Rumah 2 lantai di Kedungkandang, Malang.  Dijual rumah di wilayah yang asri. Properti 2 lantai ini berada di lingkungan yang mudah dijangkau.  Rinc...",700000000.0,2.0,2.0,105.0,150.0,2026-01-14,Kedungkandang
"Sawojajar, Malang",RUMAH jual dijual Danau Kerinci Sawojajar Malang   Dijual Rumah Di Sawojajar Danau Kerinci Malang  MALANG SAWOJAJAR,4000000000.0,4.0,1.0,322.0,360.0,2026-01-14,Blimbing
"Araya, Malang","Rumah Posisi Pojok Lokasi Tenang di Araya Dekat Terminal Arjosari, Persada, Plaza Araya, Akses Mudah Ke Tengah Kota dan Exit Tol Cocok untuk Keluar...",1500000000.0,2.0,1.0,241.0,150.0,2026-01-14,Blimbing
"Sukun, Malang",RUMAH STRATEGIS DI JANTUNG KOTA MALANG  POTENSI INCOME JUTAAN TIAP BULAN!  Lagi cari aset properti yang langsung produktif? Ini peluang emas buat k...,550000000.0,4.0,2.0,90.0,90.0,2026-01-14,Sukun
"Klojen, Malang","DIJUAL Rumah Semi Furnished (Perabot yang Nempel) Dekat Univ. Widya Karya, SMA Dempo, Santa Maria 2, Alfamart, Indomaret, Transmart, Perpustakaan U...",7000000000.0,14.0,7.0,348.0,500.0,2026-01-14,Klojen
"Blimbing, Malang","DIJUAL Rumah Kawasan Sulfat Lokasi Tenang Akses Mudah Tengah Kota Malang Dekat Ke Jalan Raya Sulfat, Kuliner Sulfat. Row Jalan Bisa 2 Mobil   Spesi...",1100000000.0,4.0,1.0,117.0,135.0,2026-01-14,Blimbing
"Sawojajar, Malang","Dijual Rumah Kondisi sangat terawat di Selat Sunda Sawojajar. Dekat ke area bisnis Danau Toba, Ace Ahrdware, SPBU. Lokasi tenang. Cocok untuk rumah...",1200000000.0,3.0,2.0,142.0,110.0,2026-01-14,Blimbing
"Merjosari, Malang","Dijual 3 unit rumah dalam satu lokasidengan suasana asri dan sejuk khas pegunungan. Properti ini berada di kawasan strategis, dekat dengan berbagai...",3250000000.0,10.0,8.0,251.0,350.0,2026-01-14,Lowokwaru
"Lowokwaru, Malang","DIJUAL Ruang Usaha Cafe Aktif Daerah Kuliner Sudimoro Akses Jalan Lebar Lokasi Strategis Ramai Area Parkir Luas Dekat Kampus UB, ASIA, Perumahan Pe...",3200000000.0,1.0,2.0,277.0,200.0,2026-01-14,Lowokwaru
"Lowokwaru, Malang","Rumah dalam Perumahan One Gate System Lokasi Stratgeis Lowokwaru Malang Dekat Unisma, Univ. Gajayana, Univ.Brawijaya, Dinoyo Mall Bisa jadi Pilhan ...",732000000.0,3.0,2.0,84.0,65.0,2026-01-14,Lowokwaru
"Lowokwaru, Malang","Rumah dalam Perumahan One Gate System Lokasi Stratgeis Lowokwaru Malang Dekat Unisma, Univ. Gajayana, Univ. Brawijaya, Dinoyo Mall Bisa jadi Piliha...",505000000.0,2.0,1.0,72.0,35.0,2026-01-14,Lowokwaru
"Kedungkandang, Malang",‼️ TURUN HARGA 100 JUTA ‼️  Dijual Rumah Desain American Classic di Citra Garden City Kedungkandang Malang  Spesifikasi : - Legalitas SHM -...,3400000000.0,4.0,3.0,180.0,186.0,2026-01-14,Kedungkandang
"Kedungkandang, Malang",Dijual Rumah Kondisi Terawat Siap Huni di Cluster Valley Boulevard Citra Garden Malang   Spesifikasi : - Legalitas SHM - ⁠Dimensi 8 x 12 m - ⁠L...,950000000.0,2.0,1.0,96.0,50.0,2026-01-14,Kedungkandang
"Blimbing, Malang",Rumah Dijual Murah dibawah Harga Pasar Lokasi di Jalan Teluk2 Blimbing Kota Malang  Spesifikasi : - Legalitas SHM - ⁠Dimensi 9 x 16 m - ⁠Luas t...,900000000.0,2.0,1.0,144.0,80.0,2026-01-14,Blimbing
"Blimbing, Malang","Rumah Jual Dalam Perumahan Cluster Tenang dan Nyaman Dekat Kuliner Sulfat, Exit Tol Malang Kota. Semi Furnished  Spesifikasi : Sertifikat : SHM  Lu...",1600000000.0,4.0,2.0,222.0,190.0,2026-01-14,Blimbing
"Blimbing, Malang","Rumah Siap Huni Lokasi Strategis Dekat Araya & Exit Tol Karanglo Rumah siap huni di kawasan berkembang Kota Malang, lokasi sangat strategis dan mud...",450000000.0,3.0,1.0,84.0,74.0,2026-01-14,Blimbing
"Blimbing, Malang","Rumah 1,5 Lantai Depan Sekolah - Strategis & Potensi Usaha Tinggi Rumah lokasi sangat strategis di depan sekolah, cocok untuk hunian, usaha, maupun...",1400000000.0,6.0,3.0,168.0,150.0,2026-01-14,Blimbing
"Sawojajar, Malang","TURUN HARGA, BUTUH TERJUAL CEPAT ‼️  Dijual Rumah 1 Lantai Posisi Hook Minimalis Terawat dan Siap Huni    Sawojajar, Malang  Spesifikasi : - Le...",725000000.0,3.0,2.0,153.0,110.0,2026-01-14,Blimbing
"Sukun, Malang",- Lokasi Bandulan - Hunian nyaman - Lingkungan perumahan aman dan tenang - Harga nego  Tertarik? Atau mau tanya-tanya lebih lanjut? Hubungi 0857xxx...,670000000.0,2.0,2.0,120.0,100.0,2026-01-14,Sukun
"Araya, Malang","Rumah Jual Area Dalam Perumahan Elit Pintu dan Jende;a dari Jati Lokasi di Blok Depan Dekat Plaza Araya, RS Persada, Terminal Arjosari, Fasilitas P...",1750000000.0,3.0,2.0,172.0,70.0,2026-01-14,Blimbing
"Sawojajar, Malang","DIJUAL RUMAH HUNIAN SIAP HUNI - SAWOJAJAR 1, KOTA MALANG   Lokasi strategis di kawasan favorit Sawojajar 1, lingkungan tenang dan nyaman, akses mob...",1700000000.0,3.0,2.0,162.0,120.0,2026-01-14,Blimbing
"Klojen, Malang",RUMAH jual dijual Jl Guntur Oro Oro Dowo Klojen Kota Malang  Di jual Rumah Klasik Jl Guntur Oro Oro Dowo Klojen Kota Malang  MALANG KLOJEN,22500000000.0,5.0,3.0,651.0,400.0,2026-01-14,Klojen
"Klojen, Malang",LT 285m LB 400 m KT 6+1 KM 4+1 (3 KM dalam Kamar)  Listrik 3500 watt Air PDAM  Bangunan 2 Lantai  Garasi 1 Mobil  Carport 1 Mobil  Hadap Selatan  L...,3800000000.0,7.0,5.0,285.0,400.0,2026-01-14,Klojen
"Araya, Malang",Rumah Di Araya Malang Lokasi Strategis Dekat Binus Dekat Mall Dekat Sekolah  Dekat RS Dekat Exit Tol Dekat Bandara Spek : Lt 450 Lb 600 Kt 6 Km 6 D...,6500000000.0,6.0,6.0,450.0,600.0,2026-01-14,Blimbing
"Araya, Malang","Rumah Dijual Malang Rumah Mewah + Swimming Pool Di Telaga Golf Araya Malang
 Lokasi Strategis Jalan Kembar
 Hunian Mewah Siap Masuk 
 Ada Taman
 Fu...",5500000000.0,4.0,3.0,370.0,450.0,2026-01-14,Blimbing
"Araya, Malang","Rumah 2 lantai di Araya, Malang.  Dijual rumah di wilayah yang nyaman dengan pemandangan permukiman warga. Properti 2 lantai bergaya minimalist mod...",5200000000.0,5.0,4.0,300.0,450.0,2026-01-14,Blimbing
"Blimbing, Malang","Rumah bergaya modern di Blimbing.  Miliki rumah 1 lantai yang asri ini,  dijual dengan pemandangan indah yang menambah nilai estetika di lingkungan...",3800000000.0,5.0,4.0,541.0,450.0,2026-01-14,Blimbing
"Blimbing, Malang","Rumah Siap Huni Lokasi Strategis Dekat Araya & Exit Tol Karanglo Rumah siap huni di kawasan berkembang Kota Malang, lokasi sangat strategis dan mud...",450000000.0,3.0,1.0,84.0,74.0,2026-01-14,Blimbing
"Klojen, Malang",# DIJUAL RUMAH KLASIK MEWAH SANGAT TERAWAT DI IJEN BOULEVARD KOTA MALANG #  Spesifikasi :  LT : 1.121 m2 LB : 600 m2 KT : 3 KM : 3 Listrik : 6.600 ...,50000000000.0,3.0,3.0,1121.0,600.0,2026-01-14,Klojen
"Blimbing, Malang","Rumah 1,5 Lantai Depan Sekolah - Strategis & Potensi Usaha Tinggi Rumah lokasi sangat strategis di depan sekolah, cocok untuk hunian, usaha, maupun...",1400000000.0,6.0,3.0,168.0,150.0,2026-01-14,Blimbing
"Kedungkandang, Malang",LT : 190 M2 (sktr 10m x 19m) LB : 120 M2  KT : 3 KM : 2 Lantai : 1 Air : Sumur PLN : 2200 Watt Hadap : Tenggara  Sertifikat : SHM (On hand)  Harga ...,1600000000.0,3.0,2.0,190.0,120.0,2026-01-14,Kedungkandang
"Araya, Malang","LT 210 LB 400 3 Lantai Kamar Tidur : 5 Kamar Mandi : 4+1  PDAM Listrik 2200 Dapur, service area Carport 2 mobil  Full furnished mewah : Sofa set, M...",4000000000.0,5.0,4.0,210.0,400.0,2026-01-14,Blimbing
"Blimbing, Malang",DIJUAL Toko Grosir dan Retail yang Masih Aktif Operasional di Area Sulfat Toko Sudah Berdiri Sejak Lama Sehingga Produsen dan Konsumen SUdah Banyak...,2500000000.0,3.0,4.0,268.0,400.0,2026-01-14,Blimbing
"Cemorokandang, Malang","Rumah SHM Cemorokandang Kota Malang  Spek: - LT 172 m² ( Lebar depan 9 meter ) .  - LB 172m² m² (full bangunan) - Surat SHM - 2 k tidur, 1 k man...",575000000.0,2.0,1.0,172.0,170.0,2026-01-14,Klojen
"Kedungkandang, Malang",RUMAH BARU 2 LANTAI + ROOFTOP GRAND AMANY BUMIAYU - KOTA MALANG  Spesifikasi: Legalitas: SHM Jumlah Lantai: 2 Lantai + Rooftop (belakang) Luas Tana...,775000000.0,4.0,2.0,84.0,84.0,2026-01-14,Kedungkandang
"Cemorokandang, Malang",Rumah Murah Cemorokandang Malang Kota Dijual Cepat Edisi B.u Poll wa.me/628133144xxxx  Spek: - LT 172 m² ( Lebar depan 9 meter ) .  - full banguna...,575000000.0,2.0,1.0,172.0,172.0,2026-01-14,Klojen
"Blimbing, Malang","Dijual rumah 2 lantai di Pakis, Bandara Malang. Konsep Scandinavian modern, lingkungan cluster yang sudah terbentuk dan aman 24 jam.  Kini tersisa ...",429000000.0,2.0,2.0,62.0,50.0,2026-01-14,Blimbing
"Blimbing, Malang","Hunian modern 2 lantai dengan desain Scandinavian, posisi hook di depan cluster tahap 1. Cocok sebagai rumah tinggal nyaman maupun investasi bernil...",475000000.0,3.0,2.0,60.0,72.0,2026-01-14,Blimbing
"Sukun, Malang","Hunian minimalis modern di Bandulan - Malang, dengan jalan depan super lebar 12 meter, nyaman untuk akses mobil & parkir.  Lokasi sangat strategis:...",350000000.0,2.0,1.0,62.0,36.0,2026-01-14,Sukun
"Sawojajar, Malang","RUMAH HOOK 2 LANTAI – READY STOK DI PAKIS MALANG!   Bayangkan punya rumah 2 lantai modern bergaya Scandinavian dengan posisi hook depan cluster, ...",475000000.0,3.0,2.0,60.0,72.0,2026-01-14,Blimbing
"Kedungkandang, Malang","TURUN HARGA LAGI 400JT, BUTUH JUAL CEPAT‼️  *Dijual Rumah Strategis Ex Cafe di Poros Jalan Besar Ki Ageng Gribig Kedungkandang Malang*  LT : 19...",1600000000.0,3.0,2.0,190.0,120.0,2026-01-14,Kedungkandang
"Araya, Malang",TURUN 600 JUTA :fire:  Dijual Cepat Rumah Classik Modern Siap Huni Terawat di Araya Malang  Spesifikasi : - Legalitas SHM - ⁠Dimensi 12 x 20 m - ...,2900000000.0,4.0,3.0,240.0,400.0,2026-01-14,Blimbing
"Sukun, Malang","Dijual Rumah Baru Gress Full Furnish + Elektroniknya, Siap Huni Tinggal Bawa Koper Baju   Sukun, Kota Malang  Spesifikasi :  - SHM, IMB Lengkap - �...",875000000.0,2.0,1.0,87.0,80.0,2026-01-14,Sukun
"Kedungkandang, Malang","Modern Classic, udara sejuk, suasana tenang, dengan fasilitas premium dan lokasi strategis dekat tol & pusat kota.  ✨️Best Location  ✅️ Rum...",399000000.0,2.0,1.0,66.0,40.0,2026-01-14,Kedungkandang
"Lowokwaru, Malang","DIJUAL RUMAH STRATEGIS - SOEKARNO HATTA, MALANG  Dijual rumah 2 lantai posisi pojok di kawasan premium Perumahan Griyashanta , Jl. Soekarno Hatta M...",3000000000.0,5.0,3.0,296.0,300.0,2026-01-14,Lowokwaru
"Sukun, Malang",Rumah 2 Lantai Modern Murah di Kota Malang - One Row Cluster Tanpa Berhadapan Rumah & View Pegunungan  Hunian modern dengan desain elegan dan suasa...,420000000.0,2.0,2.0,60.0,50.0,2026-01-14,Sukun
"Blimbing, Malang",H53 RUMAH BARU LOKASI SUPER STRATEGIS!!!  Dijual rumah Jalan Letjen S Parman    Pusat Kota Malang Row jalan lebar  Lingkungan permumahan   Spesifik...,1900000000.0,4.0,2.0,175.0,160.0,2026-01-14,Blimbing
"Blimbing, Malang","Rumah Malang Dijual Modern Klasik   Rumah modern klasik plafon tinggi dengan tampilan tegas, atap limasan elegan, serta pagar besi cor bermotif mew...",385000000.0,2.0,1.0,80.0,45.0,2026-01-14,Blimbing
"Sukun, Malang","*Jual Rumah Bagus ISTANA DIENG, MALANG*  Selling point: - Asri - Aesthetic  - Siap Huni - Kamar Banyak  2 lantai SHM LT 884m2 (Dimensi 28x32) LB 47...",22000000000.0,6.0,6.0,884.0,475.0,2026-01-14,Sukun
"Sawojajar, Malang","Dijual Rumah Mewah Modern Klasik Pakis Malang  Fasad rumah tampil megah dengan garis vertikal estetis, warna putih bersih, dan aksen hitam yang kua...",384000000.0,2.0,1.0,80.0,45.0,2026-01-14,Blimbing
"Sukun, Malang","Kesempatan terbatas buat Anda dapatkan rumah nyaman dengan return investasi tinggi di Sukun, Malang.  Rumah ini menawarkan kelengkapan fasilitas se...",450000000.0,2.0,2.0,89.0,36.0,2026-01-14,Sukun
"Merjosari, Malang","Rumah hook 2 lantai di Merjosari, Malang.  Dijual rumah hook di wilayah yang nyaman dengan pemandangan Lokasi dipusat kota. Properti 2 lantai berga...",975000000.0,10.0,10.0,75.0,160.0,2026-01-14,Lowokwaru
"Blimbing, Malang","Rumah Siap Huni Jual Dekat Pusar Perbelanjaan, Univ Brawijaya, Polinema, Asia, ABM, Widyagama, Kawasan Suhat dan Rumah Sakit Akses Mudah dan Bisa S...",750000000.0,2.0,1.0,77.0,70.0,2026-01-14,Blimbing
"Araya, Malang","Rumah Mewah & Nyaman di lokasi terbaik Kota Araya, Bonus Furnitur, mudah perawatannya, berada di Lokasi strategis, terletak di antara 2 pintu Tol (...",7500000000.0,5.0,3.0,375.0,500.0,2026-01-14,Blimbing
"Blimbing, Malang","Rumah Minimalis, Bangunan 1 Lantai Lokasi PBI Araya  Bangunan terawat dan siap huni  Lokasi dekat ke - rs persada - plaza araya - kampus binus - ex...",1200000000.0,3.0,1.0,135.0,90.0,2026-01-14,Blimbing
"Lowokwaru, Malang","# Dijual Rumah Baru Gress 2 Lt di Jalan Ikan - Ikan, Lowokwaru Malang #  √ Ready 2 unit jejer sama persis √ 500m dari Sekolah Hwa Ind √ 5 men...",1250000000.0,3.0,2.0,87.0,92.0,2026-01-14,Lowokwaru
"Lowokwaru, Malang","*TURUN HARGA DRASTIS !!!*        { BU .. BU .. POLLL }  *Dijual Rumah Furnish Siap Huni Area Soehat, Blimbing Lowokwaru Malang*  # Lokasi : Jalan I...",1850000000.0,2.0,2.0,187.0,190.0,2026-01-14,Lowokwaru
"Klojen, Malang","1 lantai LT : 557 m2 LB : 450 m2 KT : 4+1 KM : 3 ( 2 kamar mandi dalam, 1 kamar mandi luar ) Dapur : 1 Listrik : 2200 watt Air :  PDAM  Sertifikat ...",13000000000.0,5.0,3.0,557.0,450.0,2026-01-14,Klojen
"Lowokwaru, Malang",3 lantai + 1 rooftop LT : 156 m2 LB : 165 m2 KT : 3 KM : 2 Dapur : 1 taman terbuka 80 m2 Listrik : 1300 watt Air :  PDAM perumahan Sertifikat : SHM...,1600000000.0,3.0,2.0,156.0,165.0,2026-01-14,Lowokwaru
"Dieng, Malang","Rumah 1 lantai di Dieng, Malang.  Dijual rumah di wilayah yang asri dengan pemandangan Lokasi di Pusat Kota. Properti 1 lantai ini berada di lingku...",5000000000.0,5.0,3.0,375.0,175.0,2026-01-14,Sukun
"Kedungkandang, Malang",Rumah siap huni di perumahan Citra Garden Malang menawarkan hunian nyaman dengan lokasi strategis. Rumah ini cocok untuk keluarga kecil atau pasang...,750000000.0,2.0,1.0,96.0,39.0,2026-01-14,Kedungkandang
"Kedungkandang, Malang","Rumah 1 lantai di Kedungkandang, Malang.  For sale rumah di wilayah yang nyaman. Properti 1 lantai ini berada di lingkungan strategis.  Rinciannya ...",450000000.0,2.0,1.0,84.0,44.0,2026-01-14,Kedungkandang
"Araya, Malang","[TERMURAH DI KELASNYA]  Dijual Rumah Mewah Full Furnish di Boulevard Cluster Golf, Kota Araya Malang   - bonus view lapangan golf - lokasi aman dan...",4600000000.0,4.0,4.0,375.0,500.0,2026-01-14,Blimbing
"Lowokwaru, Malang","- Luas 11,8 x 15,3 - Rumah 1 lantai - Daerah Borobudur - Dekat Sekolah Hwa Ind - Dekat Raya Suhat - Posisi rumah depan taman - Ada halaman belakang...",1000000000.0,2.0,1.0,180.0,120.0,2026-01-14,Lowokwaru
"Blimbing, Malang",Dijual Rumah di Perumahan Jalan Ikan Ikan Blimbing Malang Kota Dekat Pusat Kota  Spesifikasi: - Legalitas: SHM On Hand - Jumlah Lantai: 2 Lantai - ...,810000000.0,3.0,2.0,60.0,112.0,2026-01-14,Blimbing
"Lowokwaru, Malang","Rumah dijual di Permata Jingga Lowokwaru Malang, menawarkan hunian ideal dengan lokasi strategis dan fasilitas lengkap. Rumah ini cocok untuk kelua...",4500000000.0,4.0,3.0,300.0,300.0,2026-01-14,Lowokwaru
"Gadang, Malang","Kesempatan terbatas buat Anda dapatkan rumah strategis dengan return investasi tinggi di Gadang, Malang.  Rumah ini menawarkan kelengkapan fasilita...",2800000000.0,4.0,4.0,144.0,144.0,2026-01-14,Sukun
"Klojen, Malang","Rumah di Klojen.  Miliki rumah 2 lantai yang modern ini,  dijual dengan pemandangan indah yang menambah nilai estetika di lingkungan hunian. Rumah ...",2500000000.0,3.0,2.0,190.0,150.0,2026-01-14,Klojen
"Sawojajar, Malang","Rumah Jual Lokasi Depan Lapangan Parkir Bersama Akses Jalan Mobil Suasana Nyaman, Kawasan Padat Penduduk. 2 Kamar Jadi 1 Kamar Besar  Spesifikasi :...",410000000.0,1.0,1.0,70.0,63.0,2026-01-14,Blimbing
"Klojen, Malang","LT 140 m LB 200 m KT 3 KM 2  Hadap Timur  Sertifikat SHM & IMB  Listrik 2200 watt  Air PDAM & Sumur  Bangunan 2 Lantai   Harga Jual 1,6M Nego Tipis...",1600000000.0,3.0,2.0,140.0,200.0,2026-01-14,Klojen
"Klojen, Malang","Rumah Nyaman 1,5 lantai,Bangunan mewah,luas,ada Kolam Renang,Siap ******** Jalan Ijen Boulevard,Jalan Kawi,pusat kuliner dan bisnis,Drkat Jalan Ray...",20000000000.0,5.0,4.0,928.0,1000.0,2026-01-14,Klojen
"Kedungkandang, Malang",Dijual Cepattt Rumah Modern Minimalis Baru Gress *CITRA GARDEN CITY* *by Ciputra group* Malang-Jatim  Spesifikasi : LT : 96 m²(8x12) LB : 50 m² ...,1000000000.0,2.0,1.0,96.0,50.0,2026-01-14,Kedungkandang
"Blimbing, Malang","Dijual Rumah di Perumahan Ahmad Yani Residence, Blimbing Malang  Daerah Sumpil, Perumahan A. Yani Residence  Selangkah ke poros jalan utama  Luas T...",875000000.0,5.0,3.0,105.0,120.0,2026-01-14,Blimbing
"Blimbing, Malang","Dijual Rumah 2 Lantai di Perumahan Karanglo Indah, Balearjosari, Blimbing Malang  Konsep open space Dekat dengan gerbang tol Singosari Kawasan peru...",1300000000.0,2.0,2.0,114.0,140.0,2026-01-14,Blimbing
"Kedungkandang, Malang","Dijual rumah hunian nyaman berlokasi strategis di Kedungkandang, Malang, Jawa Timur. Rumah satu lantai ini berdiri di atas lahan seluas 105 m² den...",900000000.0,4.0,2.0,105.0,147.0,2026-01-14,Kedungkandang
"Sukun, Malang","Dijual Rumah Klasik 2 lantai Posisi Hook di daerah Gunung - gunung, Kota Malang  ✅️ posisi hook, semi furnished ✅️ bangunan masih kokoh ✅...",6000000000.0,4.0,3.0,499.0,350.0,2026-01-14,Sukun
"Klojen, Malang",DIJUAL RUMAH KLASIK DI  JALAN BANDUNG DEKAT IJEN GUNUNG GUNUNG KOTA MALANG  LT 549 m² LB ± 250 m² 3 KT 2 KM PDAM Listrik 2200 Watt HADAP SELATAN...,17000000000.0,3.0,2.0,549.0,250.0,2026-01-14,Klojen
"Klojen, Malang","Exclusive Listing
 
 Dijual Rumah Estetik 2 lantai + rooftop Full Furnished di daerah Pulau-pulau, Sukun, Kota Malang
 
 ✅️ keamanan 24 jam dij...",3500000000.0,4.0,4.0,164.0,240.0,2026-01-14,Klojen
"Blimbing, Malang","Rumah Pojok, Minimalis Lokasi Di PBI Araya  Bangunan terawat dan siap huni  Lokasi dekat ke - rs persada - plaza araya - kampus binus - exit tol pa...",2000000000.0,3.0,1.0,190.0,90.0,2026-01-14,Blimbing
"Lowokwaru, Malang","Rumah Pojok, Bangunan 2 Lantai Lokasi Griyashanta Suhat  Bangunan terawat dan siap huni  Lokasi dekat ke - kampus unibraw - kampus polinema - kawas...",3300000000.0,5.0,4.0,260.0,240.0,2026-01-14,Lowokwaru
"Sukun, Malang","Dijual secara lelang  Perum regency one  kel.bandulan,kec.sukun , Malang   Lt:66  SHM  Harga 200 juta cash belum tax n bia",200000000.0,1.0,1.0,66.0,40.0,2026-01-14,Sukun
"Lowokwaru, Malang","DIJUAL Rumah dalam Perumahan Elit Selangkah Ke Pusat Bisnis dan Kuliner Suhat Dekat Kampus Ternama UB, Polinema,Widyagama,ASIA, ABM Kota Malang   S...",2300000000.0,4.0,2.0,126.0,180.0,2026-01-14,Lowokwaru
"Dieng, Malang","Dijual Rumah Premium di Istana Dieng, Malang  Kusen, pintu semua kayu Merbau Semi Furnished Dapur kotor dan bersih Ada ruang multifungsi Ada kolam ...",8700000000.0,6.0,6.0,385.0,550.0,2026-01-14,Sukun
"Dieng Tidar, Malang",DIJUAL RUMAH SIAP HUNI DI GREENLAND TIDAR MALANG  LT 182 m² LB ± 100 m² KT 2 KM 2  (1 KM Dalam)  Sertifikat SHM 1 Lantai   Harga 2 M Nego   • ...,2000000000.0,2.0,2.0,182.0,100.0,2026-01-14,Sukun
"Dieng Tidar, Malang","Dijual Rumah Usaha dan Ijin Usaha Barber Shop dan Massage lokasi strategis di Poros Jalan Raya Tidar, Malang  Bangunan 2 lantai konstruksi baja  Lu...",8000000000.0,4.0,8.0,375.0,500.0,2026-01-14,Sukun
"Blimbing, Malang","Rumah For Sell Malang RUMAH DI PBI ARAYA JL BLIMBING INDAH SELATAN, PURWODADI, KEC BLIMBING, KOTA MALANG // TBDO 23
 
 Harga : Rp. 195000xxxxNego)
...",1950000000.0,2.0,2.0,189.0,54.0,2026-01-14,Blimbing
"Lowokwaru, Malang","Rumah Dijual Malang Rumah Tengah Kota Malang sangat cocok buat hunian maupun investasi.
 Selling Point:
 1 Menit Ke Sekolah Sabilillah 
 5 Menit Ke...",650000000.0,2.0,1.0,72.0,48.0,2026-01-14,Lowokwaru
"Blimbing, Malang",Lokasi strategis Lingkungan aman dan nyaman Kawasan ramai Cocok untuk tempat usaha,7500000000.0,3.0,3.0,370.0,600.0,2026-01-14,Blimbing
"Araya, Malang","Rumah Dijual Malang Rumah Ex Hostel di daerah elit Araya full furnished sehingga bisa dilanjut atau dirombak untuk rumah keluarga
 
 Lokasi dekat d...",6500000000.0,5.0,5.0,435.0,300.0,2026-01-14,Blimbing
"Sumbersari, Malang","Rumah Dijual Malang Rumah luas di tengah kota
 lokasi strategis dekat kampus Universitas Negeri Malang
 banyak usaha kuliner di sekitar
 5 menit ke...",16000000000.0,6.0,1.0,774.0,700.0,2026-01-14,Lowokwaru
"Blimbing, Malang","DIJUAL Rumah Daerah Blimbing Dekat Dengan Kuliner Sulfat, RSIA Puri Bunda, Puskesmas Kendalkerep Sulfat, Superindo   Spesifikasi : Sertifikat : SHM...",1800000000.0,3.0,2.0,93.0,129.0,2026-01-14,Blimbing
"Araya, Malang","Rumah Dijual Malang Rumah Di Araya Malang
 Jual Rumah
 ARAYA GOLF - Malang
 LT 172 LB 200
 KT 4 KM 4
 Listrik 1300
 Rp 2.400.000.000 
 HGB
 Hadap S...",2400000000.0,4.0,4.0,172.0,200.0,2026-01-14,Blimbing
"Kedungkandang, Malang",FOR SALE!!! Rumah Baru dengan Layout Minimalis di dalam perumahan D'Griyeda Jannati Kedungkandang. Terdapat fasilitas perum yang lengkap seperti cc...,450000000.0,2.0,1.0,72.0,60.0,2026-01-14,Kedungkandang
"Lowokwaru, Malang",Lokasi strategis  Lingkungan aman dan nyaman  Cocok untuk tempat tinggal Kawasan ramai  Dekat dengan kawasan Suhat Malang  Banyak tempat kuliner  3...,2000000000.0,6.0,2.0,377.0,200.0,2026-01-14,Lowokwaru
"Sukun, Malang","Rumah Jual Area Sukun Saat ini digunakan Sebagai Cafe Kondisi Masih Aktif, Lumayan Ramai Lokasi Strategis Dekat Banyak Usaha Kuliner (Pindok Damai,...",1500000000.0,1.0,3.0,159.0,130.0,2026-01-14,Sukun
"Sawojajar, Malang",Lokasi strategis  Lingkungan aman dan nyaman  Kawasan ramai Dekat dengan Exit Tol Sawojajar  Cocok untuk tempat tinggal,760000000.0,3.0,2.0,65.0,90.0,2026-01-14,Blimbing
"Sawojajar, Malang",Lokasi strategis  Lingkungan aman dan nyaman  Kawasan ramai  Cocok untuk tempat tinggal  Dekat dengan kawasan pusat kota  Kawasan Sawojajar Malang,700000000.0,2.0,1.0,84.0,84.0,2026-01-14,Blimbing
"Araya, Malang","Rumah Bagus & Nyaman di Cluster Brassia Hill the Araya, Bonus Horden & Kanopi belakan, mudah perawatannya, berada di Lokasi strategis, terletak di ...",900000000.0,2.0,1.0,98.0,45.0,2026-01-14,Blimbing
"Blimbing, Malang",Lokasi strategis  Lingkungan aman dan nyaman  Cocok untuk tempat tinggal Garasi dan Carport cukup 6,2000000000.0,4.0,3.0,323.0,225.0,2026-01-14,Blimbing
"Sukun, Malang",RUMAH jual dijual Jalan Rawisari  Dijual cepat rumah 2 lantai cantik & bagus siap huni modern harga terjangkau MALANG SUKUN,385000000.0,2.0,2.0,88.0,80.0,2026-01-14,Sukun
"Kedungkandang, Malang",RUMAH jual dijual perum cluster mutiara kh malik dalam  Dijual cepat rumah cantik & bagus modern harga terjangkau MALANG KEDUNGKANDANG,400000000.0,2.0,1.0,82.0,78.0,2026-01-14,Kedungkandang
"Klojen, Malang","Rumah 1,5 lantai yang dengan kondisi sangat terawat.Lokasi sangat strategis terletak dekat beberapa sekolah ( SMP 3, St Yusup,Taman Harapan ,Cor Je...",17000000000.0,5.0,6.0,1120.0,800.0,2026-01-14,Klojen
"Sukun, Malang",RUMAH jual dijual perumahan metro residence  Dijual cepat rumah cantik & bagus siap huni modern harga terjangkau MALANG SUKUN,950000000.0,4.0,3.0,102.0,141.0,2026-01-14,Sukun
"Araya, Malang","Rumah Dijual Malang Rumah murah perabot penuh,ada ac dua,water heater satu ,lengkap sofa, tempat tidur,alat alat dapur semua lengkap tinggal masuk....",650000000.0,2.0,1.0,60.0,34.0,2026-01-14,Blimbing
"Araya, Malang","Rumah Dijual Malang Rumah Baru Di Araya Malang
 Rumah Dijual ARaya
 Cocok untuk Hunian, Investasi
 
 Spek :
 Lt   200  Lb 350
 kt 11 km 11
 2200 wa...",3300000000.0,11.0,11.0,200.0,350.0,2026-01-14,Blimbing
"Araya, Malang","Rumah Dijual Malang Rumah Dijual di Araya Malang
 Jual Rumah TELAGA GOLF Araya Malang
 Rumah Baru
 Lokasi Strategis :
 Dekat Mall
 Dekat Binus
 Dek...",6750000000.0,6.0,5.0,375.0,560.0,2026-01-14,Blimbing
"Sukun, Malang","Rumah nyaman 1 lantai,bangunan luas,Kamarvtidur 4,kamar mandi 2,ada garasi,catport,halaman ******** di Jalan Punglor,Sukun ******** RS.Soepraoen da...",1200000000.0,4.0,2.0,226.0,200.0,2026-01-14,Sukun
"Dieng Tidar, Malang","Bangunan minimalis, siap huni, lingkungan aman dan sejuk",899000000.0,3.0,3.0,85.0,100.0,2026-01-14,Sukun
"Klojen, Malang","Dijual Rumah Hook Kondisi Terawat di Jalan Pulau-Pulau, Klojen Kotamadya Malang lokasi strategis di tengah kota Malang ⁠1 menit ke RSI Aisyiyah �...",4990000000.0,5.0,5.0,469.0,600.0,2026-01-14,Klojen
"Kedungkandang, Malang","Rumah 2 Lantai Modern Scandinavian Tengah Kota Malang!  Free Angsuran 2 Tahun Pertama + Free All Biaya!   Lokasi: Mayjend Sungkono, Kota Malang Are...",636000000.0,3.0,2.0,72.0,65.0,2026-01-14,Kedungkandang
"Klojen, Malang","Dijual Rumah Klasik Lokasi Strategis Tengah Kota di Jalan Pulau-pulau, Klojen Kota Malang cocok digunakan sebagai lokasi usaha (tempat praktek dokt...",2990000000.0,8.0,4.0,316.0,450.0,2026-01-14,Klojen
"Cemorokandang, Malang","✅ *Selling point De Cassablanca?* - Hemat waktu ke Gerbang Tol Hanya 5 Menit. - Kawasan Perumahan yang asri, nyaman dan aman. - Fasilitas yang le...",965000000.0,3.0,3.0,72.0,85.0,2026-01-14,Klojen
"Dieng Tidar, Malang","Rumah bernuansa vintage dijual Kondisi Siap Huni Lokasi Strategis Dekat Kampus Unmer,UM, Mall MCP, Matos, Pusat Kuliner  Spesifikasi : Sertifikat :...",4500000000.0,4.0,2.0,323.0,270.0,2026-01-14,Sukun
"Araya, Malang","Jual Rumah di Perumahan Exclusive The Araya pusat Kota Malang Letak strategis di jalan utama dekat Mall Araya Akses Toll Malang - SBY, universitas ...",11000000000.0,4.0,4.0,595.0,375.0,2026-01-14,Blimbing
"Cemorokandang, Malang","✅ Selling point: - Hemat waktu ke Gerbang Tol Hanya 5 Menit. - Kawasan Perumahan yang asri, nyaman dan aman. - Fasilitas yang lengkap. - Kawasan ...",690000000.0,2.0,1.0,72.0,42.0,2026-01-14,Klojen
"Lowokwaru, Malang","DIJUAL Rumah Dalam Perumahan Cluster Lingkungan Aman dan Nyaman Dekat Univ Brawijaya , Polinema, UMM, Kuliner Suhat   Spesifikasi : Sertifikat : SH...",795000000.0,3.0,2.0,72.0,104.0,2026-01-14,Lowokwaru
"Blimbing, Malang",H53 RUMAH BARU LOKASI SUPER STRATEGIS!!!  Dijual rumah Jalan Letjen S Parman    Pusat Kota Malang Row jalan lebar  Lingkungan permumahan   Spesifik...,1900000000.0,4.0,2.0,175.0,160.0,2026-01-14,Blimbing
"Blimbing, Malang",L Rumah di Perumahan Jalan Ikan Ikan Blimbing Malang Kota Dekat Pusat Kota Malang  Spesifikasi: - Legalitas: SHM - Jumlah Lantai: 2 Lantai - Luas T...,900000000.0,3.0,2.0,77.0,138.0,2026-01-14,Blimbing
"Sukun, Malang",Dijual rumah secara lelang   perum sukun pondok indah blok R  ds bandungrejosari kec sukun malang   shm  LT 421 Hook dekat mesjid jalan kembar  Har...,2580000000.0,2.0,2.0,421.0,350.0,2026-01-14,Sukun
"Araya, Malang",Rumah Di Araya Malang Rumah Siap Huni Araya Malang Lt 420 Lb 550 m2 21 x 20 m2 SHM 5500 watt Dapur Carport Garasi  Febe 0812xxxxxxxx,6300000000.0,6.0,6.0,420.0,550.0,2026-01-14,Blimbing
"Dieng, Malang","Rumah Siap Huni Lingkungan Asri Dekat Elpico Mall, Kampus Ma Chung, Univ Merdeka, MCP Akses Mudah Ke Tengah Kota Malang   Spesifikasi : Sertifikast...",2200000000.0,3.0,1.0,245.0,100.0,2026-01-14,Sukun
"Araya, Malang","Lokasi di Cluster Golf, Kota Araya Malang  * lokasi hanya 3 menit ke Araya Club House * ⁠denah layout dan gambar kerja sudah ready * ⁠akan teri...",3300000000.0,4.0,3.0,200.0,251.0,2026-01-14,Blimbing
"Araya, Malang","Rumah Posisi Pojok Lokasi Tenang di Araya Dekat Terminal Arjosari, Persada, Plaza Araya, Akses Mudah Ke Tengah Kota dan Exit Tol Cocok untuk Keluar...",1500000000.0,3.0,2.0,241.0,150.0,2026-01-14,Blimbing
"Kedungkandang, Malang",Tipe: Mezano  LT : 84m2 Dimensi : 7x 12 LB : 50m2 2 KT 1 KM Water heater SHM  Harga Rp 650 jt - nego  Hubungi:   Daniel Go / Xenia Marcella  0817 0...,650000000.0,2.0,1.0,84.0,50.0,2026-01-14,Kedungkandang
"Blimbing, Malang","I055 Rumah Dijual Murah dekat Terminal Arjosari, Hanya 600 Jt an   Rumah 2 Lantai Lokasi Pakis Tirtomoyo Dekat Terminal Arjosari Malang  Lokasi Str...",600000000.0,2.0,2.0,84.0,110.0,2026-01-14,Blimbing
"Araya, Malang",Bonus : Perabotan  1 Lantai LT 212m² LB 160 m² KT 4 KM 3 dapur 1 Carport 1 Hadap barat Surat SHM Listrik 2200 watt Air water treatment  Harga Neg...,2300000000.0,4.0,3.0,212.0,160.0,2026-01-14,Blimbing
"Sawojajar, Malang","Dijual rumah cantik 3 lantai di daerah Sawojajar  Tersedia 4 kamar tidur, luas 84 m2 Lokasi nyaman dan tenang, dekat fasilitas publik, terutama sek...",850000000.0,4.0,2.0,84.0,170.0,2026-01-14,Blimbing
"Lowokwaru, Malang","Lokasi Premium dekat Polinema, UB, ABM, Kawasan Komersil Suhat
 Bangunan selesei renovasi",4700000000.0,5.0,3.0,212.0,370.0,2026-01-14,Lowokwaru
"Dieng, Malang",LT 98 m2 LB 120 m2 tingkat 2 hadap utara dinensi LT 7 x 14 kamar tidur 2 kamar mandi 2 listrik 2200 air PDAM carport 1 SHM (yhn),800000000.0,2.0,2.0,98.0,120.0,2026-01-14,Sukun
"Sawojajar, Malang",LT 279 m2 LB 200 m2 tingkat 2 hadap barat + barat daya kamar tidur 7 kamar mandi 4 listrik 2200 air PDAM carport 1 SHM bisa untuk usaha (ags),5500000000.0,7.0,4.0,279.0,200.0,2026-01-14,Blimbing
"Araya, Malang",LT 243 m2 LB 92 m2 tingkat 1.5 hadap itara dan timur kamar tidur 3 kamar mandi 2 listrik 2200 air sumur + PDAM carport 1 SHM plus furnished (ev),4000000000.0,3.0,2.0,243.0,92.0,2026-01-14,Blimbing
"Araya, Malang","Rumah DIJUAL Layout Luas Berlokasi Strategis Poros Araya Dekat Kampus BINUS, Selangkah Ke Kuliner KDS. Dekat Taman Indie & Bata Putih, Club House, ...",3000000000.0,2.0,1.0,360.0,250.0,2026-01-14,Blimbing
"Sukun, Malang",RUMAH jual dijual Jl. Pelabuhan kamal gg baru sukun bakalan krajan kota malang  Jual Rumah bangunan baru. Jl. Pelabuhan kamal gg baru sukun bakalan...,425000000.0,2.0,1.0,102.0,38.0,2026-01-14,Sukun
"Lowokwaru, Malang","Kesempatan terbatas buat Anda dapatkan rumah strategis dengan return investasi tinggi di Lowokwaru, Malang.  Rumah ini menawarkan lokasi yang strat...",4500000000.0,6.0,3.0,307.0,250.0,2026-01-14,Lowokwaru
"Blimbing, Malang",H55 Dijual Rumah di Perumahan Jalan Ikan Ikan Blimbing Malang Kota Dekat Pusat Kota Malang  Spesifikasi: - Legalitas: SHM - Jumlah Lantai: 2 Lantai...,900000000.0,3.0,2.0,77.0,138.0,2026-01-14,Blimbing
"Kedungkandang, Malang",RUMAH jual dijual citra garden park hill  jual murah banget rumah Citra Garden park hill  full furnised  MALANG KEDUNGKANDANG,550000000.0,2.0,1.0,72.0,29.0,2026-01-14,Kedungkandang
"Lowokwaru, Malang",RUMAH jual dijual  Green Orchid  Dijual Rumah di Green Orchid Suhat Malang  MALANG LOWOKWARU,2200000000.0,3.0,2.0,150.0,120.0,2026-01-14,Lowokwaru
"Lowokwaru, Malang","- ⁠Legalitas : SHM - furnished : sofa tamu,meja makan, bed, AC,     kitchen set, water Heater, kompor,gordyn   Selling point : ✅ Dekat dengan R...",1450000000.0,4.0,2.0,107.0,145.0,2026-01-14,Lowokwaru
"Kedungkandang, Malang","Rumah Jual Dekat Cassablanca Residence, Oma View, Bandara, Exit tol, Area Sawojajar Akses Mudah Ke Pusat Kota Cocok untuk Hunian Keluarga. Furnishe...",750000000.0,3.0,3.0,200.0,120.0,2026-01-14,Kedungkandang
"Blimbing, Malang","JUAL CEPAT HARGA tinggal 2,5M sudah bisa lanjutkan usaha  3,5 M -> 3 M 3 M -> 2,5 M  DIJUAL Toko Grosir dan Retail yang Masih Aktif Operasional di ...",2500000000.0,3.0,5.0,268.0,400.0,2026-01-14,Blimbing
"Sawojajar, Malang","Rumah Jual Daerah Sawojajar Lokasi strategis belakang kampus UNM 2, dekat SMKN 6, Velodrom dan exit tol Malang kota. Bangunan baru dalam tahap fini...",1500000000.0,3.0,2.0,150.0,114.0,2026-01-14,Blimbing
"Lowokwaru, Malang",Selling Point: - Rumah Bagus dan Terawat - Lokasi di tengah Kota - Dekat Suhat - Dekat Pusat Kuliner - Dekat Pasar Blimbing - 8 Menit ke Universita...,2000000000.0,3.0,3.0,94.0,120.0,2026-01-14,Lowokwaru
"Sawojajar, Malang",Lokasi strategis  Lingkungan aman dan nyaman  Kawasan ramai  Cocok untuk tempat tinggal  Dekat dengan Pusat Kota,1150000000.0,4.0,2.0,155.0,155.0,2026-01-14,Blimbing
"Lowokwaru, Malang","Dijual Rumah 2 Lantai Dekat UB, Polinema & Raya Suhat di Bunga-bunga Lowokwaru Malang Kota
 
 Spesifikasi 
 - Legalitas : sertifikat hak milik (SHM...",1800000000.0,3.0,2.0,117.0,140.0,2026-01-14,Lowokwaru
"Lowokwaru, Malang","Dijual Rumah Minimalis Modern 2 Lantai Fully Furnished Selangkah dari Raya Suhat, UB & Polinema di Permata Jingga Lowokwaru Kota Malang*
 
 Legalit...",2900000000.0,3.0,3.0,120.0,105.0,2026-01-14,Lowokwaru
"Araya, Malang",LT 240 m² LB 350 m² KT  4+1 KM 4+1 Surat SHM Hadap Utara PDAM dan sumur  Daya listrik 4400 wart Posisi Kotak (badan) Garasi  Carport  Kitchen set...,4970000000.0,5.0,5.0,240.0,350.0,2026-01-14,Blimbing
"Sawojajar, Malang",DIJUAL RUMAH SIAP HUNI AREA KI AGENG GRIBIG MADYOPURO DEKAT SAWOJAJAR KOTA MALANG SELANGKAH KE TOL SAWOJAJAR LT 78 LB 45 KT 2 KM 1 Dimensi 6 x 12 L...,465000000.0,2.0,1.0,78.0,45.0,2026-01-14,Blimbing
"Blimbing, Malang","Rumah Jual Area Sulfat 1 Menit ke Indomaret, Pusat Kuliner Sulfat, 5 Menit ke Stasiun Kota Baru, 9 Menit MOG, Matos, Akses Mudah ke Tengah Kota  Sp...",8900000000.0,6.0,4.0,498.0,350.0,2026-01-14,Blimbing
"Sukun, Malang","Rumah-rumah minimalis modern dijual di perumahan baru De Family, Mulyorejo, Malang. 
 
 Harga 300-400 jutaan saja! 
 
 Segera miliki hunian-hunian ...",325000000.0,2.0,1.0,98.0,36.0,2026-01-14,Sukun
"Blimbing, Malang","Rumah 2 lantai di Blimbing, Malang.  Dijual rumah di wilayah yang asri dengan pemandangan Lokasi Pinggiran Kota. Properti 2 lantai bergaya minimali...",2900000000.0,3.0,3.0,312.0,200.0,2026-01-14,Blimbing
"Blimbing, Malang","Kesempatan terbatas buat Anda dapatkan rumah nyaman dengan return investasi tinggi di Blimbing, Malang.  Rumah ini menawarkan kelengkapan fasilitas...",2200000000.0,4.0,3.0,274.0,138.0,2026-01-14,Blimbing
"Oro-Oro Dowo, Malang","Miliki rumah 2 lantai yang nyaman ini,  dijual dengan pemandangan indah yang menambah nilai estetika di lingkungan hunian. Rumah ini berada di wila...",29000000000.0,5.0,2.0,884.0,884.0,2026-01-14,Klojen
"Kedungkandang, Malang","Dijual Cepat Rumah Minimalis Siap Huni + Rumah Petak di Perum Mutiara Garden Buring   Kedungkandang, Malang  Spesifikasi : - Legalitas SHM - Luas t...",500000000.0,3.0,2.0,77.0,60.0,2026-01-14,Kedungkandang
"Sukun, Malang",Lokasi strategis  Lingkungan aman dan nyaman  Kawasan ramai  Cocok untuk tempat tinggal  Banyak tempat kuliner  2 Lantai,575000000.0,2.0,1.0,66.0,99.0,2026-01-14,Sukun
"Kedungkandang, Malang","Rumah Jual Dekat Cassablanca Residence, Oma View, Bandara, Exit tol, Area Sawojajar Akses Mudah Ke Pusat Kota Cocok untuk Hunian Keluarga. Furnishe...",750000000.0,3.0,3.0,200.0,120.0,2026-01-14,Kedungkandang
"Blimbing, Malang","Rumah Jual One Gate System Akses Mudah Bisa Sisipan 2 Mobil Akses Hanya Beberapa Menit ke Jalan Poros S. Parman Sekolahan, Rumah Sakit, Puskesmas, ...",1350000000.0,3.0,2.0,89.0,124.0,2026-01-14,Blimbing
"Araya, Malang",Lt 300 m2 Lb 160 m2 KT 3 + 1 KM 2 + 1 SHM Garasi 1 carport 1  - Lokasi dekat Courtyard dan Plaza Araya - Dekat Starbuck - Dekat Tol Singosari  Harg...,2500000000.0,4.0,3.0,300.0,160.0,2026-01-14,Blimbing
"Araya, Malang","Dijual rumah siap huni berlokasi strategis di Blimbing, Kota Malang, Jawa Timur. Properti ini menawarkan kenyamanan dan kemudahan akses di lingkung...",2850000000.0,4.0,3.0,268.0,180.0,2026-01-14,Blimbing
"Blimbing, Malang",Jual Cepat Rumah Murah Lokasi Di Daerah Ikan Paus Blimbing  Bangunan terawat dan siap huni  Lokasi dekat ke - sekolah hwa ind - pasar blimbing - ka...,1300000000.0,5.0,2.0,138.0,170.0,2026-01-14,Blimbing
"Cemorokandang, Malang","RUMAH BARU , DEKAT TOL SAWOJAJAR MALANG  JALAN BANDARA TIMIKA - Malang LT 72 LB 45 KT 2 KM 1 Listrik 900 Rp 360.000.000  HGB Hadap Selatan  ️Ruma...",360000000.0,2.0,1.0,72.0,45.0,2026-01-14,Klojen
"Sukun, Malang","Rumah Estetik 2 lantai + rooftop Full Furnished di daerah Pulau-pulau, Sukun, Kota Malang Keamanan 24 jam dijaga TNI AL akses mudah, dekat dengan m...",3500000000.0,4.0,4.0,164.0,240.0,2026-01-14,Sukun
"Araya, Malang","Rumah Furnished di Jalan Utama Cluster Golf, Kota Araya Malang lokasi strategis di mainroad cluster  ⁠hanya 1 menit dari Araya Club House cocok d...",7000000000.0,12.0,13.0,375.0,400.0,2026-01-14,Blimbing
"Klojen, Malang","Turun harga! Butuh Cepat Laku!
 
 Rumah Klasik Posisi Hook di Jalan Buah-Buahan, Klojen Kota Malang
 
 • bangunan tahun 1979
 • selangkah ke Ja...",7500000000.0,8.0,4.0,489.0,700.0,2026-01-14,Klojen
"Kedungkandang, Malang","Rumah terawat di jln Bandara palmerah, Omaview kedungkandang Malang kota, 2lantai.  Ltnh 120 m² Lbgn 150 m² Ktdr 3 bawah Ktdr 1 atas lti2 Kmndi 2...",700000000.0,4.0,3.0,120.0,150.0,2026-01-14,Kedungkandang
"Kedungkandang, Malang","Lokasi  jln Bandara palmerah, Omaview kedungkandang Malang kota, 2lantai.  Ltnh 120 m² Lbgn 150 m² Ktdr 3 bawah Ktdr 1 atas lti2 Kmndi 2 bawah Km...",700000000.0,4.0,3.0,120.0,150.0,2026-01-14,Kedungkandang
"Sawojajar, Malang","Rumah DIJUAL Kondisi Terawat Full Furnished Di Danau Matana Raya Sawojajar. Dekat SMAN 10, Pasar Sawojajar, Masjid, Pusat Kuliner Bratan Sawojajar....",1500000000.0,3.0,2.0,120.0,90.0,2026-01-14,Blimbing
"Sukun, Malang","Fully Furnished dekat Samsat Sukun Malang Kota  Note : Progress 60% (Kisaran 2-3 bulan lagi selesai) Bonus = Full Perabot, Interior dan Elektronik ...",1350000000.0,3.0,3.0,80.0,136.0,2026-01-14,Sukun
"Dieng, Malang",- Rumah bersih terawat baik - Bangunan kokoh - Semi furnished - Dekat UNMER dan UB II - Dekat tempat ibadah - Lingkungan aman dan tenang  Info lebi...,1850000000.0,3.0,2.0,204.0,150.0,2026-01-14,Sukun
"Lowokwaru, Malang",Dijual Rumah Siap Huni Full Furnish Super Premium di Perumahan Elit Green Orchid Kota Malang  Spesifikasi : - Legalitas SHM - Dimensi 8 x 15 m - �...,2800000000.0,3.0,3.0,120.0,200.0,2026-01-14,Lowokwaru
"Klojen, Malang","‼️ DIJAMIN PALING MURAH ‼️  Dijual Cepat Rumah Posisi Hook di Letjen Sutoyo, Lowokwaru Malang  Spesifikasi : - Legalitas : SHM  - ⁠Dimens...",1600000000.0,5.0,4.0,224.0,250.0,2026-01-14,Klojen
"Klojen, Malang",Rumah Siap Huni Bangunan Terawat Lokasi Di Andalas Selatan Malang   Lokasi strategis dan siap huni  Lokasi rumah berdekatan dengan :⁣⁣ - rsi ai...,3000000000.0,4.0,4.0,352.0,300.0,2026-01-14,Klojen
"Lowokwaru, Malang","DIJUAL Ruang Usaha Cafe Aktif Daerah Kuliner Sudimoro Akses Jalan Lebar Lokasi Strategis Ramai Area Parkir Luas Dekat Kampus UB, ASIA, Perumahan Pe...",3200000000.0,1.0,2.0,277.0,200.0,2026-01-14,Lowokwaru
"Blimbing, Malang","*DIJUAL RUMAH BARU SUPER STRATEGIS DI AREA JLN LETJEN S. PARMAN, MALANG*  * Pusat Kota Malang * Row jalan lebar  * Lingkungan perumahan   Spesifika...",1900000000.0,4.0,2.0,175.0,160.0,2026-01-14,Blimbing
"Blimbing, Malang","Rumah Modern 2 lantai di Jalan Warinoi, Sulfat, Kota Malang one gate system, CCTV, keamanan 24/7 row jalan 2 mobil simpangan lancar minim sekat Spe...",2300000000.0,7.0,4.0,337.0,220.0,2026-01-14,Blimbing
"Kedungkandang, Malang",RUMAH jual dijual  Danau Ranau pening  Dijual cepat rumah 1 lantai Cantik & bagus harga sangat terjangkau  MALANG KEDUNGKANDANG,3000000000.0,2.0,1.0,223.0,45.0,2026-01-14,Kedungkandang
"Lowokwaru, Malang",lokasi dekat  kampus Brawijaya Dekat Jl Sukarnohata Dekat Sekolah SD dan SMP,2000000000.0,5.0,3.0,180.0,300.0,2026-01-14,Lowokwaru
"Sukun, Malang","DIJUAL Rumah Terletak di Lokasi Strategis 6 Menit Ke Universitas PGRI, Kanjuruan, & mneit Ke SMKN 7 Malang, 8 Menit ke RSUD Kota Malang, 9 Menit Ke...",2700000000.0,4.0,2.0,136.0,272.0,2026-01-14,Sukun
"Klojen, Malang",Lokasi strategis  Lingkungan aman dan nyaman  Kawasan ramai  Cocok untuk tempat tinggal  Dekat dengan kawasan Kota Malang,4500000000.0,4.0,3.0,328.0,350.0,2026-01-14,Klojen
"Araya, Malang",Lokasi startegis Lingkungan aman dan nyaman  Kawasan ramai Cocok untuk tempat tinggal Termasuk perumahan Elite Dekat dengan Plaza Araya dan Rumah s...,12000000000.0,4.0,4.0,600.0,750.0,2026-01-14,Blimbing
"Purwantoro, Malang","Jual cepat perumahan Titan Sulfat Purwantoro Kondisi apa adanya 1,5 lantai Dekat dg banyak Fasum Dr Raya Sulfat -+ 300 meteran Cocok buat hunian ke...",700000000.0,4.0,2.0,115.0,150.0,2026-01-14,Klojen
"Lowokwaru, Malang","Dijual Rumah Terawat di Daerah Jalan Bunga - bunga, Lowokwaru Kota Malang  Selangkah ke Jalan Raya Soekarno Hatta (Soehat) Hanya 10 menit ke Kampus...",2250000000.0,3.0,3.0,225.0,220.0,2026-01-14,Lowokwaru
"Sukun, Malang",TURUN HARGA 350JT*‼️ Butuh Cepat Laku ✅  *Dijual Rumah Modern Minimalis Open Space di Green Living Residence Gadang Sukun Malang* :heart_eyes...,1850000000.0,4.0,3.0,152.0,200.0,2026-01-14,Sukun
"Cemorokandang, Malang","Selling Point : ✅ Lingkungan nyaman, tenang dan aman ✅ Row Jalan 2 Mobil Simpangan ✅ Dekat Pusat Belanja & Kuliner ✅ Dekat dengan exit toll...",2300000000.0,6.0,5.0,257.0,390.0,2026-01-14,Klojen
"Sukun, Malang",Mahabharata Residence Malang adalah sebuah kompleks perumahan minimalis dan eksklusif yang berlokasi di area strategis dekat pusat kota dan fasilit...,650000000.0,2.0,1.0,84.0,56.0,2026-01-14,Sukun
"Kedungkandang, Malang",Promo Rumah Murah Buring Malang Kota Perum De Aztech dekat Jl. Raya wa.me/628133144xxxx  Tersedia Inden Bangun Free Design: - Type 42/66 Harga 400 ...,350000000.0,2.0,1.0,66.0,42.0,2026-01-14,Kedungkandang
"Blimbing, Malang",LT 179 m2 LB 150 m2 tingkst 2 dimensi LT 10 x 18 kamar tidur 5 kamat mamdi 3 cm listrik 1300 air sumur SHzm (),4000000000.0,5.0,3.0,179.0,150.0,2026-01-14,Blimbing
"Blimbing, Malang","Dijual Rumah Siap Huni 2 Lantai  Lokasi Area Borobudur Sukarno Hatta Malang  strategis dekat - pasar blimbing,  - sekolah hwaing - kampus abm, univ...",735000000.0,3.0,2.0,79.0,92.0,2026-01-14,Blimbing
"Araya, Malang","Kesempatan terbatas buat Anda dapatkan rumah nyaman dengan return investasi tinggi di Araya, Malang.  Rumah ini menawarkan lokasi yang strategis se...",2250000000.0,3.0,2.0,120.0,98.0,2026-01-14,Blimbing
"Blimbing, Malang",* Inspira Park* -Satu-satunya perumahan modern ekslusif di tengah kota Malang  -Anti ribet Hemat waktu -Time is money. Hanya 3 menit dari Balaikota...,845000000.0,2.0,1.0,70.0,37.0,2026-01-14,Blimbing
"Lowokwaru, Malang","Rumah Dijual Malang PERUMAHAN GRAHA DEWATA DEKAT DENGAN KAMPUS, UDARA NYA SEJUK, LINGKUNGAN MASIH ASRI, LOKASI DIDATARAN TINGGI, NUANSA SEPERTI DI ...",900000000.0,3.0,2.0,178.0,100.0,2026-01-14,Lowokwaru
"Blimbing, Malang","Inspira Park* -Satu-satunya perumahan modern ekslusif di tengah kota Malang  -Anti ribet Hemat waktu -Time is money. Hanya 3 menit dari Balaikota, ...",1500000000.0,3.0,3.0,72.0,110.0,2026-01-14,Blimbing
"Araya, Malang",Dijual Rumah Cantik Siap Huni di Araya Blimbing Malang  LT  : 176 m2 (8x22) LB  : 150 m2 KT  : 3+1 KM : 3 Listrik: 2200 watt token PDAM (toren stai...,2150000000.0,3.0,3.0,176.0,150.0,2026-01-14,Blimbing
"Purwantoro, Malang","Di jual cepat BU,rumah Hook Jl Sebuku kota Malang  dekat raya sulfat,Pasar bunul,RS,Perumahan BMW,dll Cocok buat hunian ataupun usaha lainnya. Khus...",500000000.0,4.0,1.0,119.0,84.0,2026-01-14,Klojen
"Sukun, Malang",TURUN HARGA 300JT‼️ Butuh Cepat Laku ✅  Dijual Rumah Modern Minimalis Open Space di Green Living Residence Gadang Sukun Malang :heart_eyes:  ...,1900000000.0,4.0,3.0,152.0,200.0,2026-01-14,Sukun
"Araya, Malang","Spesifikasi : Legalitas : SHM + IMB Hadap : Barat LT : 240 m2 Lb : 200 m2 Dimensi : 11 m x 21,8m Kt : 3 + 1 Km : 1 + 1 Listrik : 2200 VA Air : PDAM...",3000000000.0,3.0,1.0,240.0,200.0,2026-01-14,Blimbing
"Araya, Malang",Strategis Untuk Usaha‼️ Beli Rumah Bonus Piano   Dijual Rumah Modern Full Furnished selangkah ke Indomaret bisa buat tempat usaha di Araya Mala...,2500000000.0,3.0,2.0,105.0,200.0,2026-01-14,Blimbing
"Dieng, Malang","*DIJUAL RUMAH DI AUSTIN VILLE, DIENG MALANG*  LT 105 LB -+ 80 KT 2 + 1 KM 1 + 1 LANTAI 1 PDAM 4500 W CARPORT DAPUR HADAP UTARA SHM NON FURNISH  HRG...",1200000000.0,3.0,2.0,105.0,80.0,2026-01-14,Sukun
"Kedungkandang, Malang",- Lokasi Sawojajar - Hunian nyaman  - Bangunan minimais - Lingkungan aman dan tenang  Tertarik? Atau mau tanya-tanya lebih lanjut? Hubungi 0857xxxx...,750000000.0,2.0,1.0,65.0,65.0,2026-01-14,Kedungkandang
"Klojen, Malang",RUMAH jual dijual celaket  Jual Rumah Hook di Celaket Kota Malang  MALANG KLOJEN,1850000000.0,1.0,1.0,207.0,250.0,2026-01-14,Klojen
"Lowokwaru, Malang",RUMAH jual dijual  Simpang kapaltaru  Dijual cepat rumah 2 Lantai Cantik & bagus Modern Estetik Harga Sangat terjangkau  MALANG LOWOKWARU,3500000000.0,5.0,2.0,148.0,200.0,2026-01-14,Lowokwaru
"Blimbing, Malang","Rumah Jual One Gate System Akses Mudah Bisa Sisipan 2 Mobil Akses Hanya Beberapa Menit ke Jalan Poros S. Parman Sekolahan, Rumah Sakit, Puskesmas, ...",1350000000.0,3.0,2.0,89.0,124.0,2026-01-14,Blimbing
"Lowokwaru, Malang","Dijual Rumah Dekat Kampus UB, Polinema, UMM, Dekat Kuliner Suhat, Dekat Perkopian Suhat, Lingkungan Aman dan Nyaman Kota Malang  Spesifikasi ; Sert...",350000000.0,2.0,1.0,67.0,37.0,2026-01-14,Lowokwaru
"Kedungkandang, Malang","perumahan dekat dengan  komplek sekolah SD, SMP, SMA 20 menit ke Exit toll Malang 30 Menit ke Bandara Abd Rahman Saleh",670000000.0,2.0,2.0,96.0,47.0,2026-01-14,Kedungkandang
"Sawojajar, Malang",FOR SALE rumah daerah Sawojajar dekat dengan kuliner dan lokasi strategis. Berada di daerah perumahan dan tengah kota.   Selling point: Lokasi deka...,1600000000.0,3.0,2.0,180.0,140.0,2026-01-14,Blimbing
"Blimbing, Malang","Inspira Park - With Compact House, Be A Compact Family. Kawasan hunian modern tengah kota malang, menjadi sebuah ikon hunian kaum urban modern, yan...",1240000000.0,3.0,2.0,72.0,80.0,2026-01-14,Blimbing
"Kedungkandang, Malang",*JUAL RUMAH SIAP HUNI DI BUMIAYU* bumiayu kec. Kedungkandang kab. Malang  *Spesifikasi* Lt : 96 m² Lb :  136 m² Dimensi : 8x12 Surat : SHM Kt : 5...,650000000.0,5.0,2.0,96.0,136.0,2026-01-14,Kedungkandang
"Kedungkandang, Malang",Spesifikasi: Hanya 2 menit dari Jalan Raya Mayjen Sungkono Berada dalam cluster dengan one gate system dengan security 24/7 Row jalan 2 mobil simpa...,875000000.0,3.0,2.0,84.0,84.0,2026-01-14,Kedungkandang
"Klojen, Malang",√ LANTAI FULL GRANIT  √ PINTU FULL KAYU JATI  √ SEMI FURNISHED  ▪️Legalitas : SHM ▪️LT : 338 m² ▪️Dimensi : 18 x 19m (±) ▪️...,5500000000.0,8.0,7.0,388.0,500.0,2026-01-14,Klojen
"Kedungkandang, Malang",Spesifikasi: Hanya 2 menit dari Jalan Raya Mayjen Sungkono Berada dalam cluster dengan one gate system dengan security 24/7 Row jalan 2 mobil simpa...,875000000.0,3.0,2.0,84.0,84.0,2026-01-14,Kedungkandang
"Kedungkandang, Malang",Spesifikasi: Hanya 2 menit dari Jalan Raya Mayjen Sungkono Berada dalam cluster dengan one gate system dengan security 24/7 Row jalan 2 mobil simpa...,875000000.0,3.0,2.0,84.0,84.0,2026-01-14,Kedungkandang
"Kedungkandang, Malang",*Spesifikasi* Lt : 96 m² Lb :  136 m² Dimensi : 8x12 Surat : SHM Kt : 5 Km : 2 Air : PDAM Listrik : 900watt Hadap : selatan Akses kendaraan : Mob...,650000000.0,5.0,2.0,96.0,136.0,2026-01-14,Kedungkandang
"Sukun, Malang","DIJUAL Rumah Dalam Perumahan One Gate System Kondisi Terawat Suasana Tenang dan Nyaman Dekat Stasiun Kota Lama, Pasar Gadang   Spesifikasi : Sertif...",985000000.0,5.0,3.0,112.0,100.0,2026-01-14,Sukun
"Dieng, Malang","*BANTING HARGA!!!* *DIJUAL RUMAH LOKASI AUSTIN VILLE, DIENG, MALANG*  LT 87 LB 50 KT 2 KM 1 LANTAI 1 PAM DAPUR 1300 W HADAP : BARAT DAYA GARDEN CAR...",850000000.0,2.0,1.0,87.0,50.0,2026-01-14,Sukun
"Blimbing, Malang","Rumah Luas, Minimalis, 1 Lantai Lokasi Simpang Alumunium  Bangunan terawat dan siap huni  Lokasi dekat ke - rs persada - stasiun kota malang - kawa...",3800000000.0,5.0,2.0,541.0,461.0,2026-01-14,Blimbing
"Blimbing, Malang","Rumah murah di Karanglo Indah, Malang! LT 174m² (10x17.4m), 3 KT, 1 KM, hadap selatan. SHM, listrik 1300 watt, akses PDAM. Harga Rp 680 juta, bisa...",680000000.0,3.0,1.0,174.0,174.0,2026-01-14,Blimbing
"Araya, Malang",RUMAH 2 LANTAI TERAWAT SIAP HUNI CLUSTER GOLF ARAYA - MALANG  Dimensi 10x20m Tersedia instalasi air panas tenaga solar/matahari Cartport dan garasi...,2800000000.0,4.0,3.0,200.0,300.0,2026-01-14,Blimbing
"Sukun, Malang",*RUMAH ISTANA DIENG* *Rumah model Minimalis Tropis* Lokasi : *ISTANA DIENG* Luas Tnh : 367m (12 x 30.5) Luas Bgn : 242m Surat : SHM Hadap : Utara K...,6500000000.0,4.0,3.0,367.0,242.0,2026-01-14,Sukun
"Araya, Malang","Dijual Rumah  Lokasi PBI-Araya Malang Kota Strategis : - dekat RS, mini market dan mall - dekat exit tol malang-pandaan - dekat terminal arjosari -...",1350000000.0,3.0,1.0,120.0,100.0,2026-01-14,Blimbing
"Sawojajar, Malang","Rumah 2 Lantai Dijual Di Sawojajar I Danau-Danau, Kondisi Terawat, Dekat Gerbang Tol Malang, Velodorm, Dan Jalan Utama Sulfat Tol Spesifikasi Prope...",2000000000.0,7.0,5.0,192.0,250.0,2026-01-14,Blimbing
"Araya, Malang","Rumah Desain Unik dan Modern Di PBI Araya Malang Lokasi Strategis  Dekat  Rumah sakit International, Sekolah, Club House, Golf, Kampus Binus, Mall,...",9000000000.0,6.0,6.0,561.0,400.0,2026-01-14,Blimbing
"Sukun, Malang",Full furnish LT 263 m²  LB 350 m²  Dimensi : 13 x 20 KT 4 + 1 KM 4 + 1 SHM Hadap Selatan Listrik 5500 watt PDAM  Harga Nego  #FEN.2A420,7000000000.0,5.0,5.0,263.0,350.0,2026-01-14,Sukun
"Klojen, Malang","1 lantai LT : 557 m2 LB : 450 m2 KT : 4+1 KM : 3 ( 2 kamar mandi dalam, 1 kamar mandi luar ) Dapur : 1 Listrik : 2200 watt Air :  PDAM  Sertifikat ...",13000000000.0,5.0,3.0,557.0,450.0,2026-01-14,Klojen
"Araya, Malang",Furnished LT 240m2 LB 280m2 Dimensi : 15x16 KT 3+1 KM 3+1 SHM Hadap Timur laut Listrik 5500 watt Air Araya   #FEN.2A419,4500000000.0,4.0,4.0,240.0,280.0,2026-01-14,Blimbing
"Sawojajar, Malang",RUMAH MURAH DI SAWOJAJAR KOTA MALANG  DANAU DANAU - Malang LT 132 LB 132 KT 3 KM 1 Listrik 900 Rp 700.000.000  SHM Hadap Utara  Rumah dijual posisi...,700000000.0,3.0,1.0,132.0,132.0,2026-01-14,Blimbing
"Araya, Malang","Dijual Rumah Furnished Plus Private Pool di Boulevard Cluster Golf, Kota Araya Malang  One gate system cluster Jalan kembar Row 20 meter 2 Menit ke...",3900000000.0,4.0,3.0,300.0,251.0,2026-01-14,Blimbing
"Sawojajar, Malang",Rumah dijual murah modern minimalis   Rumah minimalis modern dengan konsep ruang fungsional untuk menunjang aktivitas keluarga. Lingkungan yang ter...,299000000.0,2.0,1.0,72.0,40.0,2026-01-14,Blimbing
"Araya, Malang","Rumah Furnished Plus Private Pool di Boulevard Cluster Golf, Kota Araya Malang  one gate system cluster jalan kembar ROW 20 meter ⁠2 menit ke Ara...",3900000000.0,4.0,3.0,300.0,251.0,2026-01-14,Blimbing
"Sukun, Malang","Rumah Dijual Malang *RUMAH ISTANA DIENG*
 *Rumah model Minimalis Tropis*
 Lokasi          : *ISTANA DIENG*
 Luas Tnh     : 367m (12 x 30.5)
 Luas B...",6500000000.0,4.0,3.0,367.0,242.0,2026-01-14,Sukun
"Sukun, Malang","Dijual rumah strategis di kawasan elit dan tenang Bukit Dieng, Sukun, Malang – lokasi favorit untuk hunian keluarga mapan dan para profesional. T...",2000000000.0,3.0,2.0,150.0,90.0,2026-01-14,Sukun
"Sawojajar, Malang","Rumah Dijual Malang RUMAH 2 LANTAI DI JALAN DANAU BATUR MALANG
 
 Luas Tnh     : 153m (9 x 17)
 Luas Bgn    : 150m
 Surat           : SHM
 Hadap   ...",1800000000.0,4.0,3.0,153.0,150.0,2026-01-14,Blimbing
"Klojen, Malang","Rumah DIJUAL Kondisi Siap Huni Dekat Pangkalan Angkatan Laut Malang Akses Mudah ke Alun-alun Kota, Pasar Besar, Pusat Perbelanjaan  Spesifikasi : L...",1750000000.0,3.0,2.0,177.0,250.0,2026-01-14,Klojen
"Araya, Malang","Dijual Rumah Eksklusif di Cluster Favorit Perumahan Elit Araya, Kawasan Premium dengan Lingkungan Hijau, Tenang, dan Aman. Lokasi Strategis dengan ...",2500000000.0,3.0,2.0,300.0,200.0,2026-01-14,Blimbing
"Sukun, Malang","Rumah Jual Kondisi Terawat Area Tidar Posisi Pojok Dekat SPBU Tidar, Lailai Market, Kampus Ma Chung, Sekolah Wesley Jalan Depan Lebar Bisa Simpanga...",1700000000.0,3.0,3.0,148.0,140.0,2026-01-14,Sukun
"Sawojajar, Malang","Dijual Rumah Dekat SMK Telkom Dekat Tol Sawojajar, SDN Lesanpuro, Kampus UM 2, 15 Menit Menuju Bandara Abd Saleh   Spesifikasi : Sertifikat : SHM  ...",1200000000.0,3.0,1.0,158.0,120.0,2026-01-14,Blimbing
"Blimbing, Malang","Rumah Jual Kondisi Baru Akses Simpangan Mobil Kawasan Kuliner dan Bisnis Dekat RSIA Puri Bunda, Superindo Cocok untuk Hunian Keluarga   Spesifikasi...",2840000000.0,4.0,2.0,199.0,166.0,2026-01-14,Blimbing
"Araya, Malang","Rumah Dijual Malang Rumah 1 Lantai Cantik Minimalis di Perumahan Pondok Blimbing Indah Malang
 
 One Gate System
 Dekat Mall Araya
 Dekat Guest Hou...",1900000000.0,4.0,1.0,200.0,100.0,2026-01-14,Blimbing
"Araya, Malang","Rumah Jual Dalam Perumahan Araya Fasilitas Umum Lengkap Akses Mudah Dekat Masjid Araya, Plaza Araya, RS Persada, SPBU, Kondisi Rumah Istimewa Halam...",2650000000.0,3.0,2.0,264.0,146.0,2026-01-14,Blimbing
"Blimbing, Malang","Rumah minimalis modern with smart door & good views  5 menit dari suhat Dekat dengan sekolah sd,smp,sma,universitas brawijaya Dekat dengan terminal...",890000000.0,3.0,2.0,60.0,111.0,2026-01-13,Blimbing
"Lowokwaru, Malang",Dijual Rumah Baru Gress 2 Lantai Siap Huni Jalan Ikan Ikan Lowokwaru Malang  Ready ada 2 unit jejer sama persis - 500m dari Hwaind - ⁠5 menit ke ...,1250000000.0,3.0,2.0,87.0,92.0,2026-01-13,Lowokwaru
"Dieng Tidar, Malang","DIJUAL RUMAH TERAWAT DAERAH TIDAR BAWAH  LT 236 m2 LB 288 m2 1,5 Lantai KT 5+1 KM 3+1 Garasi 2 mobil  Carport 1 mobil  Listrik 3300 watt PDAM  SHM ...",2400000000.0,5.0,3.0,236.0,288.0,2026-01-13,Sukun
"Klojen, Malang","Turun harga! Butuh Cepat Laku!  Rumah Klasik Posisi Hook di Jalan Buah-Buahan, Klojen Kota Malang  - bangunan tahun 1979 - selangkah ke Jalan Raya ...",7000000000.0,8.0,4.0,489.0,700.0,2026-01-13,Klojen
"Lowokwaru, Malang","- Lokasi daerah Bunga-bunga - 1,5 lantai - Dekat UB dan Polinema - Dekat Raya Suhat - Bangunan minimalis - Hunian nyaman dan terawat - Cocok untuk ...",1180000000.0,3.0,2.0,112.0,83.0,2026-01-13,Lowokwaru
"Lowokwaru, Malang",Dijual Rumah Baru Gress 2 Lantai Siap Huni Jalan Ikan Ikan Lowokwaru Malang  Ready ada 2 unit jejer sama persis - 500m dari Hwaind - ⁠5 menit ke ...,1150000000.0,3.0,2.0,81.0,95.0,2026-01-13,Lowokwaru
"Blimbing, Malang","Rumah dijual di lokasi strategis Pandanwangi, Blimbing, Malang, menawarkan hunian nyaman dengan akses mudah ke berbagai fasilitas. Rumah ini cocok ...",1300000000.0,5.0,3.0,150.0,70.0,2026-01-13,Blimbing
"Sukun, Malang","Rumah 1 lantai di Lowokwaru, Malang.  Dijual BU dibawah harga pasar rumah di wilayah yang asri dengan pemandangan permukiman warga. Properti 1 lant...",650000000.0,2.0,2.0,102.0,84.0,2026-01-13,Sukun
"Sukun, Malang",TURUN HARGA! BUTUH CEPAT LAKU! Dijual Rumah 2 Lantai Lokasi Strategis Di Area Jalan Gunung Gunung Kota Malang  Lokasi Premium Tengah Kota Sangat De...,6500000000.0,4.0,3.0,430.0,510.0,2026-01-13,Sukun
"Blimbing, Malang","Rumah 2 lantai di Blimbing, Malang.  Dijual rumah di wilayah yang asri dengan pemandangan permukiman warga. Properti 2 lantai bergaya modern ini be...",2250000000.0,18.0,17.0,254.0,282.0,2026-01-13,Blimbing
"Dieng Tidar, Malang","Dijual Rumah Premium Full Furnished dengan Private Pool di Istana Dieng, Malang  Kolam renang 4 x 9.6 m CCTV 8 titik Genzet ready Pagar remote  Lua...",13500000000.0,6.0,6.0,446.0,500.0,2026-01-13,Sukun
"Sukun, Malang",DIJUAL RUMAH SIAPHUNI FULL FURNISH DI SUKUN MALANG*   Spesifikasi:  LT 66 m2  LB 120 m2 KT 3 KM 2  SHM & IMB  Hadap Utara  Listrik 3500watt  Pagar ...,1350000000.0,3.0,2.0,66.0,120.0,2026-01-13,Sukun
"Sukun, Malang",Rumah luas dengan harga masih bisa nego di Sukun . Row jalan 2 mobil bisa lewat. Lingkungan aman dan tenang. Lokasi rumah cukup  dekat dengan pasar...,1200000000.0,4.0,2.0,226.0,200.0,2026-01-13,Sukun
"Dieng, Malang",Spesifikasi: - Dekat dengan Club House Istana Dieng - Bangunan rumah estetik - Rumah berada di hook - Selangkah menuju Universitas Merdeka  Luas ta...,9500000000.0,6.0,4.0,486.0,450.0,2026-01-12,Sukun
"Dieng, Malang","- bangunan bagus, bersih dan terawat baik  - lokasi strategis ( dekat My Little Island, UNMER, CYBERMALL, dan aneka pertokoan lainnya)  - dimensi 9...",1550000000.0,3.0,2.0,135.0,170.0,2026-01-12,Sukun
"Araya, Malang",(RKS657) - ⁠Posisi Hook Dan Berada Di Jalan Kembar Dengan ROW 20 - Lokasi Aman Dan Nyaman Di Private Cluster Araya - ⁠Kondisi Bangunan Terawat ...,5500000000.0,4.0,4.0,315.0,350.0,2026-01-12,Blimbing
"Lowokwaru, Malang","- bangunan minimalis dan cukup terawat  - harga murah  - dimensi 7,5 x 11 ( dimensi bangunan )  - lingkungan tenang  - lokasi strategis ( dekat Uni...",1180000000.0,3.0,2.0,112.0,83.0,2026-01-12,Lowokwaru
"Dieng Tidar, Malang",DIJUAL Rumah Furnished Super Cantik di Greenland Tidar Malang  Spesifikasi : LT : 132 m2 LB : 120 m2 Lantai : 2 KT : 3 KM : 2 Listrik : 3500 VA Air...,2500000000.0,3.0,2.0,132.0,120.0,2026-01-12,Sukun
"Dieng, Malang","Rumah siap huni dengan harga murah , masih bisa nego sampai deal Rumah terletak dekat jalan utama perumahan Akses juga dekat dengan Universitas Mer...",1650000000.0,3.0,2.0,204.0,150.0,2026-01-12,Sukun
"Dieng, Malang",Spesifikasi: 2 menit ke kampus UB Dieng akses dekat ke pusat kota Malang ⁠masih ada space luas di belakang yang bisa dijadikan tambahan bangunan ...,2900000000.0,2.0,2.0,378.0,100.0,2026-01-12,Sukun
"Araya, Malang","Spesifikasi: LT 342 m2 LB 500 m2 Bangunan 2,5 Lantai Kamar Tidur 4+1 Kamar Mandi 4+1 (2 dalam kamar)  Garasi 2 mobil  Carport 2 mobil  Listrik 5500...",8000000000.0,4.0,4.0,342.0,500.0,2026-01-11,Blimbing
"Sukun, Malang",K49 *DIJUAL RUMAH SIAPHUNI FULL FURNISH DI SUKUN MALANG*   Spesifikasi:  LT 66 m2  LB 120 m2 KT 3 KM 2  SHM & IMB  Hadap Utara  Listrik 3500watt  P...,1350000000.0,3.0,2.0,66.0,120.0,2026-01-11,Sukun
"Lowokwaru, Malang",Dijual Rumah di Malang Luas 180m posisi sudut dalam perumahan area saxsofon kota Malang dekat kampus poltek Dan Brawijaya Kota Malang  Keunggulan P...,1100000000.0,2.0,1.0,180.0,49.0,2026-01-11,Lowokwaru
"Sukun, Malang",DI JUAL RUMAH  KEL. : GADANG KEC. : SUKUN KAB  : MALANG  LT  119  M² KT +/-  3 KM +/- 2  Surat :  SHM  Row Mobil     Harga : 820 jt  NOTE :  PROSE...,820000000.0,3.0,2.0,119.0,119.0,2026-01-10,Sukun
"Sukun, Malang","DI JUAL RUMAH  KEL. : GADANG KEC. : SUKUN KAB  : MALANG  LT  165  M² KT +/-  3 KM +/- 2  Surat :  SHM  Row Mobil     Harga : 1,4 M  NOTE :  PROSES...",1400000000.0,3.0,2.0,165.0,165.0,2026-01-10,Sukun
"Dieng, Malang","- bangunan bersih - dimensi 10x25  - lokasi strategis di dieng ( dekat kampus Unmer, MCP, Cyber mall, aneka pertokoan)  - lingkungan tenang  - coco...",2600000000.0,7.0,4.0,250.0,220.0,2026-01-10,Sukun
"Sawojajar, Malang",RUMAH BARU MODERN MINIMALIS PERUM CEMOROKANDANG KOTA MALANG   Lokasi : PERUMAHAN STRATEGIS  CEMOROKANDANG KOTA MALANG   KAWASAN HUNIAN PERUMAHAN YA...,445000000.0,2.0,1.0,60.0,36.0,2026-01-10,Blimbing
"Kedungkandang, Malang",Dijual rumah baru di kedungkandang kota Malang. rumah baru sudah ada pagar dan kanopi belakang.  type 50/65 kt 2  km 1  SHM   info 0878xxxxxxxx,375000000.0,2.0,1.0,65.0,50.0,2026-01-09,Kedungkandang
"Klojen, Malang","Turun Harga   Dijual Rumah Megah dengan Private Pool di Ijen Nirwana, Klojen Malang    Tiap kamar ada mezzanine + walk in closet Lantai marmer   L...",21700000000.0,7.0,7.0,1558.0,1000.0,2026-01-09,Klojen
"Sukun, Malang","Dijual rumah hunian baru di area Perumahan Sukun Pondok Indah. Lokasi dekat dengan Universitas Kanjuruhan Malang. Hanya 15 menit dari Mall MOG, Sta...",875000000.0,2.0,1.0,87.0,80.0,2026-01-09,Sukun
"Klojen, Malang",RUMAH KLASIK DI WELIRANG MALANG Jual Rumah JL WELIRANG - Malang LT 640 LB 494 KT 8 KM 6 Dimensi 15 x 43 Listrik 5500 Rp 17.999.999.999  SHM Hadap U...,17900000000.0,8.0,4.0,640.0,494.0,2026-01-09,Klojen
"Sawojajar, Malang",Dijual rmh 2 lantai lokasi :  Perum Sawojajar 1 kota Malang  Jl. Tondano  Bangunan 2 lantai Luas 105 m2 Lebar 7 m Kmr tidur 4 Kamar mandi 2 SHM  Ak...,650000000.0,4.0,2.0,105.0,90.0,2026-01-09,Blimbing
"Klojen, Malang","Jl Bromo Malang menawarkan berbagai keuntungan, mulai dari akses mudah ke transportasi, fasilitas pendidikan, hingga pusat perbelanjaan dan hiburan...",19100000000.0,2.0,1.0,766.0,480.0,2026-01-09,Klojen
"Sukun, Malang",DI JUAL RUMAH  KEL. : BANDUNGREJOSARI KEC. : SUKUN KAB  : MALANG  LT  103  M² KT +/-  3 KM +/- 2  Surat :  SHM  Row Mobil     Harga : 410 jt  NOTE...,410000000.0,3.0,2.0,103.0,103.0,2026-01-09,Sukun
"Blimbing, Malang",RUMAH BARU MODERN MINIMALIS PERUM CEMOROKANDANG KOTA MALANG   Lokasi : PERUMAHAN STRATEGIS  CEMOROKANDANG KOTA MALANG   KAWASAN HUNIAN PERUMAHAN YA...,445000000.0,2.0,1.0,60.0,36.0,2026-01-09,Blimbing
"Sukun, Malang","Rumah 2 lantai di Sukun, Malang.  Dijual rumah di wilayah yang tenang dengan pemandangan Lokasi di Pusat Kota. Properti 2 lantai ini berada di ling...",900000000.0,3.0,2.0,126.0,140.0,2026-01-09,Sukun
"Blimbing, Malang",RUMAH TENGAH KOTA MALANG Jual Rumah BLIMBING MALANG LT 160 LB 170 KT 4 KM 2 Dimensi null Rp 1.899.999.999 SHM info lengkap Yudi Segoro Berkah -L 2 ...,1890000000.0,4.0,2.0,160.0,170.0,2026-01-09,Blimbing
"Klojen, Malang",RUMAH CANTIK DI JALAN GRESIK MALANG Jual Rumah JL GRESIK - Malang LT 430 LB 260 KT 4 KM 6 Listrik 2200 Rp 6.499.999.999  SHM Hadap Timur  Rumah Can...,6490000000.0,4.0,6.0,430.0,260.0,2026-01-09,Klojen
"Blimbing, Malang","FOR SALE: Rumah Modern di Cakalang, Malang - LT : 60 m2  - LB : +/- 111 m2 - Bangunan 2 lantai - 3 Kamar Tidur  - 2 Kamar Mandi - Taman Luar dan Da...",890000000.0,3.0,2.0,60.0,111.0,2026-01-09,Blimbing
"Sawojajar, Malang",Dijual rumah di simpang ranugrati. rumah sangat terawat dan bersih.siap huni.,650000000.0,2.0,2.0,119.0,100.0,2026-01-09,Blimbing
"Lowokwaru, Malang",DIJUAL CEPAT!! RUMAH LOKASI STRATEGIS TENGAH KOTA SIAP HUNI NYAMAN DAN ASRI AREA LOWOKWARU CENGGER AYAM MALANG  LT 675 LB 450 KT 6 KM 3 Listrik 220...,6500000000.0,5.0,2.0,675.0,450.0,2026-01-09,Lowokwaru
"Dieng, Malang","- bangunan bersih terawat baik  - berhadapan dengan taman  - lingkungan tenang dan aman  - lokasi strategis ( dekat dengan UNMER, CYBER MALL, MCP ,...",1650000000.0,3.0,2.0,204.0,150.0,2026-01-09,Sukun
"Sukun, Malang","Rumah di Sukun.  Temukan rumah 2 lantai yang modern ini,  dijual dengan pemandangan indah yang menambah nilai estetika di lingkungan hunian. Rumah ...",668000000.0,3.0,2.0,72.0,65.0,2026-01-09,Sukun
"Blimbing, Malang",DIJUAL RUMAH BARU MODERN SIAP HUNI HARGA MIRING   Lokasi : PERUMAHAN ELITE  CITRA GARDEN CITY CIPUTRA  KOTA MALANG   KAWASAN HUNIAN PERUMAHAN ELITE...,450000000.0,2.0,1.0,84.0,41.0,2026-01-08,Blimbing
"Araya, Malang",Spesifikasi: LT 424 m2 LB 550 m2 Kamar Tidur 5+1 Kamar Mandi 3+1 2 Lantai Garasi 2 mobil Carport 2 mobil Sertifikat SHM Listrik 3500 watt Air PDAM ...,3800000000.0,5.0,3.0,424.0,550.0,2026-01-08,Blimbing
"Araya, Malang","Rumah Nyaman 2 lantai, bangunan bagus, terawat, 4 Kamar tidur, 3 Kamar mandi, garasi, SHM, siap huni. Lokasi di Perumahan Elit Araya Malang. Dekat ...",1900000000.0,4.0,3.0,145.0,145.0,2026-01-08,Blimbing
"Kedungkandang, Malang",DI JUAL RUMAH  PERUM PONDOK INDAH BLOK C NO 2 KEL. : BUMI AYU KEC. : KEDUNG KANDANG KAB  : MALANG  LT  146  M² KT +/-  3 KM +/- 2  Surat :  SHM  R...,850000000.0,3.0,2.0,146.0,146.0,2026-01-08,Kedungkandang
"Lowokwaru, Malang",DIJUAL RUMAH BARU MODERN SIAP HUNI HARGA MIRING   Lokasi : PERUMAHAN ELITE  CITRA GARDEN CITY CIPUTRA  KOTA MALANG   KAWASAN HUNIAN PERUMAHAN ELITE...,450000000.0,2.0,1.0,84.0,41.0,2026-01-08,Lowokwaru
"Sukun, Malang",DI JUAL RUMAH  KEL. : BANDUNGREJOSARI  KEC. : SUKUN KAB  : MALANG  LT  216  M² KT +/-  3 KM +/- 2  Surat :  SHM  Row Mobil     Harga : 610 jt  NOT...,610000000.0,3.0,2.0,216.0,216.0,2026-01-07,Sukun
"Kedungkandang, Malang","Rumah di Kedungkandang.  Temukan rumah 1 lantai yang asri ini,  dijual dengan pemandangan asri yang menambah nilai estetika di lingkungan hunian. R...",650000000.0,2.0,1.0,110.0,90.0,2026-01-07,Kedungkandang
"Sukun, Malang","RUMAH BARU MODERN MINIMALIS PERUM SUKUN KOTA MALANG   Lokasi : PERUMAHAN STRATEGIS  SUKUN KOTA MALANG   KAWASAN HUNIAN PERUMAHAN YANG NYAMAN, AMAN ...",495000000.0,2.0,1.0,75.0,36.0,2026-01-07,Sukun
"Sukun, Malang","Rumah di Sukun.  Cek segera rumah 1 lantai yang asri ini,  dijual dengan pemandangan indah yang menambah nilai estetika di lingkungan hunian. Rumah...",399000000.0,2.0,1.0,76.0,36.0,2026-01-07,Sukun
"Lowokwaru, Malang",DI JUAL RUMAH  PERUM GRAND MAHABARATA SAXOPHONE C4 NO 22 KEL. : TUNGGULWULUNG KEC. : LOWOKWARU KAB  : MALANG  LT  90  M² KT +/-  3 KM +/- 2  Surat...,410000000.0,3.0,2.0,90.0,90.0,2026-01-07,Lowokwaru
"Klojen, Malang","Rumah Nyaman 2 Lantai,Bangunan Bagus Terawat,Luas .Posisi HOOK,bisa untuk Usaha dengan Lebar Rumah 27,5 meter.Lokasi Strategis di Jalan Poros Raya ...",15000000000.0,5.0,5.0,760.0,400.0,2026-01-07,Klojen
"Blimbing, Malang",RUMAH BARU MODERN MINIMALIS PERUM PANDANWANGI SULFAT BLIMBING KOTA MALANG   Lokasi : PERUMAHAN STRATEGIS  PANDANWANGI SULFAT BLIMBING  KOTA MA WALA...,699000000.0,2.0,1.0,75.0,50.0,2026-01-06,Blimbing
"Araya, Malang","Rumah di Araya.  Cek segera rumah 2 lantai yang modern ini,  dijual dengan pemandangan asri yang menambah nilai estetika di lingkungan hunian. Ruma...",2600000000.0,6.0,3.0,162.0,256.0,2026-01-06,Blimbing
"Blimbing, Malang",":fire: *RUMAH HOOK TENGAH KOTA - SIAP HUNI DI BLIMBING!* :fire:   Pandanwangi, Blimbing - Kota Malang   4 KT | 2 KM  LT 104 | LB ±160  Carport 1 |...",950000000.0,4.0,2.0,104.0,160.0,2026-01-06,Blimbing
"Sukun, Malang",K49 *DIJUAL RUMAH SIAPHUNI FULL FURNISH DI SUKUN MALANG*   Spesifikasi:  LT 66 m2  LB 120 m2 KT 3 KM 2  SHM & IMB  Hadap Utara  Listrik 3500watt  P...,1350000000.0,3.0,2.0,66.0,120.0,2026-01-06,Sukun
"Araya, Malang","Rumah di Araya.  Miliki rumah 2 lantai yang modern ini,  dijual dengan pemandangan asri yang menambah nilai estetika di lingkungan hunian. Rumah in...",806000000.0,2.0,1.0,49.0,49.0,2026-01-05,Blimbing
"Araya, Malang",2 Lantai + 1 lantai untuk rooftop LT         : 300M² LB        : 500 M² KT        : 5+1 (3 atas dan 3 bawah) KM       : 5+1 (3 atas dan 3 bawah G...,4900000000.0,6.0,6.0,300.0,500.0,2026-01-04,Blimbing
"Lowokwaru, Malang","Rumah di Lowokwaru.  Dapatkan rumah 1 lantai yang asri ini,  dijual dengan pemandangan asri yang menambah nilai estetika di lingkungan hunian. Ruma...",580000000.0,2.0,2.0,84.0,55.0,2026-01-04,Lowokwaru
"Dieng, Malang",DIJUAL RUMAH BARU RENOVASI GRESS - PUNCAK DIENG MALANG  Lokasi super strategis di kawasan elit Puncak Dieng. Dekat berbagai kampus dan fasilitas um...,2600000000.0,7.0,4.0,250.0,220.0,2026-01-04,Sukun
"Blimbing, Malang","Rumah 1 lantai di Blimbing, Malang.  For sale rumah di wilayah yang asri. Properti 1 lantai ini berada di lingkungan strategis.  Kategorinya adalah...",402000000.0,2.0,1.0,66.0,45.0,2026-01-04,Blimbing
"Kedungkandang, Malang","J41 TURUN HARGA LAGI!  HARGA DI REVISI LAGI, JAUH DI BAWAH HARGA BELI! RUMAH MINIMALIS - TIPE MEZZANO Lokasi : Citra Garden City By Ciputra - Kedun...",500000000.0,2.0,1.0,84.0,41.0,2026-01-04,Kedungkandang
"Klojen, Malang",Spesifikasi Utama Properti:    - Kamar Tidur: 3   - Kamar Mandi: 3   - Sertifikat: SHM - Sertifikat Hak Milik   - Daya Listrik: 6600 W   - Arah Ban...,20000000000.0,3.0,3.0,673.0,350.0,2026-01-04,Klojen
"Dieng, Malang","Rumah Dijual Malang Rumah berukuran luas dengan 4 kamar tidur yang berukuran besar.
 
 Garasi luas, bisa untuk usaha
 Terdapat 2 dapur
 Halaman sam...",3950000000.0,4.0,3.0,364.0,260.0,2026-01-04,Sukun
"Dieng, Malang",Spesifikasi Utama Properti:    - Kamar Tidur: 5   - Kamar Mandi: 3   - Sertifikat: SHM - Sertifikat Hak Milik   - Daya Listrik: 4400 W   - Arah Ban...,3200000000.0,5.0,3.0,300.0,450.0,2026-01-04,Sukun
"Sawojajar, Malang",HOT LISTING RUMAH BARU MURAH SAWOJAJAR DIJUAL RUMAH Modern Minimalis di Sawojajar 2 Kota Malang  Spesifikasi : LT : 84 m2 LB : 70 m2 Dimensi : 6 x ...,645000000.0,3.0,2.0,84.0,70.0,2026-01-04,Blimbing
"Lowokwaru, Malang","Rumah 1 Lantai Semi Furnished Siap Huni Lokasi Dekat Kampus UB, Polinema, UMM, ABM, Kawasan Kuliner Soehat, Akses Mudah ke Kota Batu Cocok untuk Ru...",950000000.0,2.0,1.0,93.0,80.0,2026-01-04,Lowokwaru
"Araya, Malang",2 Lantai + 1 lantai untuk rooftop LT         : 300M² LB        : 500 M² KT        : 5+1 (3 atas dan 3 bawah) KM       : 5+1 (3 atas dan 3 bawah G...,4900000000.0,6.0,6.0,300.0,500.0,2026-01-04,Blimbing
"Dieng, Malang","Rumah 2 lantai di Dieng, Malang.  Dijual rumah di wilayah yang asri. Properti 2 lantai ini berada di lingkungan strategis.  Rinciannya adalah sebag...",900000000.0,2.0,1.0,106.0,115.0,2026-01-04,Sukun
"Lowokwaru, Malang","- Luas 7 x 12 - Hunian nyaman - Bangunan terawat - Lingkungan aman dan tenang - Dekat terminal Arjosari - Ada halaman belakang  Info lebih lanjut, ...",580000000.0,2.0,2.0,84.0,55.0,2026-01-04,Lowokwaru
"Blimbing, Malang","Rumah di Blimbing.  Temukan rumah 1 lantai yang asri ini,  dijual dengan pemandangan asri yang menambah nilai estetika di lingkungan hunian. Rumah ...",950000000.0,3.0,1.0,91.0,72.0,2026-01-04,Blimbing
"Klojen, Malang","Dijual Rumah Lokasi Strategis Jalan Ramai, Suasana Asri, Dekat SPBU, Kampus UMM 1,Sekolah MAN, Akses Jalan Mudah. Cocok untuk Bisnis Kuliner, Bimbe...",18000000000.0,4.0,3.0,550.0,300.0,2026-01-04,Klojen
"Dieng, Malang",Rumah minimalis Bangunan terawat Lingkungan aman dan tenang (noor_yoh),900000000.0,2.0,2.0,98.0,120.0,2026-01-04,Sukun
"Lowokwaru, Malang","DIJUAL RUMAH 3 LANTAI DI PERUMAHAN SIGURA-GURA, LOWOKWARU,  MALANG*  Spesifikasi : LT                              : 73m² LB                      ...",1350000000.0,3.0,3.0,73.0,219.0,2026-01-04,Lowokwaru
"Sukun, Malang","Rumah Nyaman 2 lantai,Bangunan bagus terawat,Siap huni.Dekat Pusat kuliner,Bisnis,Sekolah,Pasar,dll.Lokasi di daerah Burung-burung,Sukun Malang.Lin...",2049999999.0,6.0,4.0,218.0,300.0,2026-01-04,Sukun
"Araya, Malang","Rumah Jual Dalam Perumahan Elit Araya, One Gate System Fasilitas Lengkap Cluster Favorit Akses Mudah Dekat Plaza Araya, Rumah Sakit Persada, Lapang...",4500000000.0,4.0,3.0,240.0,207.0,2026-01-04,Blimbing
"Blimbing, Malang","Rumah di Perumahan Riverside.  Temukan rumah 1 lantai yang nyaman ini,  dijual dengan pemandangan indah yang menambah nilai estetika di lingkungan ...",2100000000.0,3.0,2.0,133.0,156.0,2026-01-04,Blimbing
"Lowokwaru, Malang","Rumah 2 Lantai Fully Furnished Siap Huni Dekat Ke Pusat Perkopian Sudimoro, Pusat Kuliner Soekarno Hatta, Kampus ASIA, Polinema, UB, ABM, Rumah Sak...",1100000000.0,3.0,2.0,75.0,140.0,2026-01-04,Lowokwaru
"Klojen, Malang","Rumah Modern Lokasi Tengah Kota Selangkah ke Ijen Boulevard, Klojen Kota Malang  lokasi strategis di pusat kota Malang (area Jalan Gunung-Gunung) d...",8000000000.0,6.0,2.0,427.0,350.0,2026-01-04,Klojen
"Dieng, Malang","Rumah Minimalis Baru Renov di Istana Dieng, Kota Malang  row jalan 2 mobil simpangan lancar bangunan baru selesai direnovasi one gate system, 24 ja...",3500000000.0,4.0,3.0,200.0,180.0,2026-01-04,Sukun
"Klojen, Malang",Rumah jual bergaya vintage posisi hook di area klojen malang kondisi sangt terawatt dengan bangunan 2 lantai area taman atau carport sangat luas lo...,18000000000.0,7.0,5.0,1041.0,900.0,2026-01-04,Klojen
"Araya, Malang",(RN155) - ⁠Posisi Hook Dan Berada Di Jalan Kembar Dengan ROW 20 - Lokasi Aman Dan Nyaman Di Private Cluster Araya - ⁠Kondisi Bangunan Terawat D...,5500000000.0,4.0,4.0,315.0,350.0,2026-01-04,Blimbing
"Araya, Malang","FOR SALE Rumah Harga Miring di PBI Araya. Lokasi strategis dekat dengan sekolah, kampus, kuliner, dan rumah sakit.   Selling points: Dalam perumaha...",1400000000.0,3.0,2.0,120.0,110.0,2026-01-04,Blimbing
"Araya, Malang","Rumah di Araya.  Temukan rumah 2 lantai yang modern ini,  dijual dengan pemandangan indah yang menambah nilai estetika di lingkungan hunian. Rumah ...",1040000000.0,4.0,2.0,91.0,55.0,2026-01-04,Blimbing
"Lowokwaru, Malang",Dijual rumah minimalis nyaman dan asri di kawasan tenang dengan lingkungan yang masih hijau. Rumah ini memiliki halaman depan yang cukup luas denga...,1700000000.0,2.0,1.0,167.0,100.0,2026-01-04,Lowokwaru
"Lowokwaru, Malang","FOR SALE:  Rumah di area Jalan Bunga Bunga, Lowokwaru, Malang - LT : 400 m2 - LB : 300 m2 - 4+1 Kamar Tidur  - 3+1 Kamar Mandi  - Taman depan dan d...",4000000000.0,4.0,3.0,400.0,300.0,2026-01-04,Lowokwaru
"Kedungkandang, Malang","Rumah 2 lantai di Kedungkandang, Malang.  Dijual rumah di wilayah yang asri dengan pemandangan perkotaan. Properti 2 lantai bergaya scandinavian in...",497000000.0,2.0,2.0,60.0,50.0,2026-01-04,Kedungkandang
"Lowokwaru, Malang",Hunian Nyaman dengan Lokasi Paling Dicari di Pusat Kota Malang!  Dijual rumah tinggal siap huni kondisi terawat dengan suasana tenang dan asri di k...,600000000.0,3.0,2.0,114.0,88.0,2026-01-04,Lowokwaru
"Kedungkandang, Malang","Rumah Jual Bangunan Baru Finishing Sebagian Lokasi Dalam Perumahan  View Perkotaan dan Pegunungan, Hawa Sejuk, Tenang Dekat Exit Tol Malang, Velodr...",700000000.0,3.0,3.0,200.0,160.0,2026-01-04,Kedungkandang
"Blimbing, Malang","Deskripsi :  LT 442 m2  Limit Lelang Rp 2,25 M  Harga all in : *harga blm termasuk bphtb + tunggakan pbb, listrik, air, ipkl (bila ada)  Cara Bayar...",2250000000.0,2.0,1.0,442.0,442.0,2026-01-04,Blimbing
"Sukun, Malang",DI JUAL RUMAHX  PERUM THE GREEN SUKUN D/4 KEL. : BAKALANRAJA KEC. : SUKUN KAB  : MALANG  LT  66  M² KT +/-  3 KM +/- 2  Surat :  SHM  Row Mobil   ...,285000000.0,3.0,2.0,66.0,66.0,2026-01-04,Sukun
"Kedungkandang, Malang",DI JUAL RUMAH  PERUM PURI TAMAN AGUNG NO 02 KEL. : ARJOWINANGUN/ KEC. : KEDUNGKANDANG KAB  : MALANG  LT  90  M² KT +/-  3 KM +/- 2  Surat :  SHM  ...,378000000.0,3.0,2.0,90.0,90.0,2026-01-04,Kedungkandang
"Kedungkandang, Malang","TURUN HARGA LAGI!  HARGA DI REVISI LAGI, JAUH DI BAWAH HARGA BELI! RUMAH MINIMALIS - TIPE MEZZANO Lokasi : Citra Garden City By Ciputra - Cluster P...",500000000.0,2.0,1.0,84.0,41.0,2026-01-04,Kedungkandang
"Klojen, Malang","Deskripsi :  LT 900 m2  Limit Lelang 9,44 M  Harga all in : *harga blm termasuk bphtb + tunggakan pbb, listrik, air, ipkl (bila ada)  Cara Bayar : ...",9440000000.0,3.0,2.0,900.0,900.0,2026-01-04,Klojen
"Sawojajar, Malang","Dijual Rumah Dekat SMK Telkom Dekat Tol Sawojajar, SDN Lesanpuro, Kampus UM 2, 15 Menit Menuju Bandara Abd Saleh   Spesifikasi : Sertifikat : SHM  ...",1150000000.0,3.0,1.0,158.0,120.0,2026-01-04,Blimbing
"Lowokwaru, Malang","Rumah 3 lantai di Lowokwaru, Malang.  Dijual rumah di wilayah yang nyaman dengan pemandangan perkotaan. Properti 3 lantai ini berada di lingkungan ...",1800000000.0,2.0,3.0,116.0,266.0,2026-01-04,Lowokwaru
"Araya, Malang","(DN2679) Untuk Katalog Properti Lengkap, Bisa Diakses Langsung Melalui Link Berikut ********  - ⁠Posisi Hook Dan Berada Di Jalan Kembar Dengan RO...",5500000000.0,4.0,4.0,315.0,350.0,2026-01-04,Blimbing
"Sukun, Malang",Ready Siap Huni Lokasi Sukun Klayatan Free Biaya  Type 110/78 3 kmr 2 kmd Carport  Rooftop  Hrg 850jt  Lokasi sukun klayatan,850000000.0,3.0,2.0,78.0,130.0,2026-01-04,Sukun
"Sukun, Malang","DIJUAL Rumah dalam perumahan kawasan dieng, Dekat kampus UNMER, Cyber Mall, Akses Tengah Kota suasana tenang dan nyaman Kota Malang. Bonus AC 3 & W...",1550000000.0,3.0,2.0,98.0,131.0,2026-01-04,Sukun
"Sawojajar, Malang","DIJUAL RUMAH BARU MODERN SIAP HUNI HARGA MIRING   Lokasi : KAWASAN STRATEGIS  SAWOJAJAR MALANG   KAWASAN HUNIAN PERUMAHAN YANG NYAMAN, AMAN DAN TEN...",645000000.0,3.0,2.0,84.0,70.0,2026-01-04,Blimbing
"Klojen, Malang",Spesifikasi Utama Properti:    - Kamar Tidur: 5   - Kamar Mandi: 3   - Sertifikat: SHM - Sertifikat Hak Milik   - Daya Listrik: 1300 W   - Arah Ban...,12500000000.0,5.0,3.0,428.0,144.0,2026-01-04,Klojen
"Klojen, Malang","(DN2637) Untuk Katalog Properti Lengkap, Bisa Diakses Langsung Melalui Link Berikut ********  - Lokasi Strategis Di Pusat Kota - ⁠Dekat Ke Stadio...",8500000000.0,7.0,3.0,430.0,320.0,2026-01-04,Klojen
"Lowokwaru, Malang","Rumah 1 Lantai Semi Furnished Siap Huni Lokasi Dekat Kampus UB, Polinema, UMM, ABM, Kawasan Kuliner Soehat, Akses Mudah ke Kota Batu Cocok untuk Ru...",950000000.0,2.0,1.0,93.0,80.0,2026-01-04,Lowokwaru
"Dieng, Malang",Spesifikasi Utama Properti:    - Kamar Tidur: 5   - Kamar Mandi: 2   - Sertifikat: SHM - Sertifikat Hak Milik   - Daya Listrik: 3500 W   - Arah Ban...,3750000000.0,5.0,2.0,450.0,300.0,2026-01-04,Sukun
"Araya, Malang","Rumah baru siap huni di Greenwood Golf Araya.Rumah dijual beserta seluruh perabotnya.View rumah menghadap lapangan golf.Cluster aman ,tenang dan ny...",4900000000.0,3.0,3.0,240.0,275.0,2026-01-03,Blimbing
"Blimbing, Malang","Rumah baru 2 lantai di tengah kota Malang Akses dekat dengan RS Lavalette,RSU , SMPN 5,pasar Klojen , Stasiun kereta api dan lapangan Rampal Tersed...",1240000000.0,3.0,3.0,72.0,80.0,2026-01-03,Blimbing
"Lowokwaru, Malang",RUMAH BAGUS MODERN MINIMALIS FULL FURNISHED DI SUHAT HARGA EKONOMIS  Jual Rumah JL SOEKARNO HATTA LT 97 LB 68 KT 2 KM 1 Dimensi null Listrik 1300 W...,1200000000.0,2.0,1.0,97.0,68.0,2026-01-03,Lowokwaru
"Dieng, Malang","Rumah yg terletak dikawasan perumahan yg asri , dekat dengan pusat kota , ada taman di depan rumah , cocok untuk hunian",1650000000.0,3.0,2.0,204.0,150.0,2026-01-03,Sukun
"Araya, Malang","Bangunan minimalis, dekat tol singosari",967000000.0,1.0,2.0,30.0,59.0,2026-01-03,Blimbing
"Lowokwaru, Malang","Kesempatan terbatas buat Anda dapatkan rumah strategis dengan return investasi tinggi di Lowokwaru, Malang.  Rumah ini menawarkan kelengkapan fasil...",3500000000.0,4.0,2.0,250.0,200.0,2026-01-03,Lowokwaru
"Araya, Malang","Rumah 1,5 lantai di Araya ( masih masuk kotamadya Malang).Kondisi bangunan cukup terawat.Air menggunakan sumur dan PDAM .Akses cukup dekat dengan m...",1500000000.0,3.0,1.0,135.0,100.0,2026-01-03,Blimbing
"Araya, Malang","Rumah Dijual Malang \u2734\ufe0fRumah Jual Araya Full Furnish\u2734\ufe0f
 
 * Area Perumahan,Security 24 Jam
 * Full furnish,Lantai Granite
 * Ada...",2200000000.0,4.0,3.0,240.0,160.0,2026-01-03,Blimbing
"Araya, Malang","Rumah 2 lantai siap huni di cluster Golf Araya.Rumah ini dapat view gunung. Lingkungan tenang ,aman dan nyaman.Sangat cocok untuk investasi ,bisa d...",4500000000.0,5.0,5.0,295.0,400.0,2026-01-03,Blimbing
"Araya, Malang",Rumah siap huni di  boulevard Araya Golf .Lingkungan one gate sistem sehingga aman dan nyaman.Ukuran tiap kamar luas.Row jalan lebar karena terleta...,2600000000.0,3.0,2.0,300.0,200.0,2026-01-03,Blimbing
"Klojen, Malang","Rumah Luas Cocok Untuk Usaha Lokasi Strategis Di KH Hasyim Azhari  Lokasi strategis dan traffic ramai, masih ada halaman belakang  Lokasi dekat ke ...",15000000000.0,3.0,2.0,662.0,500.0,2026-01-03,Klojen
"Lowokwaru, Malang","Rumah DIJUAL Di Jalan Bunga-Bunga Lowokwaru, Kondisi Terawat Dekat Suhat, Sarangan, Tawangmangu, Kampus UB, Polinema, Kuliner Suhat  Spesifikasi : ...",1600000000.0,4.0,2.0,210.0,180.0,2026-01-03,Lowokwaru
"Lowokwaru, Malang","Rumah Minimalis, Bangunan 2 Lantai Lokasi Strategis Daerah Bunga-Bunga  Bangunan terawat dan siap huni  Lokasi dekat ke - kampus unibraw - kampus p...",1150000000.0,3.0,2.0,112.0,83.0,2026-01-03,Lowokwaru
"Dieng, Malang","*Dijual rumah Bukit Dieng di kota Malang dan dekat cbyer &Mcp mall , selangkah ke UnMer*.    Ltnh 150m2  Lbgn 250m2  Ktdr 4+1   Kmndi 3+1  Lantai 2...",2900000000.0,3.0,3.0,150.0,250.0,2026-01-03,Sukun
"Lowokwaru, Malang",Rumah minimalis siap huni terletak dekat Bukit Delight.Rumah ini memiliki rooftop dengan view yang sangat menarik .Halaman belakang yang luas dan e...,1600000000.0,3.0,2.0,156.0,165.0,2026-01-03,Lowokwaru
"Cemorokandang, Malang","_*Rumah 400juta-an Hanya 7 menit dari Exit Tol Malang, Cemorokandang, Malang*_  _Spesifikasi :_  Tipe _Aster_  [READY STOCK - FULLY FURNISHED] Luas...",445000000.0,2.0,1.0,60.0,36.0,2026-01-03,Klojen
"Araya, Malang",(ID1860) - ⁠Posisi Hook Dan Berada Di Jalan Kembar Dengan ROW 20 - Lokasi Aman Dan Nyaman Di Private Cluster Araya - ⁠Kondisi Bangunan Terawat ...,5500000000.0,4.0,4.0,315.0,350.0,2026-01-03,Blimbing
"Araya, Malang","Rumah Jual Posisi Hook di Cluster Perumahan Araya Kondisi Terawat Akses Jalan Lebar Dekat Plaza Araya, Rumah Sakit Persada, Kampus Binus   Spesifik...",1800000000.0,3.0,1.0,190.0,90.0,2026-01-03,Blimbing
"Sawojajar, Malang","DIJUAL Rumah 2 Lantai di Sawojajar Dekat Superindo, Living Plaza (Azko dan Informa), Fitness Center, Bank, Akses Tol, Pusat Kuliner Sawojajar Kota ...",2250000000.0,3.0,2.0,127.0,220.0,2026-01-03,Blimbing
"Kedungkandang, Malang","Dijual Cepat Citra Garden City , Buring Malang, Harga 1000% Special....!!! Termurah.....!!!! *Dekat sekolah AlAzhar *Dekat Tol *Dekat Indomaret *De...",800000000.0,2.0,2.0,93.0,47.0,2026-01-03,Kedungkandang
"Kedungkandang, Malang",DI JUAL RUMAHX  PERUM EMERALD GARDEN D/06 KEL. : BUMIAYU KEC. : KEDUNGKANDANG KAB  : MALANG  LT  72  M² KT +/-  3 KM +/- 2  Surat :  SHM  Row Mobi...,265000000.0,3.0,2.0,72.0,72.0,2026-01-03,Kedungkandang
"Araya, Malang",Rumah pojok di  Araya .Halaman depan sangat luas.Lokasi dekat Masjid dan jalan utama.Row jalan lebar.Rumah ini bisa dimanfaatkan untuk tempat usaha...,1500000000.0,3.0,2.0,227.0,150.0,2026-01-03,Blimbing
"Sawojajar, Malang","Rumah baru renovasi siap huni di Sawojajar 1.Row jalan sangat lebar ,2 mobil bisa sisipan longgar .Daerah bebas banjir.Akses dekat jalan raya Sawoj...",1550000000.0,3.0,2.0,180.0,150.0,2026-01-03,Blimbing
"Dieng, Malang","Kesempatan terbatas buat Anda dapatkan rumah strategis dengan return investasi tinggi di Dieng, Malang.  Rumah ini menawarkan kelengkapan fasilitas...",3000000000.0,3.0,2.0,218.0,170.0,2026-01-03,Sukun
"Blimbing, Malang",Rumah 2 lantai dengan banyak kamar yg ada di jl Borobudur . Rumah ini hanya berjarak kurang lebih 100 meter dari BCA Borobudur. Cocok dijadikan tem...,1700000000.0,8.0,3.0,178.0,300.0,2026-01-03,Blimbing
"Blimbing, Malang",RUMAH jual dijual  Jalan Pulosari  Dijual cepat rumah 1 lantai cantik & bagus harga sangat terjangkau  MALANG BLIMBING,900000000.0,2.0,2.0,150.0,133.0,2026-01-03,Blimbing
"Merjosari, Malang",RUMAH DI GRAHA DEWATA DAU MALANG Jual Rumah GRAHA DEWATA DAU MALANG - Malang LT 120 LB 48 KT 2 KM 1 Dimensi 8 x 15 Listrik 1300 Rp 550.000.000  SHM...,550000000.0,2.0,1.0,120.0,48.0,2026-01-03,Lowokwaru
"Blimbing, Malang","Rumah Minimalis Modern, Luas Lokasi Strategis Di Daerah Borobudru  Bangunan terawat dan siap huni   Lokasi dekat ke : - sekolah hwa ind - pasar bli...",2750000000.0,4.0,5.0,161.0,300.0,2026-01-03,Blimbing
"Blimbing, Malang",Rumah Jual Cocok untuk Usaha Konveksi Siap Huni (EX Rumah & Usaha Konveksi) Di dalam Perumahan One Gate System Lokasi Strategis Akses Mudah Ke Fasi...,2000000000.0,4.0,4.0,202.0,400.0,2026-01-03,Blimbing
"Araya, Malang",Rumah mewah di jalan boulevard cluster .  Lokasi dekat dengan Plasa Araya dan masuk kotamadya.  Dua kamar tidur terletak di lantai 1 dan dua kamar ...,5000000000.0,4.0,3.0,350.0,350.0,2026-01-03,Blimbing
"Dieng, Malang",TERMURAH SE-DIENG RAYA ROW JALAN KEMBAR  Spesifikasi: SHM Hadap timur Lt 631 m2 (Lebar 14m)  Lb 250 m2 Kamar tidur 3 + 1 Kamar mandi 2 (1 km dalam)...,2550000000.0,3.0,2.0,631.0,250.0,2026-01-03,Sukun
"Merjosari, Malang","Rumah di Merjosari.  Cek segera rumah 2 lantai yang modern ini,  dijual dengan pemandangan asri yang menambah nilai estetika di lingkungan hunian. ...",700000000.0,2.0,2.0,64.0,54.0,2026-01-03,Lowokwaru
"Blimbing, Malang",Rumah Baru 2 Lantai Kawasan Elite Araya Golf Dekat Taman.    Kawasan elite di kota Malang mudah diakses dan jalanan yang lebar.  Fasilitas sangat l...,3900000000.0,5.0,5.0,240.0,270.0,2026-01-03,Blimbing
"Klojen, Malang","Rumah Murah Kawasan Elite Perumahan Ijen Nirwana Dekat Buah Buahan Luas 247 m2.  Area perumahan yang nyaman dengan keamanan 24 jam, kawasan elite. ...",2750000000.0,3.0,3.0,247.0,120.0,2026-01-03,Klojen
"Sukun, Malang","Kesempatan terbatas buat Anda dapatkan rumah strategis dengan return investasi tinggi di Sukun, Malang.  Rumah ini menawarkan lokasi yang strategis...",295000000.0,2.0,1.0,72.0,62.0,2026-01-03,Sukun
"Merjosari, Malang","- Listrik 4.400 Watt - ⁠Air Sumur Bor - Hadap Selatan  Fasilitas Lengkap :  Full Furnish sesuai di foto (Mezzanin, Kasur, Lemari, Meja, Kursi, Ki...",2300000000.0,15.0,16.0,101.0,215.0,2026-01-03,Lowokwaru
"Lowokwaru, Malang","Rumah bergaya contemporary di Lowokwaru.  Cek segera rumah 2 lantai yang asri ini,  dijual dengan pemandangan perkotaan yang menambah nilai estetik...",1500000000.0,8.0,4.0,140.0,156.0,2026-01-03,Lowokwaru
"Lowokwaru, Malang","Rumah 2 Lantai Siap Huni Area Perumahan Tunggulwulung Suhat  Lokasi dekat dengan jalan soekarno hatta, pusat perbelanjaan, rumah sakit, pom bensin ...",1500000000.0,4.0,2.0,165.0,250.0,2026-01-03,Lowokwaru
"Lowokwaru, Malang",Spesifikasi Utama Properti:    - Kamar Tidur: 6   - Kamar Mandi: 3   - Sertifikat: SHM - Sertifikat Hak Milik   - Daya Listrik: 4400 W   - Arah Ban...,2900000000.0,6.0,3.0,319.0,200.0,2026-01-03,Lowokwaru
"Sukun, Malang",SHM dan IMB ready 10 menit Kampus UM 18 menit Kampus UB 7 menit Pusat kota Malang 7 Menit Cyber Mall dieng,422000000.0,2.0,1.0,87.0,36.0,2026-01-03,Sukun
"Sawojajar, Malang","Rumah Jual Posisi Hook Dekat Living Plaza Sawojajar (Ace Hardware, Chatime), Pizza Hut Delivery & SPBU, Family Mart, Holland Bakery, Mie Gacoan, Do...",3000000000.0,6.0,3.0,243.0,150.0,2026-01-03,Blimbing
"Araya, Malang",Rumah luas 2 lantai di Araya . Masih masuk kotamadya Malang. Cluster tenang dan nyaman untuk  hunian. Ukuran tiap  kamar luas. Harga nego sampai de...,2800000000.0,5.0,3.0,290.0,290.0,2026-01-03,Blimbing
"Sukun, Malang","Dijual Rumah Didalam Perumahan  yang cukup bersih, aman Berada di blok depan di jalan kembar Dekat Jalan Raya dan Poros Kota Malang    Spesifikasi ...",1700000000.0,4.0,3.0,222.0,118.0,2026-01-03,Sukun
"Klojen, Malang","Rumah Hook, Nyaman 1 lantai.Bangunan bagus,terawat,siap huni.Lokasi di Jalan Pulau -Pulau,Klojen Malang.Dekat Sekolah SMAN 5,SMKN 4,SANMAR 1,RSI AI...",1350000000.0,2.0,2.0,111.0,120.0,2026-01-03,Klojen
"Kedungkandang, Malang",Tempat Usaha Luas Lokasi Strategis Di Danau Maninjau Raya Sawojajar  Bangunan terawat dan siap huni  Lokasi dekat ke : - pasar sawojajar - exit tol...,2750000000.0,2.0,1.0,251.0,300.0,2026-01-03,Kedungkandang
"Klojen, Malang",Rumah model herritage di jalan Raya Ijen ( Ijen Boulevard).  Kondisi rumah terawat tidak perlu banyak renov.  Harga masih bisa nego,30000000000.0,11.0,4.0,948.0,700.0,2026-01-03,Klojen
"Kedungkandang, Malang",Rumah Jual Berada di Perumahan Grup Ciputra ada Tambahan Bangunan Bagian Belakang Hawa Sejuk Suasana Tenang One Gate System   Spesifikasi :  Sertif...,1200000000.0,3.0,2.0,96.0,96.0,2026-01-03,Kedungkandang
"Sawojajar, Malang","Rumah Nyaman 1 lantai,Bangunan bagus dan luas .Lokasi STRATEGIS di Danau Maninjau Raya,Sawojajar Malang.Kawasan Strategis,Dekat berbagai pusat kuli...",2500000000.0,4.0,3.0,300.0,250.0,2026-01-03,Blimbing
"Lowokwaru, Malang",Rumah Baru American Modern Semi Furnished dekat SMA Ternama Harga Promo di Ikan2 Lowokwaru Malang  Lt. 65  Lb. 154.  Kamar tidur 4 Kamar mandi 3 Ru...,990000000.0,4.0,3.0,65.0,154.0,2026-01-03,Lowokwaru
"Merjosari, Malang","Kesempatan terbatas buat Anda dapatkan rumah strategis dengan return investasi tinggi di Merjosari, Malang.  Rumah ini menawarkan kelengkapan fasil...",500000000.0,2.0,1.0,69.0,70.0,2026-01-03,Lowokwaru
"Lowokwaru, Malang",TURUN HARGA LAGI!! RUMAH 2LANTAI GREEN ORCHID RESIDENCE SUHAT SOEKARNO HATTA MALANG  LT 120 LB 150 KT 3 KM 2 Listrik 2200 Rp 200000xxxxTanpa Perabo...,2000000000.0,3.0,2.0,120.0,150.0,2026-01-03,Lowokwaru
"Lowokwaru, Malang","Selling point : ✅ Dekat dengan UNIV ternama seperti UB, Polinema malang,UMM ,UNISMA  ✅Dekat dengan fasilitas kesehatan seperti RS UB ,RS umum P...",525000000.0,3.0,2.0,58.0,100.0,2026-01-03,Lowokwaru
"Araya, Malang","Kesempatan terbatas buat Anda dapatkan rumah strategis dengan return investasi tinggi di Araya, Malang.  Rumah ini menawarkan kelengkapan fasilitas...",1250000000.0,3.0,2.0,120.0,75.0,2026-01-03,Blimbing
"Sawojajar, Malang",Rumah pojok dengan kondisi terawat di Sawojajar 1 ( jalan danau- danau). Akses dekat berbagai fasilitas umum.Sangat cocok untuk investasi Row jalan...,1350000000.0,2.0,1.0,214.0,100.0,2026-01-03,Blimbing
"Araya, Malang",Rumah 2 lantai di Pondok Blimbing Indah ( Araya ) Malang. Rumah ini mempunyai 5 kamar tidur . Row jalan 3 mobil. Bisa dijadikan tempat usaha misaln...,1650000000.0,5.0,2.0,188.0,200.0,2026-01-03,Blimbing
"Sukun, Malang","Rumah Nyaman 2 lantai,Bangunan bagus,terawat,Luas,Garasi 2 mobil,Siap Huni.Lokasi Strategis di Tengah Kota,Tidak jauh dari Jalan Raya Besar Sukun,D...",2200000000.0,4.0,4.0,223.0,140.0,2026-01-03,Sukun
"Klojen, Malang","*STRATEGIS, LOKASI PINGGIR JALAN BESAR DI TERUSAN DIENG MALANG  *SELANGKAH KE KAMPUS UNMER MALANG *LOKASI SAMPING INDOMARET FRESH TERUSAN DIENG MAL...",14000000000.0,5.0,3.0,534.0,436.0,2026-01-03,Klojen
"Sukun, Malang","Turun Harga! Rumah Bagus di Area Perumahan Puncak Dieng Malang.  Rumah berada di daerah perumhan puncak dieng malang Lokasi strategis, tidak jauh d...",1650000000.0,3.0,2.0,204.0,150.0,2026-01-03,Sukun
"Sukun, Malang","Rumah 1 lantai di Sukun, Malang.  For sale rumah di wilayah yang tenang dengan pemandangan Lokasi dipusat kota. Properti 1 lantai ini berada di lin...",2750000000.0,5.0,3.0,275.0,240.0,2026-01-03,Sukun
"Sukun, Malang","Rumah 1 lantai di Sukun, Malang.  For sale rumah di wilayah yang nyaman dengan pemandangan Lokasi di Pusat Kota. Properti 1 lantai bergaya minimali...",1200000000.0,2.0,1.0,120.0,75.0,2026-01-02,Sukun
"Sawojajar, Malang","Rumah 1 lantai di Sawojajar, Malang.  For sale rumah di wilayah yang asri dengan pemandangan permukiman warga. Properti 1 lantai bergaya minimalist...",798000000.0,2.0,1.0,75.0,40.0,2026-01-02,Blimbing
"Lowokwaru, Malang","Rumah 2 lantai di Lowokwaru, Malang.  Dijual rumah di wilayah yang asri dengan pemandangan Lokasi Pinggiran Kota. Properti 2 lantai bergaya minimal...",875000000.0,3.0,2.0,70.0,80.0,2026-01-02,Lowokwaru
"Cemorokandang, Malang","Kesempatan terbatas buat Anda dapatkan rumah nyaman dengan return investasi tinggi di Cemorokandang, Malang.  Rumah ini menawarkan kelengkapan fasi...",445000000.0,2.0,1.0,60.0,36.0,2026-01-02,Klojen
"Araya, Malang",Rumah Bagus Luas 360 m2 Kawasan Elite Perumahan Araya Golf Malang  Kawasan elite di kota Malang mudah diakses dan jalanan yang lebar. Fasilitas san...,3600000000.0,3.0,3.0,360.0,350.0,2026-01-02,Blimbing
"Blimbing, Malang","Rumah 1 lantai di Blimbing, Malang.  For sale rumah di wilayah yang nyaman dengan pemandangan Lokasi di Pusat Kota. Properti 1 lantai bergaya minim...",3300000000.0,4.0,4.0,301.0,285.0,2026-01-02,Blimbing
"Kedungkandang, Malang","Kesempatan terbatas buat Anda dapatkan rumah nyaman dengan return investasi tinggi di Kedungkandang, Malang.  Rumah ini menawarkan lokasi yang stra...",6500000000.0,10.0,7.0,799.0,820.0,2026-01-02,Kedungkandang
"Sawojajar, Malang","✨Segera miliki hunian nyaman di Kota Malang dengan akses super strategis.  Dekat exit tol & bandara, memudahkan mobilitas dan investasi masa depa...",1300000000.0,3.0,2.0,113.0,80.0,2026-01-02,Blimbing
"Araya, Malang","Rumah baru siap huni, dengan lokasi yang cukup nyaman untuk dijadikan pilihan sebagai tempat tinggal. Lingkungan tenang, dekat dengan masjid, pasar...",1900000000.0,4.0,3.0,144.0,180.0,2026-01-02,Blimbing
"Cemorokandang, Malang","Kesempatan terbatas buat Anda dapatkan rumah nyaman dengan return investasi tinggi di Cemorokandang, Malang.  Rumah ini menawarkan lokasi yang stra...",1800000000.0,3.0,2.0,200.0,100.0,2026-01-02,Klojen
"Araya, Malang","Kesempatan terbatas buat Anda dapatkan rumah strategis dengan return investasi tinggi di Araya, Malang.  Rumah ini menawarkan kelengkapan fasilitas...",4000000000.0,5.0,4.0,210.0,400.0,2026-01-02,Blimbing
"Klojen, Malang",RUMAH STRATEGIS KAWASAN IJEN - COCOK USAHA / INVESTASI!  Kesempatan langka punya properti di kawasan favorit dekat Jalan Ijen area premium dengan n...,20000000000.0,3.0,5.0,650.0,500.0,2026-01-02,Klojen
"Sawojajar, Malang","DIJUAL RUMAH SIAP HUNI 2,5 LANTAI - SAWOJAJAR 2, KOTA MALANG  Hunian luas dan nyaman di kawasan favorit Sawojajar 2. Cocok untuk keluarga besar mau...",750000000.0,4.0,2.0,84.0,180.0,2026-01-02,Blimbing
"Araya, Malang",Rumah 2 Lantai Modern Minimalis di Perumahan Araya Malang.  Kawasan elite di kota Malang mudah diakses dan jalanan yang lebar. Fasilitas sangat len...,1900000000.0,5.0,3.0,144.0,180.0,2026-01-02,Blimbing
"Lowokwaru, Malang","Kesempatan terbatas buat Anda dapatkan rumah nyaman dengan return investasi tinggi di Lowokwaru, Malang.  Rumah ini menawarkan lokasi yang strategi...",1700000000.0,3.0,2.0,180.0,150.0,2026-01-02,Lowokwaru
"Kedungkandang, Malang",RUMAH jual dijual palmerah kedungkandang  DIJUAL RUMAH 2 LANTAI JL BANDARA PALMERAH KEDUNGKANDANG MALANG  MALANG KEDUNGKANDANG,1250000000.0,6.0,2.0,300.0,324.0,2026-01-02,Kedungkandang
"Kedungkandang, Malang",RUMAH jual dijual banara palmerah cemorokandang  DIJUAL RUMAH PERUM BANDARA PALMERAH CEMOROKANDANG MALANG  MALANG KEDUNGKANDANG,1250000000.0,5.0,1.0,249.0,200.0,2026-01-02,Kedungkandang
"Dieng, Malang",Lokasi super strategis di kawasan elit Puncak Dieng. Dekat berbagai kampus dan fasilitas umum.   Lokasi premium: Dekat Unmer Malang Dekat Kampus Ma...,2600000000.0,7.0,4.0,250.0,220.0,2026-01-02,Sukun
"Kedungkandang, Malang","Rumah bergaya modern di Kedungkandang.  Cek segera rumah 2 lantai yang modern ini,  dijual dengan pemandangan asri yang menambah nilai estetika di ...",1150000000.0,2.0,2.0,102.0,202.0,2026-01-02,Kedungkandang
"Sukun, Malang","Exclusive Listing  Dijual Rumah Estetik 2 Lantai + Rooftop Full Furnished di Daerah Pulau - pulau, Sukun, Kota Malang  Keamanan 24 jam dijaga TNI A...",3500000000.0,4.0,4.0,164.0,240.0,2026-01-02,Sukun
"Dieng, Malang","Rumah Nyaman 2 lantai, bangunan bagus, baru renovasi, 7 Kamar tidur, 4 Kamar mandi, listrik 4.500 Va, PDAM, Hadap timur, Garasi dan Carport. SHM. L...",2600000000.0,7.0,4.0,250.0,220.0,2026-01-02,Sukun
"Purwantoro, Malang","Rumah Dijual Malang *BANGUNAN 2 LANTAI, LOKASI DI JL KARYA TIMUR KOTA MALANG 
 *TERDIRI DARI 2 SERTIFIKAT (8x10 & 5x3)
 *2.4 KM (6 MENIT) KE RS SAI...",850000000.0,4.0,2.0,95.0,190.0,2026-01-02,Klojen
"Merjosari, Malang",RUMAH jual dijual  perum Graha Dewata  Di Jual Cepat Rumah di perum Graha Dewata Kondisi sdh renovasi  MALANG MERJOSARI,850000000.0,2.0,1.0,162.0,110.0,2026-01-02,Lowokwaru
"Kedungkandang, Malang",RUMAH jual dijual citra garden park hill  Dijual Rumah Baru Citra Garden Malang Cluster PARK HILL  MALANG KEDUNGKANDANG,850000000.0,2.0,1.0,96.0,46.0,2026-01-02,Kedungkandang
"Dieng Tidar, Malang","Rumah Mewah Dalam Perumahan Kondisi Rumah Istimewa Akses Mudah Tengah Kota Dekat Kampus Unmer, Cybermall, MOG, Kuliner Dieng, Kawi Cocok untuk Kelu...",14500000000.0,4.0,5.0,403.0,1000.0,2026-01-02,Sukun
"Oro-Oro Dowo, Malang","Rumah For Sell Malang *RUMAH MEWAH DI KAWASAN PERUMAHAN ELITE DI TENGAH KOTA MALANG
 *FURNISH 
 *400 METER DARI SMAK SANTO ALBERTUS (DEMPO) MALANG
...",15000000000.0,4.0,3.0,399.0,500.0,2026-01-02,Klojen
"Dieng, Malang","Rumah 2 lantai di Dieng, Malang.  Dijual rumah di wilayah yang nyaman dengan pemandangan Lokasi dipusat kota. Properti 2 lantai ini berada di lingk...",12000000000.0,5.0,3.0,534.0,460.0,2026-01-02,Sukun
"Blimbing, Malang","Rumah 2 lantai di jalan Candi- candi  Lokasi dekat dengan Masjid dan sekolah Sabililah , Telkom, Pasar Blimbing dan kampus ABM  Rumah ini cocok dij...",1800000000.0,6.0,2.0,202.0,202.0,2026-01-02,Blimbing
"Kedungkandang, Malang",-Dekat jalan poros Danau Toba Sawojajar -Kondisi terawat -Akses jalan bagus -Dekat Masjid,1600000000.0,4.0,3.0,200.0,160.0,2026-01-02,Kedungkandang
"Lowokwaru, Malang","Dijual Rumah Murah Tasikmadu Kota Malang Suhat  Lokasi strategis tengah kota, dekat sekolah, pasar, rumah sakit dan juga berbagai fasum lainya. Aks...",675000000.0,2.0,1.0,84.0,48.0,2026-01-02,Lowokwaru
"Lowokwaru, Malang","Dijual Rumah Murah Tasikmadu Kota Malang Suhat  Lokasi strategis tengah kota, dekat sekolah, pasar, rumah sakit dan juga berbagai fasum lainya. Aks...",675000000.0,2.0,1.0,84.0,48.0,2026-01-02,Lowokwaru
"Lowokwaru, Malang",RUMAH jual dijual  Sigura-gura  Dijual secepatnya rumah 1.5 Lantai bagus harga sangat terjangkau  MALANG LOWOKWARU,2700000000.0,4.0,3.0,180.0,200.0,2026-01-02,Lowokwaru
"Sawojajar, Malang","Dijual Rumah Hook di Jl. Danau 2  Sawojajar - Kedungkandang, Kota Malang Dekat akses jalan utama & area perumahan  Spesifikasi:  Legalitas: SHM Jum...",775000000.0,3.0,1.0,84.0,64.0,2026-01-02,Blimbing
"Lowokwaru, Malang",DIJUAL SUPER FAST Rumah area batubara sulfat blimbing kota Malang  Point of interest :  - akses tengah kota  - sekitaran area komersil banyak kulin...,1100000000.0,2.0,1.0,88.0,130.0,2026-01-02,Lowokwaru
"Sawojajar, Malang",Rumah Ini Cocok Buat Kamu yang Punya Mobilitas Tinggi Ke Luar Kota!  Rumah berlokasi di Ki Ageng Gribig Boulevard ini memiliki akses mudah selangka...,798000000.0,2.0,1.0,75.0,40.0,2026-01-02,Blimbing
"Klojen, Malang","dijual rumah luas, di ijen Malang, Jawa Timur Ukuran 880m Bangunan 330m K. Tidur 8 SHM PLN 2200w  lokasi asri dan luas, dekat tempat wisata, lokasi...",35000000000.0,8.0,4.0,880.0,330.0,2026-01-02,Klojen
"Dieng, Malang","ASET RUMAH LELANG BANK  LOKASI : PERUMAHAN ELITE  AUSTINVILLE DIENG MALANG  BANGUNAN MODERN MINIMALIS   DEKAT ELPICO PARK, PLAZA DIENG dll  SPESIFI...",950000000.0,2.0,1.0,105.0,60.0,2026-01-02,Sukun
"Sawojajar, Malang","Rumah Jual Lokasi Strategis Padat Penduduk Dekat Pusat Kuliner Sawojajar, Pasar Sawojajar, SPBU, Minimarket, Lingkungan Nyaman dan Tenang   Spesifi...",490000000.0,2.0,1.0,84.0,36.0,2026-01-02,Blimbing
"Dieng, Malang","Rumah Jual Lokasi Sangat Strategis Ditengah Kota Posisi HOOK Lingkungan Tenang, Nyaman, Lahan Parkir Luas Dekat MOG, Kuliner Kawi, Kuliner Langsep,...",6500000000.0,7.0,5.0,489.0,600.0,2026-01-02,Sukun
"Klojen, Malang",DIJUAL RUMAH ELITE JALAN KEMBAR IJEN BOULEVARD KLOJEN KOTA MALANG   LANGKA KAWASAN ELITE PREMIUM   Lokasi : KAWASAN ELITE  Jl. BESAR IJEN BOULEVARD...,50000000000.0,3.0,3.0,1120.0,600.0,2026-01-02,Klojen
"Klojen, Malang",ASET RUMAH LELANG BANK  LOKASI : KAWASAN ELITE KOMERSIAL  Jl. GUNUNG2 KLOJEN KOTA MALANG  ROW JALAN 2 ARAH 3 MOBIL SIMPANGAN LANCAR   SANGAT COCOK ...,3950000000.0,4.0,3.0,502.0,500.0,2026-01-02,Klojen
"Klojen, Malang",RUMAH BARU MODERN DI TUMENGGUNG SURYO KLOJEN KOTA MALANG   LOKASI STRATEGIS TENGAH KOTA  CARPORT 2 MOBIL  BANGUNAN MODERN  ROW JALAN LEBAR 8 meter ...,1240000000.0,3.0,3.0,72.0,80.0,2026-01-02,Klojen
"Klojen, Malang","[TURUN HARGA 2M]  INVESTOR CALLING TERMURAH DI KELASNYA  Dijual Rumah Klasik Lokasi Strategis Tengah Kota di Jalan Pulau-pulau, Klojen Kota Malang ...",2950000000.0,7.0,4.0,316.0,450.0,2026-01-02,Klojen
"Araya, Malang","DIJUAL RUMAH DALAM PERUMAHAN ELIT ARAYA - CLUSTER PURI PALMA   Hunian kondisi istimewa & terawat, siap huni di kawasan premium Araya. Lingkungan am...",1350000000.0,3.0,1.0,135.0,90.0,2026-01-02,Blimbing
"Blimbing, Malang",DIJUAL SUPER FAST Rumah area batubara sulfat blimbing kota Malang Point of interest : - akses tengah kota - sekitaran area komersil banyak kuliner ...,1100000000.0,2.0,1.0,88.0,130.0,2026-01-02,Blimbing
"Sawojajar, Malang","Rumah Jual Lokasi Depan Lapangan Parkir Bersama Akses Jalan Mobil Suasana Nyaman, Kawasan Padat Penduduk. 2 Kamar Jadi 1 Kamar Besar  Spesifikasi :...",410000000.0,1.0,1.0,70.0,63.0,2026-01-02,Blimbing
"Araya, Malang","Kesempatan memiliki atau menyewa rumah di kawasan premium Perum Araya. Lingkungan nyaman, rapi, dan strategis dengan akses mudah ke pusat kota, coc...",1500000000.0,3.0,1.0,171.0,160.0,2026-01-02,Blimbing
"Lowokwaru, Malang","Rumah 2 lantai di daerah bunga-bunga lingkungan yang aman dan nyaman lokasi strategis 5 menit ke pasar Tawangmangu 4+1 KT, 3+1 KM harga bisa nego",1800000000.0,4.0,3.0,150.0,200.0,2026-01-02,Lowokwaru
"Blimbing, Malang","Kesempatan terbatas buat Anda dapatkan rumah nyaman dengan return investasi tinggi di Blimbing, Malang.  Rumah ini menawarkan lokasi yang strategis...",13000000000.0,3.0,6.0,274.0,800.0,2026-01-02,Blimbing
"Dieng, Malang",J48  DIJUAL RUMAH BARU RENOVASI GRESS - PUNCAK DIENG MALANG   Lokasi super strategis di kawasan elit Puncak Dieng. Dekat berbagai kampus dan fasili...,2600000000.0,7.0,4.0,250.0,220.0,2026-01-02,Sukun
"Blimbing, Malang",DIJUAL SUPER FAST Rumah area batubara sulfat blimbing kota Malang  Point of interest :  - akses tengah kota  - sekitaran area komersil banyak kulin...,1100000000.0,2.0,1.0,88.0,130.0,2026-01-02,Blimbing
"Lowokwaru, Malang","Rumah 2 lantai di Lowokwaru, Malang.  Dijual rumah di wilayah yang asri dengan pemandangan Lokasi di Pusat Kota. Properti 2 lantai bergaya minimali...",2550000000.0,4.0,3.0,137.0,250.0,2026-01-02,Lowokwaru
"Dieng, Malang","Rumah bergaya minimalist modern di Dieng.  Temukan rumah 2 lantai yang nyaman ini,  dijual dengan pemandangan permukiman warga yang menambah nilai ...",3200000000.0,5.0,4.0,300.0,350.0,2026-01-02,Sukun
"Klojen, Malang","Rumah Nyaman 2 lantai,Bangunan terawat,Kamar tidur 14,kamar mandi 7,garasi,carport luas.Lokasi di Jalan Gresik,Klojen Malang.Dekat Kampus Widya Kar...",5500000000.0,14.0,7.0,384.0,500.0,2026-01-02,Klojen
"Blimbing, Malang","Rumah Dalam Perumahan Elite, 5 Menit dari Pintu Tol Malang Lokasi Nol Jalan Poros Kota Malang Suasana Aman, Nyaman, Sejuk, 5 Menit ke Pusat Kota Ma...",1400000000.0,3.0,2.0,97.0,140.0,2026-01-02,Blimbing
"Lowokwaru, Malang","Rumah DIJUAL Di Jalan Bunga-Bunga Lowokwaru, Dekat Suhat, Sarangan, Tawangmangu. Terdapat 1 AC Dan Waterheater. 1 Kamar Tidur bisa difungsikan untu...",1600000000.0,4.0,2.0,210.0,180.0,2026-01-02,Lowokwaru
"Blimbing, Malang","Rumah Jual Area Blimbing Lokasi Dekat Kampus UB, ASIA, Widyagama, Kulier Sudimoro dan Soekarno Hatta, Sekolah Favorit SMA Sabililah Akses Mudah ke ...",950000000.0,3.0,1.0,105.0,70.0,2026-01-02,Blimbing
"Sawojajar, Malang","Rumah Jual Lokasi Depan Lapangan Parkir Bersama Akses Jalan Mobil Suasana Nyaman, Kawasan Padat Penduduk. 2 Kamar Jadi 1 Kamar Besar  Spesifikasi :...",410000000.0,1.0,1.0,70.0,63.0,2026-01-02,Blimbing
"Sawojajar, Malang","Rumah Kondisi Terawat Lokasi Strategis di Sawojajar Dekat Superindo, Fitnes Plus, Pusat Kuliner, Living Plaza, Kampus Wisnu Wardana  Spesifikasi : ...",1800000000.0,5.0,2.0,297.0,210.0,2026-01-02,Blimbing
"Kedungkandang, Malang","DIJUAL Rumah Madyopuro, terletak dilokasi trategis, dekat dengan toll malang, dekat dengan persekolahan (SD,SMP,SMA), dekat dengan universitas UM 2...",1400000000.0,5.0,1.0,135.0,100.0,2026-01-02,Kedungkandang
"Blimbing, Malang",Rumah Minimalis Modern SEMI FURNISH di tengah Kota Malang.  Dijual rumah nyaman di lingkungan yang tenang dengan row jalan lebar dan carport luas b...,1150000000.0,2.0,1.0,134.0,90.0,2026-01-02,Blimbing
"Blimbing, Malang",DIJUAL SUPER FAST Rumah area batubara sulfat blimbing kota Malang  Point of interest :  - akses tengah kota  - sekitaran area komersil banyak kulin...,1100000000.0,2.0,1.0,88.0,130.0,2026-01-02,Blimbing
"Lowokwaru, Malang","Rumah 1 Lantai Semi Furnished Siap Huni Lokasi Dekat Kampus UB, Polinema, UMM, Asia, Kawasan Kuliner Soehat, Akses Mudah ke Kota Batu Cocok untuk R...",900000000.0,2.0,1.0,93.0,80.0,2026-01-02,Lowokwaru
"Klojen, Malang","(RN126) - Berada Di Tengah Kota, Hanya 1 Menit Ke Idjen Boulevard Dan Kayutangan Herritage  - ⁠Cocok Dijadikan Rumah Tinggal / Ruang Usaha (Bisni...",28500000000.0,8.0,4.0,998.0,1000.0,2026-01-02,Klojen
"Sawojajar, Malang","Rumah di Sawojajar.  Miliki rumah 2 lantai yang asri ini,  dijual dengan pemandangan indah yang menambah nilai estetika di lingkungan hunian. Rumah...",1100000000.0,3.0,2.0,84.0,130.0,2026-01-02,Blimbing
"Dieng, Malang","Rumah Jual Dalam Perumahan Kondisi Rumah Istimewa Akses Mudah Tengah Kota Dekat Kampus Unmer, Cybermall, MOG, Kuliner Dieng, Kawi Cocok untuk Kelua...",14500000000.0,4.0,5.0,403.0,1000.0,2026-01-02,Sukun
"Dieng Tidar, Malang","Dijual Rumah Cluster Perumahan di Dieng, Malang  ✅️ rumahnya paling depan ✅️ 3 menit ke Superindo Langsep ✅️ 5 menit ke MOG  Spesifikas...",2350000000.0,3.0,2.0,150.0,125.0,2026-01-02,Sukun
"Dieng, Malang","Rumah Jual Dalam Perumahan Kondisi Rumah Istimewa Akses Mudah Tengah Kota Dekat Kampus Unmer, Cybermall, MOG, Kuliner Dieng, Kawi Cocok untuk Kelua...",14500000000.0,4.0,5.0,403.0,1000.0,2026-01-02,Sukun
"Kedungkandang, Malang","Rumah Jual Dalam Perumahan Kondisi Rumah Istimewa Akses Mudah Tengah Kota Dekat Kampus Unmer, Cybermall, MOG, Kuliner Dieng, Kawi Cocok untuk Kelua...",14500000000.0,4.0,5.0,403.0,1000.0,2026-01-02,Kedungkandang
"Dieng, Malang","Rumah Jual Dalam Perumahan Kondisi Rumah Istimewa Akses Mudah Tengah Kota Dekat Kampus Unmer, Cybermall, MOG, Kuliner Dieng, Kawi Cocok untuk Kelua...",14500000000.0,4.0,5.0,403.0,1000.0,2026-01-02,Sukun
"Klojen, Malang","Rumah dijual di kawasan Jalan Ijen pusat kota Malang, lokasi premium yang jarang tersedia. Posisi nol jalan (main road) memberikan nilai strategis ...",35000000000.0,8.0,2.0,880.0,330.0,2026-01-02,Klojen
"Dieng, Malang","Rumah Jual Dalam Perumahan One Gate System Aman, Nyaman, Tenang Dekat Kampus Unmer, MCP, Cyber Mall, Kuliner Kawi Akses Mudah Ke Pusat Kota   Spesi...",850000000.0,2.0,1.0,98.0,56.0,2026-01-02,Sukun
"Dieng, Malang","Rumah DIJUAL Kawasan Dieng, Cuma 2 menit ke Unmer dan Cyber Mall. Akses ke tengah kota, MOG, Alun-Alun Kota Malang  Spesifikasi : Legalitas : SHM L...",700000000.0,2.0,1.0,73.0,59.0,2026-01-02,Sukun
"Klojen, Malang","Rumah Nyaman 1,5 lantai, bangunan lama luas, terawat, 5 Kamar  tidur,2 Kamar mandi, ada garasi dan carport, SHM. Lokasi di Jalan Pulau-Pulau, Kloje...",2500000000.0,5.0,2.0,262.0,250.0,2026-01-02,Klojen
"Lowokwaru, Malang","Hunian Siap Huni + Potensi Cuan di Lowokwaru!  Rumah kondisi sangat terawat dengan layout super nyaman, berada di kawasan favorit Lowokwaru-area in...",2600000000.0,5.0,3.0,319.0,105.0,2026-01-02,Lowokwaru
"Klojen, Malang","Rumah Dijual Malang RUMAH HOOK DI IJEN NIRWANA 
 RUMAH TERAWAT SEMI FURNISH
 LANTAI GRANITE
 KAYU ULIN DAN KAYU JATI
 ADA KOLAM IKAN DI DALAM RUMAH...",5750000000.0,8.0,7.0,338.0,500.0,2026-01-02,Klojen
"Sukun, Malang","*Jual Rumah Bagus ISTANA DIENG, MALANG*  Selling point: - Asri - Aesthetic  - Siap Huni - Kamar Banyak  2 lantai SHM LT 884m2 (Dimensi 28x32) LB 47...",22000000000.0,6.0,6.0,884.0,475.0,2026-01-02,Sukun
"Sawojajar, Malang","Rumah Jual Pinggir Jalan Besar Dekat Minimarket, UM Kampus 2 Area Ramai Usaha Cocok untuk Cafe, Kuliner, Warkop, Butik, Bimbel, Dan Lainnya   Spesi...",2500000000.0,3.0,2.0,190.0,120.0,2026-01-02,Blimbing
"Klojen, Malang","(RKS607) - Berada Di Tengah Kota, Hanya 1 Menit Ke Idjen Boulevard Dan Kayutangan Herritage  - ⁠Cocok Dijadikan Rumah Tinggal / Ruang Usaha (Bisn...",28500000000.0,8.0,4.0,998.0,1000.0,2026-01-02,Klojen
"Blimbing, Malang",DIJUAL CEPAT ‼️ Rumah mewah di ARAYA MALANG   Lt540 (23x25) m² Lb600 m² HOOK Sertifikat SHM Hadap timur selatan Pln 5500watt KT 6+1 KM 6+1 Ga...,7950000000.0,6.0,6.0,540.0,600.0,2026-01-02,Blimbing
"Lowokwaru, Malang","Selling Point : - Berjarak hanya 1,5 km dari UB - Berjarak hanya 200 meter dari poros Suhat - Potensi income 150 jutaan per tahun - Akses mobil bis...",1920000000.0,9.0,9.0,84.0,180.0,2026-01-02,Lowokwaru
"Klojen, Malang","Rumah/Rumah Usaha Luas,Lebar Row jalan lebar nol jalan raya Lingkungan nyaman,aman Traffic ramai Cocok untuk huni maupun usaha resto,cafe,guest hou...",15000000000.0,3.0,5.0,760.0,400.0,2026-01-02,Klojen
"Sumbersari, Malang","Rumah Dijual Malang DiJual Segera Rumah Siap Huni. Terawat dan siap Huni. Dekat ITN dan UIN. Dekat area Makanan dan Minum, Dekat Matos, Dekat Pom B...",2000000000.0,4.0,3.0,156.0,225.0,2026-01-02,Lowokwaru
"Kedungkandang, Malang","DIJUAL RUMAH BAGUS LOKASI STRATEGIS DI RIVERFRONT MALANG ✨
 
 Spesifikasi:

 LT 120 m2
 LB 70 M2
 1LANTAI
 DIMENSI 8 X 15 
 K TIDUR 3
 K MANDI 2 ...",1500000000.0,3.0,2.0,120.0,70.0,2026-01-02,Kedungkandang
"Lowokwaru, Malang","Rumah 2 Lantai Modern Minimalis Kawasan Elite Permata Jingga Suhat  Lokasi dekat dengan jalan soekarno hatta, pusat perbelanjaan, rumah sakit, pom ...",1700000000.0,3.0,3.0,82.0,92.0,2026-01-02,Lowokwaru
"Lowokwaru, Malang","(RN115) [INDENT BANGUN 8 BULAN]  - Hanya 100 Meter Ke Poros Jalan Raya Suhat  - ⁠Dekat Ke Kampus UB, Polinema, UM , ABM, Widyagama - Akses Jalan ...",4300000000.0,18.0,19.0,112.0,310.0,2026-01-02,Lowokwaru
"Lowokwaru, Malang",Rumah 3 Lantai Modern Minimalis Siap Huni di Jalan Ikan Ikan Lowokwaru Kota Malang Dekat Dengan UB Universitas Brawijaya  Spesifikasi Listingan: Lu...,1100000000.0,4.0,3.0,68.0,170.0,2026-01-02,Lowokwaru
"Klojen, Malang","Rumah Mewah Kawasan Premium Ijen Nirwana Luas 289 m2  Area perumahan yang nyaman dengan keamanan 24 jam, kawasan elite.  Lokasi dekat dengan jalan ...",4850000000.0,4.0,1.0,289.0,250.0,2026-01-02,Klojen
"Kedungkandang, Malang","Hunian Siap Huni Posisi Hook - Full Furnished :fire: DP 0% + FREE semua biaya (termasuk pajak & biaya KPR)   Cemoro Kandang, Kota Malang Hanya 5 me...",1350000000.0,3.0,3.0,72.0,85.0,2026-01-02,Kedungkandang
"Sukun, Malang","(EAY1713) Hunian Prestisius 3 Lantai Dengan Kemewahan Yang Jarang Ada Di Pasaran. Desain Elegan, Ruang Super Luas, Fasilitas Premium, Dan Dijual Le...",14500000000.0,5.0,5.0,403.0,1000.0,2026-01-02,Sukun
"Sukun, Malang","Rumah modern 2 lantai dekat Kanjuruhan dan Soepraoen  Rumah mewah dengan desain Eropa berlokasi di Sukun, Kota Malang  Rumah 2 lantai stok terbatas...",497000000.0,2.0,2.0,60.0,47.0,2026-01-02,Sukun
"Lowokwaru, Malang",Dijual hunian modern minimalis dengan struktur 4 lantai yang terletak di lokasi sangat strategis. Properti ini berada di kawasan yang sangat dekat ...,1000000000.0,10.0,6.0,101.0,286.0,2026-01-02,Lowokwaru
"Araya, Malang",Lt 2106 Lb 350 Shm 4 Kt 3 Km 2 Living Room 2200 watt Air sumur bor Halaman parkir luas View menarik Harga Masih bisa Nego 5 Menit RS PERSADA 5Menit...,2290000000.0,4.0,3.0,210.0,350.0,2026-01-02,Blimbing
"Dieng, Malang",DIJUAL RUMAH BARU RENOVASI GRESS - PUNCAK DIENG MALANG   Lokasi super strategis di kawasan elit Puncak Dieng. Dekat berbagai kampus dan fasilitas u...,2600000000.0,7.0,4.0,250.0,220.0,2026-01-02,Sukun
"Blimbing, Malang",Dijual Rumah di Perumahan Jalan Ikan Ikan Blimbing Malang Kota Dekat Pusat Kota  Spesifikasi: - Legalitas: SHM On Hand - Jumlah Lantai: 2 Lantai - ...,810000000.0,3.0,2.0,60.0,112.0,2026-01-02,Blimbing
"Blimbing, Malang",Dijual Rumah di Perumahan Jalan Ikan Ikan Blimbing Malang Kota Dekat Pusat Kota Malang  Spesifikasi: - Legalitas: SHM - Jumlah Lantai: 2 Lantai - L...,900000000.0,3.0,2.0,77.0,138.0,2026-01-02,Blimbing
"Araya, Malang",Rumah Baru Kawasan Elite Perumahan Araya Golf Proses Bangun 80%  Kawasan elite di kota Malang mudah diakses dan jalanan yang lebar. Fasilitas sanga...,4700000000.0,5.0,4.0,300.0,500.0,2026-01-01,Blimbing
"Araya, Malang","DI JUAL RUMAH BARU MODERN MINIMALIS  LOKASI BERADA DI KAWASAN ELIT BOULEVEARD PERUM ARAYA , MALANG  (Ready Stok)     Harga : 3.350 Miliyar    - Lua...",3350000000.0,5.0,5.0,188.0,260.0,2026-01-01,Blimbing
"Araya, Malang",Spesifikasi: LT 499m2 Dimensi 15m x 33m LB 355 m2 Bangunan 2 Lantai  Kamar Tidur 5 Kamar Mandi 5 Garasi 2 Mobil Carport 2 Mobil Ruang Makan Dapur L...,7500000000.0,5.0,5.0,499.0,355.0,2026-01-01,Blimbing
"Lowokwaru, Malang","Dijual Rumah Murah Lokasi Dekat Suhat di Private Cluster Jalan Arumba, Lowokwaru Kota Malang  • area dekat kampus UMM, Polinema, UB dll • cocok...",1050000000.0,3.0,2.0,165.0,195.0,2026-01-01,Lowokwaru
"Klojen, Malang","Turun Harga  Dijual Rumah Siap Huni Tengah Kota di Jaksa Agung Suprapto, Celaket, Malang  Harga masuk akal Bangunan, kondisi sangat terawat Belakan...",2600000000.0,3.0,2.0,407.0,170.0,2026-01-01,Klojen
"Sukun, Malang","Rumah bergaya modern di Sukun.  Miliki rumah 1 lantai yang asri ini,  dijual dengan pemandangan permukiman warga yang menambah nilai estetika di li...",550000000.0,2.0,1.0,88.0,65.0,2026-01-01,Sukun
"Blimbing, Malang",RUMAH STRATEGIS BLIMBING - LOKASI EMAS PINGGIR JALAN BESAR!  Kesempatan langka memiliki properti di kawasan Blimbing Malang yang berada tepat di po...,4000000000.0,5.0,3.0,179.0,150.0,2026-01-01,Blimbing
"Blimbing, Malang",Turun Harga! Rumah Murah di Perumahan Araya Blimbing Luas 264 m2  Kawasan elite di kota Malang mudah diakses dan jalanan yang lebar. Fasilitas sang...,2100000000.0,3.0,2.0,264.0,180.0,2026-01-01,Blimbing
"Dieng, Malang","Rumah For Sell Malang Dijual Rumah siap huni Austinville Dieng Tidar Malang
 Row Jalan 7 Meter
 Bagian belakang ada canopi
 3 menit menuju Univ Mac...",1050000000.0,2.0,1.0,84.0,65.0,2026-01-01,Sukun
"Lowokwaru, Malang",RUMAH TENGAH KOTA MALANG AREA LOWOKWARU Jual Rumah LEBAKSARI - Malang LT 191 LB 180 KT 4+1 KM 2 Listrik 2200 Rp 2.550.000.000  SHM Hadap Utara  Lua...,2550000000.0,4.0,2.0,191.0,180.0,2026-01-01,Lowokwaru
"Lowokwaru, Malang",*Rumah Siap Huni dekat Soekarno Hatta Malang* Jual Rumah NUSA INDAH - Malang LT 282 LB 450 KT 8 KM 8 Dimensi 14 x 21 Listrik 2200 Rp 3.300.000.000 ...,3300000000.0,8.0,8.0,282.0,450.0,2026-01-01,Lowokwaru
"Araya, Malang","Rumah di Araya.  Cek segera rumah 1 lantai yang modern ini,  dijual dengan pemandangan indah yang menambah nilai estetika di lingkungan hunian. Rum...",2000000000.0,2.0,2.0,200.0,150.0,2026-01-01,Blimbing
"Araya, Malang",Spesifikasi :   LT : 250m2 LB: 296m2 2 lt PLN : 3500  PDAM  Kamar Tidur : 5 +2 Kamar Mandi : 3 +1 Sertifikat : SHM  Hadap : Selatan Semi Furnish Ro...,3500000000.0,7.0,4.0,250.0,296.0,2026-01-01,Blimbing
"Klojen, Malang",Bangunan dan keramik original Kuda kuda full kayu jati Bangunan dari tahun 1928 Lokasi strategis  Spesifikasi:  LT 937 m² Dimensi 20 x 47m LB 500 ...,20000000000.0,4.0,3.0,937.0,500.0,2026-01-01,Klojen
"Kedungkandang, Malang","Rumah di Kedungkandang.  Temukan rumah 1 lantai yang nyaman ini,  dijual dengan pemandangan asri yang menambah nilai estetika di lingkungan hunian....",350000000.0,2.0,1.0,70.0,36.0,2026-01-01,Kedungkandang
"Araya, Malang",Spesifikasi: LT 418 m2 LB +- 300 m2 Kamar Tidur 3+3 Kamar Mandi 2+1 (1 dalam kamar)  Listrik 2200 watt  Air PDAM  Garasi 1 Mobil  Carport 2 Mobil  ...,5250000000.0,3.0,2.0,418.0,300.0,2026-01-01,Blimbing
"Klojen, Malang",Spesifikasi: LT 640 m2 (15m x 43m) LB 494 m2  Rumah Utama Kamar Tidur 2+3 Kamar Mandi 2+1 (2 KM dalam Kamar)  Pavilion Lantai 1 Kamar Tidur 1 Kamar...,18000000000.0,5.0,3.0,640.0,494.0,2026-01-01,Klojen
"Araya, Malang",DIJUAL RUMAH MODERN SIAP HUNI HARGA MIRING   Lokasi : PERUMAHAN ELITE  ARAYA PBI KOTA MALANG  BLOK DEPAN SELANGKAH KE PLAZA ARAYA   KAWASAN HUNIAN ...,1200000000.0,3.0,1.0,135.0,100.0,2026-01-01,Blimbing
"Kedungkandang, Malang","Rumah Jual Merupakan Kawasan Berkembang Akses Dekat Pintu Tol, Kampus UM 2, Pusat Perbelanjaan (Pasar Tradisional & Living Mall), Ada Beberapa Seko...",600000000.0,2.0,1.0,65.0,45.0,2026-01-01,Kedungkandang
"Lowokwaru, Malang","(DN2658) Untuk Katalog Properti Lengkap, Bisa Diakses Langsung Melalui Link Berikut ********  - Lokasi Di Private Cluster - Hanya 2 Menit Ke Jalan ...",2400000000.0,3.0,3.0,120.0,160.0,2026-01-01,Lowokwaru
"Lowokwaru, Malang","Kesempatan terbatas buat Anda dapatkan rumah strategis dengan return investasi tinggi di Lowokwaru, Malang.  Rumah ini menawarkan kelengkapan fasil...",7000000000.0,8.0,3.0,600.0,300.0,2026-01-01,Lowokwaru
"Klojen, Malang","*Selling Point:* v Selangkah dari Cybermall, Malang City Point, dan MOG v Selangkah dari Pusat Kota dan Pusat Bisnis Malang v Sangat Terawat Siap H...",6500000000.0,8.0,6.0,286.0,500.0,2026-01-01,Klojen
"Dieng, Malang",DIJUAL RUMAH BARU AUSTINVILLE DIENG MALANG   KAWASAN HUNIAN PERUMAHAN ELITE  BANGUNAN GRESS MODERN SIAP HUNI   2 MENIT KE ELPICO PARK  10 MENIT KE ...,1900000000.0,3.0,2.0,197.0,80.0,2026-01-01,Sukun
"Dieng, Malang",DIJUAL RUMAH MEWAH AUSTINVILLE DIENG HARGA MIRING   BANGUNAN MODERN SIAP HUNI   Lokasi : PERUMAHAN ELITE  AUSTINVILLE DIENG MALANG   KAWASAN HUNIAN...,1500000000.0,3.0,2.0,118.0,120.0,2026-01-01,Sukun
"Dieng, Malang",DIJUAL RUMAH MEWAH AUSTINVILLE DIENG HARGA MIRING   BANGUNAN MODERN SIAP HUNI   Lokasi : PERUMAHAN ELITE  AUSTINVILLE DIENG MALANG   KAWASAN HUNIAN...,1100000000.0,2.0,2.0,105.0,77.0,2026-01-01,Sukun
"Dieng, Malang","DIJUAL RUMAH BARU MODERN KAWASAN ELITE   Lokasi : PERUMAHAN ELITE  BUKIT DIENG KOTA MALANG   KAWASAN HUNIAN PERUMAHAN ELITE YANG NYAMAN, AMAN DAN T...",695000000.0,2.0,1.0,72.0,41.0,2026-01-01,Sukun
"Klojen, Malang",Spesifikasi:   Legalitas SHM LT 330 m2 LB 335 m2 Kamar Tidur 5 Kamar Mandi 5 Daya Listrik 2200 watt Sumber Air PAM Hadap Utara Carport 1 Garasi 1 T...,5600000000.0,5.0,5.0,330.0,335.0,2026-01-01,Klojen
"Lowokwaru, Malang","Kode IV Hunian nyaman, lingkungan aman dan tenang, daerah Ikan-ikan, dekat Terminal Arjosari",580000000.0,2.0,2.0,84.0,55.0,2026-01-01,Lowokwaru
"Blimbing, Malang",DIJUAL CEPAT RUMAH LUAS LT 269 M2    Jl. Candi Kalasan 2 No. 14  LT 269 / LB 200 m2 ️ 4 KT |  2 KM  Lantai 1  Garasi + Carport  Ada Taman Depan &...,2400000000.0,4.0,2.0,269.0,200.0,2026-01-01,Blimbing
"Lowokwaru, Malang","Rumah Semi Furnish di Green Orchid Residence, Lowokwaru Kota Malang  lokasi di Private Cluster hanya 2 menit ke jalan raya Soekarno Hatta ⁠dekat ...",2400000000.0,3.0,3.0,120.0,160.0,2026-01-01,Lowokwaru
"Araya, Malang","RUMAH HOOK PBI ARAYA  Lokasi: PBI Araya, Malang Lingkungan tenang, jalan lebar, akses mudah ke fasilitas utama  siap huni  cocok untuk hunian nyama...",1700000000.0,3.0,1.0,190.0,90.0,2026-01-01,Blimbing
"Klojen, Malang","Rumah Mewah Premium di Ijen Nirwana Malang - Hunian Prestisius 3 Lantai  Kesempatan memiliki hunian mewah di kawasan elite Ijen Nirwana, salah satu...",7000000000.0,5.0,4.0,300.0,700.0,2026-01-01,Klojen
"Klojen, Malang","Rumah dijual Lokasi jl gunung2, klojen, malang Lingkungan aman, tenang dan nyaman Akses jalan mobil simpangan Cocok untuk dijadikan Cafe, Resto, Gu...",13500000000.0,6.0,3.0,607.0,800.0,2026-01-01,Klojen
"Kedungkandang, Malang","Dijual Rumah Hidden Gem Siap Huni Polonia, Cemorokandang, Kedungkandang Kota Malang  Dekat Exit Tol Malang / Sawojajar 5mnt Akses jalan Double dan ...",650000000.0,2.0,2.0,120.0,110.0,2026-01-01,Kedungkandang
"Kedungkandang, Malang",Dijual Rumah Di Citra Garden Kedungkandang Malang Kota Dekat Exit Tol Madyopuro & GOR Ken Arok  Spesifikasi: Legalitas: SHM Jumlah Lantai: 2 Lantai...,1800000000.0,5.0,4.0,144.0,116.0,2026-01-01,Kedungkandang
"Sawojajar, Malang","Dijual Rumah di Jalan Danau-Danau Sawojajar 1 Kedungkandang - Kota Malang Dekat Sawojajar, Tol Madyopuro & jalan utama  Spesifikasi: Legalitas: SHM...",625000000.0,3.0,2.0,60.0,65.0,2026-01-01,Blimbing
"Sawojajar, Malang",DIJUAL RUMAH FULL FURNISH TERAWAT SIAP HUNI DI NEIGHBOURHOOD SAWOJAJAR 2 MALANG  Spesifikasi : LT                             : 125m² LB          ...,1600000000.0,4.0,2.0,125.0,110.0,2026-01-01,Blimbing
"Lowokwaru, Malang","DIJUAL RUMAH DI Jl.  IKAN-IKAN , LOWOKWARU, MALANG KOTA*  Spesifikasi : LT                              : 177m² LB                             : 1...",1200000000.0,4.0,2.0,177.0,160.0,2026-01-01,Lowokwaru
"Klojen, Malang","Dijual Rumah Klasik Kolonial di Jalan Besar Ijen Kota Malang, Cocok Dibuat Segala Macam Jenis Usaha Maupun untuk Tempat Tinggal  Spesifikasi : Bang...",35000000000.0,8.0,2.0,895.0,330.0,2026-01-01,Klojen
"Lowokwaru, Malang","*DIJUAL RUMAH STRATEGIS DI KOTA MALANG*   Jl. Bunga - bunga  Hunian nyaman dengan lokasi premium, cocok untuk tempat tinggal maupun investasi!  Spe...",2250000000.0,3.0,3.0,225.0,220.0,2026-01-01,Lowokwaru
"Dieng, Malang","DIJUAL RUMAH MODERN SIAP HUNI HARGA MIRING   Lokasi : PERUMAHAN ELITE  PUNCAK DIENG KOTA MALANG   KAWASAN HUNIAN PERUMAHAN ELITE YANG NYAMAN, AMAN ...",1000000000.0,3.0,2.0,108.0,90.0,2026-01-01,Sukun
"Araya, Malang",Dijual rumah di wilayah yang asri dengan pemandangan permukiman warga. Properti 2 lantai bergaya minimalist modern ini berada di lingkungan yang mu...,4800000000.0,5.0,5.0,375.0,450.0,2026-01-01,Blimbing
"Lowokwaru, Malang","Dijual rumah nyaman dan siap huni di kawasan Perum Mustika Piranha, Kota Malang. Lokasi strategis, cocok untuk hunian keluarga kecil maupun investa...",580000000.0,2.0,1.0,82.0,41.0,2026-01-01,Lowokwaru
"Sawojajar, Malang","DIJUAL RUMAH BARU MODERN HARGA MIRING   Lokasi : KAWASAN STRATEGIS  Jl. DANAU-DANAU SAWOJAJAR KOTA MALANG   KAWASAN HUNIAN PERUMAHAN YANG NYAMAN, A...",625000000.0,3.0,2.0,60.0,65.0,2026-01-01,Blimbing
"Araya, Malang",HARGA DIBAWAH PASARAN   DIJUAL MURAH RUMAH GRAHA KENCANA BALEARJOSARI BLIMBING KOTA MALANG   Hunian elite dan nyaman untuk keluarga bahagia dengan ...,1300000000.0,3.0,3.0,153.0,110.0,2026-01-01,Blimbing
"Araya, Malang",DIJUAL RUMAH MEWAH ARAYA BOULEVARD MALANG HARGA MIRING   BANGUNAN MEWAH MODERN SIAP HUNI  FURNISHED PLUS PRIVATE POOL   ROW JALAN KEMBAR LEBAR 20 M...,3900000000.0,4.0,3.0,300.0,250.0,2026-01-01,Blimbing
"Araya, Malang",DIJUAL RUMAH MODERN SIAP HUNI HARGA MIRING   Lokasi : PERUMAHAN ELITE  ARAYA PBI  KOTA MALANG   LOKASI BLOK DEPAN   KAWASAN HUNIAN PERUMAHAN ELITE...,1650000000.0,4.0,2.0,172.0,100.0,2026-01-01,Blimbing
"Blimbing, Malang",LT 1324  LB 579 KT 5+1  KM 5+1 Dimensi 15 x 75 Listrik 3500 SHM Hadap Barat Harga 20 M turun jadi 19 M negoo  Rumah mewah eksklusif Lawang - Malang...,19000000000.0,5.0,5.0,1324.0,579.0,2026-01-01,Blimbing
"Lowokwaru, Malang","(DN2658) Untuk Katalog Properti Lengkap, Bisa Diakses Langsung Melalui Link Berikut ********  - Lokasi Di Private Cluster - Hanya 2 Menit Ke Jalan ...",2400000000.0,3.0,3.0,120.0,160.0,2026-01-01,Lowokwaru
"Lowokwaru, Malang","Rumah Minimalis, Lokasi Dekat Sekolah Corjesu Di Jaksa Agung Suprapto  Bangunan terawat dan lokasi strategis  Lokasi dekat ke - sekolah corjesu - p...",860000000.0,2.0,2.0,85.0,95.0,2026-01-01,Lowokwaru
"Klojen, Malang","Rumah Posisi Hooq di Area Pulau2 Malang Luas 330 m2  Rumah berada di daerah pulau pulau malang Lokasi strategis, tidak jauh dari pusat kota, pusat ...",2700000000.0,3.0,2.0,330.0,220.0,2026-01-01,Klojen
"Blimbing, Malang","Rumah Minimalis Modern, Kamar Banyak Lokasi Di Borobudur Agung, Blimbing  Bangunan terawat dan lokasi strategis  Lokasi dekat ke - sekolah hwa ind ...",1700000000.0,6.0,2.0,106.0,198.0,2026-01-01,Blimbing
"Madyopuro, Malang",Kesempatan punya rumah minimalis modern dengan posisi hook yang memberikan sirkulasi udara dan pencahayaan lebih maksimal    Spesifikasi: Luas Tana...,750000000.0,3.0,1.0,78.0,54.0,2026-01-01,Kedungkandang
"Polowijen, Malang","DiJual Cepat Rumah Murah 1,5 Lantai Siap Huni Lokasi Perumahan Borobudur Agung Mojolangu - Lowokwaru  Kota Malang   Harga 1,2Milyar Nego  * Luas Ta...",1200000000.0,4.0,2.0,106.0,135.0,2026-01-01,Klojen
"Dieng, Malang","DIJUAL RUMAH MEWAH MODERN SIAP HUNI HARGA MIRING   Lokasi : PERUMAHAN ELITE  ISTANA DIENG KOTA MALANG   KAWASAN HUNIAN PERUMAHAN ELITE YANG NYAMAN,...",6500000000.0,6.0,6.0,385.0,550.0,2026-01-01,Sukun
"Kedungkandang, Malang",Dijual Rumah Di Citra Garden Kedungkandang Malang Kota Dekat Exit Tol Madyopuro & GOR Ken Arok  Spesifikasi: Legalitas: SHM Jumlah Lantai: 2 Lantai...,1800000000.0,5.0,4.0,144.0,116.0,2026-01-01,Kedungkandang
"Sawojajar, Malang",DIJUAL RUMAH BARU DANAU2 SAWOJAJAR KOTA MALANG HARGA MIRING   Lokasi : KAWASAN STRATEGIS  Jl. DANAU-DANAU SAWOJAJAR  KOTA MALANG   KAWASAN HUNIAN P...,1160000000.0,3.0,3.0,97.0,135.0,2026-01-01,Blimbing
"Sukun, Malang","RUMAH SIAP HUNI MINIMALIST LOKASI PRIVATE CLUSTER, SUKUN, KOTA MALANG   KPR DP 10% saja (all bank) Inhouse 1 tahun tanpa bunga  Rumah 1 Lantai  - L...",485000000.0,2.0,1.0,70.0,40.0,2026-01-01,Sukun
"Sawojajar, Malang",PROMO SOFTLAUNCHING RUMAH 2 LANTAI KOTA MALANG  *HANYA 399 JUTA*  Dekat Exit Tol Sawojajar  Dekat Velodrom  Dekat Universitas Negeri Malang 2  Ruma...,399000000.0,2.0,2.0,72.0,50.0,2026-01-01,Blimbing
"Araya, Malang",DIJUAL RUMAH MEWAH MODERN SIAP HUNI HARGA MIRING   Lokasi : PERUMAHAN ELITE  ARAYA GOLF MALANG   ROW JALAN KEMBAR BOULEVARD   KAWASAN HUNIAN PERUMA...,3950000000.0,3.0,3.0,360.0,200.0,2026-01-01,Blimbing
"Araya, Malang","DIJUAL RUMAH MODERN SIAP HUNI HARGA MIRING   Lokasi : PERUMAHAN ELITE  ARAYA MALANG   KAWASAN HUNIAN PERUMAHAN ELITE YANG NYAMAN, AMAN DAN TENANG  ...",2500000000.0,5.0,4.0,240.0,400.0,2026-01-01,Blimbing
"Araya, Malang",DIJUAL RUMAH ARAYA DEPAN KOTA MALANG HARGA MIRING   MASUK KOTAMADYA MALANG   PRIVATE CLUSTER  KEAMANAN ONE GATE SYSTEM  SELANGKAH KE KDS CANTONESSE...,1500000000.0,4.0,3.0,240.0,155.0,2026-01-01,Blimbing
"Klojen, Malang","Rumah Modern Minimalis di Cluster Ijen Nirwana Residence, Klojen Kota Malang  - private cluster security 24 jam - ⁠lokasi tengah kota Malang - ha...",4000000000.0,4.0,3.0,250.0,300.0,2026-01-01,Klojen
"Dieng, Malang","Dijual rumah semi furnish (sudah ada AC, water heater, ada canopy di carport dan di dapur). Lokasi strategis sangat dekat dengan Univ. Machung, Uni...",995000000.0,2.0,1.0,84.0,65.0,2026-01-01,Sukun
"Sawojajar, Malang","Dijual Rumah di Jalan Danau-Danau Sawojajar 1 Kedungkandang - Kota Malang Dekat Sawojajar, Tol Madyopuro & jalan utama  Spesifikasi:  - Legalitas: ...",625000000.0,3.0,2.0,60.0,65.0,2026-01-01,Blimbing
"Sawojajar, Malang","DI JUAL Rumah Baru Modern Minimalis Sawojajar 1 Kota MALANG  Spesifikasi : LT : 97 m2 LB : 135 m2 Dimensi : 7,1 x 13,6 KT : 3 KM : 3 Listrik : 2200...",1160000000.0,3.0,3.0,97.0,135.0,2026-01-01,Blimbing
"Lowokwaru, Malang","Dijual rumah bagus siap huni perumahan Griya Shanta Malang
 
 Luas 117 m2 dengan 4 kamar tidur
 Lokasi nyaman, akses mudah, dekat dengan kampus Uni...",1200000000.0,4.0,3.0,117.0,130.0,2026-01-01,Lowokwaru
"Kedungkandang, Malang","Dijual rumah harga murah daerah Sawojajar Malang
 
 Luas 84 m2 dengan 2 kamar
 Lokasi dekat sekolah, pertokoan, pusat perbelanjaan, dan pusat kulin...",420000000.0,2.0,1.0,84.0,84.0,2026-01-01,Kedungkandang
"Klojen, Malang","Dijual rumah progress bangun di daerah sekitar Oro Oro Dowo dan Ijen Malang Kota
 
 Luas 428 m2 dengan 15 kamar tidur + kamar mandi dalam
 Lokasi p...",7000000000.0,15.0,15.0,428.0,250.0,2026-01-01,Klojen
"Lowokwaru, Malang","Dijual rumah di daerah Dinoyo, Lowokwaru, kota Malang
 
 Luas 330 m2 dengan 4 kamar
 Lokasi nyaman, akses dekat kampus Universitas Brawijaya dan ka...",1500000000.0,4.0,1.0,330.0,200.0,2026-01-01,Lowokwaru
"Sukun, Malang","Dijual rumah dan ruang usaha di daerah Sukun Malang
 
 Lokasi strategis, area mahasiswa, dekat kampus Universitas Kanjuruhan Malang, hanya sekitar ...",1200000000.0,3.0,2.0,56.0,150.0,2026-01-01,Sukun
"Tlogomas, Malang","Pembelian bulan desember dapat harga spesial dan promo kuusus dapat garansi pendapatan selama 2 tahun. lokasi anti banjir, akses mudah, dekat ke se...",1500000000.0,17.0,17.0,125.0,160.0,2026-01-01,Lowokwaru
"Lowokwaru, Malang",Dijual 10 kamar Garansi pasti pendapatan 180 juta per tahun,1600000000.0,10.0,10.0,84.0,133.0,2026-01-01,Lowokwaru
"Lowokwaru, Malang",Spesifikasi: LT : 408 m2 LB : 280 m2 Bangunan 2 Lantai + basement Kamar Tidur 5 + 1 Kamar Mandi 3 Musholla  Ruang Kerja Pribadi Service area + Area...,4000000000.0,5.0,3.0,408.0,280.0,2026-01-01,Lowokwaru
"Araya, Malang",Dijual rumah Araya Valley 2 lantai + Rooftop ✨  Spesifikasi :  LT: 162 m2 LB: 256 m2 Kamar tidur 6+1 Kamar mandi 3+1 Listrik 5500w Hadap utara  C...,2600000000.0,6.0,3.0,162.0,256.0,2026-01-01,Blimbing
"Araya, Malang",Spesifikasi: LT : 240 m2  LB : 400 m2 Bangunan 2 Lantai Kamar Tidur 4 + 2 Kamar Mandi 3 + 1 Balkon depan & belakang Sertifikat Hak Milik Hadap Sela...,2800000000.0,4.0,3.0,240.0,400.0,2026-01-01,Blimbing
"Kedungkandang, Malang","Spesifikasi: LT : 194m2 Dimensi  10,78 x 18m LB : 116m2 Bangunan 2 Lantai Kamar Tidur  4  Kamar Mandi 4 Carport 1 Mobil ( Ber-Canopy ) Service Area...",2500000000.0,4.0,4.0,194.0,116.0,2026-01-01,Kedungkandang
"Klojen, Malang",Rumah dengan traffic yang bagus lokasi strategis  Dekat dengan pasar Tawangmangu dan jalan Letjen Sutoyo Cocok dijadikan tempat usaha  Harga nego s...,2400000000.0,3.0,2.0,246.0,180.0,2026-01-01,Klojen
"Klojen, Malang","Rumah di Klojen.  Cek segera rumah 2 lantai yang modern ini,  dijual dengan pemandangan asri yang menambah nilai estetika di lingkungan hunian. Rum...",3500000000.0,6.0,4.0,155.0,160.0,2026-01-01,Klojen
"Lowokwaru, Malang","Temukan rumah impian Anda di kawasan strategis Malang! Sebuah hunian menawan di Borobudur Agung Kencana, Lowokwaru, siap menjadi milik Anda. Proper...",4000000000.0,5.0,4.0,303.0,375.0,2026-01-01,Lowokwaru
"Blimbing, Malang",*Hanya 5 menit dari pintu tol Malang Surabaya!!!*  *Dijual Rumah Baru Full Furnish Model Minimalis di Graha Kencana Malang*  *SPESIFIKASI* LT 170m�...,3200000000.0,4.0,4.0,170.0,240.0,2026-01-01,Blimbing
"Lowokwaru, Malang",Spesifikasi:  LT 90 m2 LB 85 m2 Kamar tidur 3 Kamar mandi 2 Sertifikat Hak Milik Hadap Barat  Selling Point:  - 3 km menuju Univeristas Brawijaya  ...,1750000000.0,3.0,2.0,90.0,85.0,2026-01-01,Lowokwaru
"Blimbing, Malang","RUMAH 2 LANTAI, DI ARAYA MALANG.  SATU SATUNYA ESTATE YANG GOLF VIEW DI KOTA MALANG.  LINGKUNGAN YANG SEJUK DAN TENANG. DEKAT UNIVERSITAS BINUS, TO...",5000000000.0,5.0,5.0,375.0,450.0,2026-01-01,Blimbing
"Lowokwaru, Malang",Spesifikasi: LT 84m2 Dimensi 6 x 14m LB 168m2 Bangunan 2 Lantai Kamar Tidur 4 + 1  Kamar Mandi  3 Listrik 2200 VA Air PDAM + Sumur Bor Legalitas SH...,1450000000.0,4.0,3.0,84.0,168.0,2026-01-01,Lowokwaru
"Araya, Malang",Spesifikasi: Rangka atap baja Rank kayu jati Genteng Kanmuri Kusen meranti oven LT : 400 m2 Dimensi 16 m x 25 m LB 340 m2 Kamar Tidur 3+3 Kamar Man...,5800000000.0,3.0,3.0,400.0,340.0,2026-01-01,Blimbing
"Lowokwaru, Malang","Rumah dijual di kawasan prestisius Greenwood Araya, menawarkan hunian nyaman dan mewah dengan spesifikasi unggulan. Properti ini sangat cocok bagi ...",2300000000.0,4.0,3.0,210.0,350.0,2026-01-01,Lowokwaru
"Klojen, Malang",DIJUAL RUMAH MODERN SIAP HUNI HARGA MIRING   Lokasi : KAWASAN STRATEGIS  Jl. SUNGAI-SUNGAI CILIWUNG  KOTA MALANG   KAWASAN HUNIAN STRATEGIS YANG NY...,3000000000.0,4.0,4.0,230.0,250.0,2026-01-01,Klojen
"Sawojajar, Malang",RUMAH BARU MODERN MINIMALIS HOOK - SAWOJAJAR 1 KOTA MALANG  Kesempatan memiliki rumah baru dengan desain modern minimalis di kawasan favorit Sawoja...,1160000000.0,3.0,3.0,97.0,135.0,2026-01-01,Blimbing
"Lowokwaru, Malang",Rumah Hooq Luas 236 m2 Kawasan Elite Permata Jingga Suhat.  Kawasan elite islami di kota Malang mudah diakses dan jalanan yang lebar. Di lengkapi d...,3600000000.0,3.0,2.0,236.0,200.0,2026-01-01,Lowokwaru
"Klojen, Malang","Jarang Ada Rumah Siap Huni Kawasan Elite Ijen Nirwana Cluster Favorite.  Area perumahan yang nyaman dengan keamanan 24 jam, kawasan elite.  Lokasi ...",2300000000.0,3.0,2.0,141.0,90.0,2026-01-01,Klojen
"Kedungkandang, Malang",Spesifikasi : Legalitas SHM LT : 180 m2 LB : 186 m2 Dimensi 10 x 18 m Bangunan 2 Lantai Kamar tidur 4 + 1 Kamar mandi 3 + 1 Garasi 1 mobil Carport ...,3400000000.0,4.0,3.0,180.0,186.0,2026-01-01,Kedungkandang
"Blimbing, Malang",Rumah Mewah 2 Lantai di Jalan Utama Araya Golf Malang.  Kawasan elite di kota Malang mudah diakses dan jalanan yang lebar. Fasilitas sangat lengkap...,5500000000.0,5.0,4.0,375.0,360.0,2026-01-01,Blimbing
"Dieng, Malang","BANTING HARGA 2M >>> 1,95 M >>> 1,75 M >>> 1,6 M (exclusive listing)  Dijual Cepat Rumah 1,5 Lantai di Austinville :  * KT 4+2 * Dimensi 8 x 15 * H...",1600000000.0,6.0,2.0,120.0,131.0,2026-01-01,Sukun
"Lowokwaru, Malang",DIJUAL CEPAT!! RUMAH LOKASI STRATEGIS TENGAH KOTA SIAP HUNI NYAMAN DAN ASRI AREA LOWOKWARU CENGGER AYAM MALANG  LT 675 LB 450 KT 6 KM 3 Listrik 220...,6500000000.0,6.0,3.0,675.0,450.0,2026-01-01,Lowokwaru
"Araya, Malang",RUMAH MEWAH ARAYA,7900000000.0,6.0,6.0,540.0,600.0,2026-01-01,Blimbing
"Klojen, Malang",*Dijual Rumah Siap Huni Dekat Malang City Point dan Cybermall dan dekat Jalan Raya Langsep Klojen Kota Malang*,6500000000.0,8.0,6.0,286.0,500.0,2026-01-01,Klojen
"Sukun, Malang",*RUMAH BAGUS MURAH STRATEGIS SUKUN* Jual Rumah TANJUNG PUTRA YUDHA - Malang LT 135 LB 150 KT 3 KM 1 Listrik 1300 Rp 1.200.000.000  SHM Hadap Utara ...,1200000000.0,3.0,1.0,135.0,150.0,2026-01-01,Sukun
"Klojen, Malang","* RUMAH SIAP HUNI LUAS - AREA PULAU-PULAU, MALANG* ✨ Nyaman untuk Keluarga Besar di Lokasi Strategis  Rumah siap huni dengan ukuran luas dan tata...",1800000000.0,5.0,3.0,200.0,150.0,2026-01-01,Klojen
"Kedungkandang, Malang","Rumah 1 lantai minimalis dengan desain elegan, memadukan kenyamanan & efisiensi ruang. Lingkungan tenang, akses mudah, dan udara segar khas Kota Ma...",453000000.0,2.0,1.0,66.0,40.0,2025-12-15,Kedungkandang
"Lowokwaru, Malang",Fasilitas - 3 AC - kichen set lengkap (Modena) - water heater - CCTV  Fasum Perumahan: - One gate system - Masjid - Club House  - Kolam Renang - La...,1850000000.0,3.0,2.0,82.0,92.0,2025-12-15,Lowokwaru
"Kedungkandang, Malang","Rumah Jual Dalam Perumahan Dekat Gor Ken Arok, SMAN 6 Malang, SMP 10 Malang Madrasah Ibtidaiyah Miftahul Ulum Womokoyo, Ikan Bakar Bawean, Pasar Ga...",890000000.0,2.0,1.0,152.0,51.0,2025-12-15,Kedungkandang
"Araya, Malang",HOT LISTING RUMAH ARAYA DESAIN MODERN INDENT   DIJUAL Rumah Mewah Indent Desain Modern Elegan di Araya Malang   Spesifikasi : LT : 200 m2 LB : 260 ...,3100000000.0,5.0,5.0,200.0,260.0,2025-12-15,Blimbing
"Klojen, Malang","Rumah Siap Huni Dekat Malang City Point dan Cybermall dan dekat Jalan Raya Langsep Klojen Kota Malang  Jl Buah-buahan, Klojen  Spesifikasi: Legalit...",6500000000.0,8.0,6.0,286.0,500.0,2025-12-15,Klojen
"Klojen, Malang",Fes  JUAL RUMAH JAKSA AGUNG SUPRAPTO Muraahhhh   Hook (Pojokkan)  dgn Jl. Ketupa  LT : 607 m2 (20x30) LB  : 1212 m2 ( 2 lantai) KT 3 KM 3 Ada tempa...,12900000000.0,3.0,3.0,607.0,1212.0,2025-12-15,Klojen
"Dieng Tidar, Malang","Rumah Dijual Malang One Gate System 
 Terletak di kawasan Austin Ville
 Dekat Elpico
 Dekat Alfa
 Dekat Indomaret
 Dekat Restoran Akasia
 Dekat Cit...",1000000000.0,2.0,1.0,88.0,44.0,2025-12-15,Sukun
"Dieng, Malang",Lokasi di Puncak Dieng - Malang  Keunggulan : - Dekat dengan shopping mall - Dekat dengan pusat kuliner ternama - Dekat dengan berbagai universitas...,2400000000.0,4.0,4.0,150.0,240.0,2025-12-15,Sukun
"Klojen, Malang","Rumah Klasik di Jalan Simpang Ijen, Klojen Kota Malang  • dijual include furniture • lokasi strategis tengah kota • 2 menit dari Ijen Bouleva...",7000000000.0,4.0,4.0,216.0,350.0,2025-12-15,Klojen
"Klojen, Malang",Dijual Rumah Klasik Kolonial di Daerah Jalan Gunung-Gunung Klojen Malang   Bangunan dan keramik original Kuda kuda full kayu jati Bangunan dari tah...,20000000000.0,4.0,3.0,937.0,500.0,2025-12-15,Klojen
"Klojen, Malang","Keunggulan: 1. Lingkungan Asri , Nyaman dan Tenang   2. View Menajubkan , Suasana Sejuk  3. Keamanan 24 Jam  4. Bangunan Bagus , Terawat 5. Akses J...",16500000000.0,9.0,7.0,738.0,622.0,2025-12-15,Klojen
"Merjosari, Malang","Rumah 2 lantai di Merjosari, Malang.  Dijual rumah di wilayah yang nyaman dengan pemandangan Dipinggiran kota. Properti 2 lantai ini berada di ling...",1100000000.0,10.0,10.0,75.0,120.0,2025-12-15,Lowokwaru
"Lowokwaru, Malang",Dijual Rumah di Perumahan Jalan Ikan Ikan Blimbing Malang Kota Dekat Pusat Kota Malang  Spesifikasi: - Legalitas: SHM - Jumlah Lantai: 2 Lantai - L...,900000000.0,3.0,2.0,77.0,138.0,2025-12-15,Lowokwaru
"Araya, Malang","Rumah Minimalis Modern Full Furnish di Denmoza Hills, Araya, Malang  cocok untuk mahasiswa, dosen atau karyawan BINUS selangkah ke BINUS Araya deka...",850000000.0,1.0,1.0,70.0,25.0,2025-12-15,Blimbing
"Klojen, Malang","Dijual rumah bagus hanya 1 lantai,siap pakai dan terawat.Lokasi di gunung²Malang.selangkah dri jln ijen &pasar oro² dowo.  Ltnh 435 m² Lbgn 216 ...",8500000000.0,4.0,2.0,435.0,216.0,2025-12-15,Klojen
"Blimbing, Malang",LT  84 LB  54 KT  2  KM  1 Dimensi  6 x 14 Sertifikat HAK MILIK Orientasi Barat   Harga 550 Jt  More Info : Lusia - 08133648xxxx Tirta - 08113...,550000000.0,2.0,1.0,84.0,54.0,2025-12-15,Blimbing
"Lowokwaru, Malang",Fasilitas: - Ruang Keluarga - Dapur Luas + Kitchen Set - Ada Teras dalam Rumah - Halaman Lantai 2 Sangat luas Los - Tandon Air  Selling Point : ✅...,1100000000.0,3.0,2.0,127.0,180.0,2025-12-15,Lowokwaru
"Lowokwaru, Malang",Dijual Rumah Siap Huni Selangkah dari Raya Suhat di daerah Saxophone Lowokwaru Kota Malang  Spesifikasi - Legalitas: Sertifikat hak milik (SHM) - L...,1000000000.0,2.0,1.0,126.0,80.0,2025-12-15,Lowokwaru
"Araya, Malang","TURUN HARGA BANYAK ‼️  Dijual Rumah Mewah Terawat di Araya Boulevard, Blimbing Malang   Rangka atap baja Rank kayu jati Genteng Kanmuri Kusen m...",5800000000.0,3.0,3.0,400.0,340.0,2025-12-15,Blimbing
"Klojen, Malang","Rumah Dijual Malang LOKASI DI LINGKUNGAN PEJABAT DAERAH CUKUP ASRI DAN ELIT  DEKAT DENGAN
 - MALL
 - BANK
 - SEKOLAH
 - PUJASERA
 - KAMPUS UNMER
 -...",3250000000.0,6.0,4.0,313.0,240.0,2025-12-15,Klojen
"Klojen, Malang","(RKS347) - Lokasi Strategis Di Tengah Kota Malang - ⁠Hanya 1 Menit Ke Jalan Besar Ijen - Dekat Ke Banyak Rumah Sakit, MOG, Jalan Pahlawan Trip Dl...",8000000000.0,6.0,5.0,427.0,350.0,2025-12-15,Klojen
"Blimbing, Malang","Rumah Dijual Malang lokasi perumahan di tengah kota malang,dekat dengan
 - lokasi di tengah kota malang
 - dekat bandara malang
 - dekat plaza mall...",1100000000.0,4.0,2.0,140.0,140.0,2025-12-15,Blimbing
"Araya, Malang",Rumah luas di daerah Araya dekat dengan kampus Binus dekat dengan Persada Hospital dekat dengan Plaza Araya dekat dengan fasilitas umum SHM (liv),4200000000.0,3.0,2.0,240.0,200.0,2025-12-15,Blimbing
"Lowokwaru, Malang","Rumah Mojolangu Lowokwaru Malang Jual Murah B.u Poll Dkt Suhat Dkt Ub wa.me/628517955xxxx  Spek: - LT 234 m , Lb 330 m (Bangunan 2 lantai) - K Tidu...",2600000000.0,4.0,3.0,234.0,330.0,2025-12-15,Lowokwaru
"Klojen, Malang","DIJUAL Rumah Semi Furnished (Perabot yang Nempel) Dekat Univ. Widya Karya, SMA Dempo, Santa Maria 2, Alfamart, Indomaret, Transmart, Perpustakaan U...",7000000000.0,14.0,7.0,384.0,500.0,2025-12-15,Klojen
"Kedungkandang, Malang","Ada kamar mandi dalam, include kitchrn set, wardrobe, bathup, ac",1150000000.0,3.0,2.0,135.0,135.0,2025-12-15,Kedungkandang
"Klojen, Malang","DIJUAL Rumah Lokasi Strategis Dekat Sekolah Kalam Kudus Area Perumahan Elite, One Gate System Juga Dikelilingi Area Kampus Ternama  Spesifikasi : S...",2600000000.0,3.0,2.0,135.0,58.0,2025-12-15,Klojen
"Blimbing, Malang","DIJUAL RUMAH MINIMALIS – JL. IKAN PIRANHA, BLIMBING – MALANG   Lokasi Sangat Strategis Dekat Terminal Arjosari & Exit Tol Karanglo Dekat Kampus...",700000000.0,2.0,1.0,84.0,70.0,2025-12-15,Blimbing
"Madyopuro, Malang","Rumah Jual Selangkah ke Tol Malng Kota Akses Hanya Beberapa Menit Ke Pasar Tradisional dan Supermarket Dekat Sekolahan, Kampus UM II Lingkungan Nya...",530000000.0,3.0,1.0,65.0,70.0,2025-12-15,Kedungkandang
"Kedungkandang, Malang","Kesempatan terbatas buat Anda dapatkan rumah strategis dengan return investasi tinggi di Kedungkandang, Malang.  Rumah ini menawarkan kelengkapan f...",599000000.0,2.0,1.0,90.0,70.0,2025-12-15,Kedungkandang
"Sawojajar, Malang","- Hunian nyaman - Bangunan baru dan terawat - Daerah Sawojajar - Semi furnished (Kitchen Set, Lemari TV, Dispenser dan 2 Unit AC) - Ada rooftop - S...",1200000000.0,2.0,1.0,96.0,57.0,2025-12-15,Blimbing
"Sawojajar, Malang","Rumah Dijual Malang rumah dijual didaerah perumahan sawojajar dekat dengan :
 - bank bank
 - exit tol sawojajar
 - superindo
 - ace hardware
 - sek...",2600000000.0,4.0,3.0,406.0,250.0,2025-12-15,Blimbing
"Lowokwaru, Malang","Rumah di Lowokwaru.  Dapatkan rumah 1 lantai yang asri ini,  dijual dengan pemandangan asri yang menambah nilai estetika di lingkungan hunian. Ruma...",2500000000.0,3.0,3.0,309.0,250.0,2025-12-15,Lowokwaru
"Lowokwaru, Malang",ASET YG BISA MENGHASILKAN PULUHAN JUTA PER BULAN  Dijual rumah area prime bunga - bunga suhat Malang!!   Cocok banget untuk tempat tinggal ataupun ...,3500000000.0,5.0,4.0,193.0,230.0,2025-12-15,Lowokwaru
"Lowokwaru, Malang","Dijual Rumah Baru Gress 2 Lantai Siap Huni Jalan Ikan Ikan, Lowokwaru Malang  Ready ada 2 unit jejer sama persis 500 Meter dari Hwaind 5 Menit ke A...",1250000000.0,3.0,2.0,87.0,92.0,2025-12-15,Lowokwaru
"Sukun, Malang","Rumah bergaya minimalist modern di Sukun.  Miliki rumah 3 lantai yang nyaman ini,  dijual dengan pemandangan indah yang menambah nilai estetika di ...",2000000000.0,5.0,3.0,135.0,180.0,2025-12-15,Sukun
"Blimbing, Malang","Rumah Dijual Malang Rumah 2 lantai, masih baru, full  furnished, style modern minimalis, perumahan eksklusif Graha Kencana Malang.
 
 Fasilitas:
 �...",2970000000.0,4.0,4.0,170.0,240.0,2025-12-15,Blimbing
"Blimbing, Malang","Dekat ABM, lingkungan aman dan nyaman, cocok untuk keluarga",2700000000.0,4.0,1.0,257.0,143.0,2025-12-15,Blimbing
"Araya, Malang","Rumah For Sell Malang rumah di araya lokasi dekat dengan 
 - binus universitas
 - ombe coffee
 - superindo
 - rumah sakit persada
 - exit toll sing...",3500000000.0,5.0,5.0,183.0,260.0,2025-12-15,Blimbing
"Klojen, Malang","Ada halaman belakang, lingkungan aman dan nyaman, dekat fasum",2500000000.0,2.0,3.0,317.0,289.0,2025-12-15,Klojen
"Lowokwaru, Malang","PENGEN CEPET LAKU TURUN 100 JUTA   Dijual rumah mewah terawat di jalan bunga-bunga, Lowokwaru, Malang",3400000000.0,4.0,3.0,350.0,350.0,2025-12-15,Lowokwaru
"Sawojajar, Malang","Bangunan terawat, ada musholla",800000000.0,4.0,1.0,103.0,100.0,2025-12-15,Blimbing
"Araya, Malang","Dijual Rumah Cantik di Araya, 5 Menit ke Gerbang Tol Singosari, Lokasi Strategis, Cocok Untuk Investasi, Lingkungan Hijau dan Bebas Polusi  Alamat ...",1270000000.0,3.0,2.0,120.0,75.0,2025-12-15,Blimbing
"Oro-Oro Dowo, Malang","Rumah Dijual Malang Rumah dijual 1 1/2 lantai, siap huni, di tengah kota Malang, Oro Oro Dowo, Malang Kota.
 
 Fasilitas:
 • Kamar tidur 6+1
 •...",14000000000.0,6.0,4.0,685.0,685.0,2025-12-15,Klojen
"Sukun, Malang",HOT LISTING RUMAH CANTIK JANTi  DIJUAL Rumah Cantik T-Junction di Janti  Sukun Malang  Spesifikasi : LT : 127 m2 LB : 110 m2 Dimensi : 8 x 15 Lanta...,1700000000.0,2.0,2.0,127.0,110.0,2025-12-15,Sukun
"Dieng, Malang","Dapatkan rumah 1 lantai yang asri ini,  dijual dengan pemandangan asri yang menambah nilai estetika di lingkungan hunian. Rumah ini berada di wilay...",3000000000.0,5.0,4.0,340.0,316.0,2025-12-15,Sukun
"Dieng, Malang","Spesifikasi: Angsuran 3 jutaan udah dapet rumah 2 lantai yang halaman belakangnya bisa dikembangin lagi  Lokasinya oke banget, selangkah dari Cyber...",710000000.0,2.0,1.0,72.0,47.0,2025-12-15,Sukun
"Kedungkandang, Malang","Rumah Furnished, Minimalis Modern Lokasi Citra Garden City  Bangunan bagus dan terawat  Lokasi dekat ke - exit tol ki ageng gribig - kawasan sawoja...",2500000000.0,5.0,5.0,180.0,186.0,2025-12-15,Kedungkandang
"Kedungkandang, Malang",Rumah modern dengan desain efisien dan lokasi terbaik di Kota Malang. Dibangun untuk Anda yang mencari keseimbangan antara kenyamanan dan nilai inv...,453000000.0,2.0,1.0,66.0,40.0,2025-12-15,Kedungkandang
"Lowokwaru, Malang","DIJUAL RUMAH HUNIAN – LOKASI STRATEGIS LOWOKWARU, MALANG ✨  Alamat: Jl. Ikan-Ikan, Lowokwaru, Kota Malang",1800000000.0,4.0,2.0,390.0,200.0,2025-12-15,Lowokwaru
"Kedungkandang, Malang",Promo Akhir tahun Rumah Murah Buring Malang Kota  Mepet citra garden  - Type 36/66 harga 400 juta(1 lantai) - Type 65/66 harga 650 juta (2 lantai) ...,650000000.0,2.0,2.0,66.0,65.0,2025-12-15,Kedungkandang
"Dieng Tidar, Malang","Rumah DIJUAL Di Panorama Dieng Kawasan dieng, cuma 2 menit ke Unmer dan Cyber Mall. Sedang proses renovasi. Akses ke tengah kota, MOG, alun-alun  S...",700000000.0,2.0,1.0,73.0,59.0,2025-12-15,Sukun
"Sawojajar, Malang",Harga Murah Rumah Siap Huni Lokasi Sawonajar 2  Malang  LT 149m² ±(7x21)  LB 148m² KT 4 KM 1 Listrik 1300W+Air PDAM Legalitas SHM Harga 960jt Ne...,960000000.0,4.0,1.0,149.0,148.0,2025-12-15,Blimbing
"Araya, Malang","Rumah dijual lokasi di araya, blimbing, malang strategis dekat : exit tol dan bandara, akses pusat kota, mall (plaza araya) dan rumah sakit (persad...",4500000000.0,3.0,3.0,300.0,270.0,2025-12-15,Blimbing
"Blimbing, Malang","DIJUAL RUMAH EKSKLUSIF GAYA AMERICAN CLASSIC - PANDANWANGI, BLIMBING, KOTA MALANG  Hunian elegan bergaya American Classic dengan desain mewah dan n...",995000000.0,3.0,2.0,85.0,70.0,2025-12-15,Blimbing
"Sawojajar, Malang",Harga Murah Rumah American Classic  Lokasi Sawonajar 2  Malang  LT 129m² ±(7x18)  LB 220m² ( 2 Lt ) KT 4 KM 2 Listrik 1300W+Air PDAM Legalitas S...,1100000000.0,4.0,2.0,129.0,220.0,2025-12-15,Blimbing
"Lowokwaru, Malang",Dijual Rumah Istimewa jalan Ikan Ikan kota Malang   Spesifikasi : Jenis surat: SHM Tahun renov: 2022 LT : 144m² LB : 260m²  Listrik 3.500 PDAM 5 ...,1500000000.0,5.0,4.0,144.0,260.0,2025-12-15,Lowokwaru
"Dieng Tidar, Malang","Rumah For Sell Malang Perumahan Dieng dengan suasana asri dan one gate system
 Dekat ke Villw Puncak Tidar
 Dekat UB
 Dekat Masjid
 Dekat Indomaret...",1650000000.0,3.0,2.0,204.0,150.0,2025-12-15,Sukun
"Blimbing, Malang","Dijual Hunian Strategis di Jantung Kota Malang Daerah Blimbing. Akses Mudah, Dekat ABM, Widyagama, Sekolah Hwa Ind, Pasar Blimbing  Alamat : Candi ...",1800000000.0,3.0,2.0,204.0,150.0,2025-12-15,Blimbing
"Lowokwaru, Malang","Rumah Pojok Siap Huni Fully Furnished Dekat SD, SMP & SMA Sabilillah di Jl Ikan-ikan Lowokwaru Kota Malang  Spesifikasi Legalitas : Sertifikat Hak ...",1850000000.0,3.0,2.0,90.0,130.0,2025-12-15,Lowokwaru
"Sukun, Malang","Dijual Rumah Modern Baru 1,5 Lantai Plus Mezzanine Full Perabot di Klayatan Sukun Kota Malang*  _Note : Sedang progres bangun_  Spesifikasi: -Legal...",955000000.0,3.0,2.0,80.0,105.0,2025-12-15,Sukun
"Araya, Malang","Dijual Rumah Modern Terawat 2 lantai di Cluster Golf, Araya, Malang  ✅️ samping rumah terdapat fasum ruang terbuka hijau ✅️ row jalan lebar...",2600000000.0,3.0,2.0,300.0,200.0,2025-12-15,Blimbing
"Araya, Malang","Dijual rumah minimalis full furnish di Brassia Hills, Araya, Malang  ✅️ dekat dengan kafe² kopi terkenal mulai Ombe Koffie, 1/15, Araya Arcade...",1600000000.0,3.0,1.0,144.0,84.0,2025-12-15,Blimbing
"Araya, Malang",- ⁠Hadap Timur & Utara - ⁠Bangunan 2.5 Lantai - ⁠Dapur Bersih + Kotor - ⁠Mini Bar + Ruang Makan - ⁠Area Laundry + Ruang Setrika  Selling ...,8500000000.0,4.0,3.0,342.0,500.0,2025-12-15,Blimbing
"Sukun, Malang","*Rumah Minimalis Mewah Baru Gress Furnish + Elektronik Di Sukun, Malang*  * Desain interior & exterior elegan, mewah  * Fully Furnished + Elektroni...",875000000.0,2.0,1.0,87.0,87.0,2025-12-15,Sukun
"Polowijen, Malang","DIJUAL CEPAT - TURUN HARGA!  Rumah Minimalis Siap Huni - Polowijen, Blimbing Malang  Butuh cepat laku, harga sudah turun besar!  Lokasi: Perumahan ...",495000000.0,2.0,1.0,93.0,50.0,2025-12-15,Klojen
"Blimbing, Malang",Rumah Konsep Landed Apartment M-House The Araya Malang  • ⁠1 menit ke kampus Binus • ⁠dekat bandara Abd Saleh • ⁠5 menit ke pintu tol P...,400000000.0,1.0,2.0,13.0,27.0,2025-12-15,Blimbing
"Oro-Oro Dowo, Malang","Rumah For Sell/rent Malang lokasi strategis lingkungan elit. cocok u cafe  ,dekat dg pasar,cafe cafe,resto, gereja, dekat dg ijen boulevard kawasan...",25000000000.0,6.0,3.0,651.0,300.0,2025-12-15,Klojen
"Dieng, Malang",Rumah minimalis  lokasi Dieng dimensi LT 7 x 14 dimensi LB 7 x 10 ada mezzanine air sumur plus PDAM SHM (indr),1250000000.0,2.0,2.0,98.0,70.0,2025-12-15,Sukun
"Klojen, Malang","Dijual Rumah Klasik 2 Lantai di Daerah Pulau Pulau, Klojen Malang   LT 285m LB 400 m KT 6+1 KM 4+1 (3 KM dalam Kamar)  Listrik 3500 watt Air PDAM  ...",3800000000.0,6.0,4.0,285.0,400.0,2025-12-15,Klojen
"Sukun, Malang",RUMAH jual dijual pelabuhan tanjung perak  Dijual cepat rumah 1 lantai cantik & bagus lokasi sangat strategis harga terjangkau  MALANG SUKUN,1000000000.0,4.0,2.0,153.0,100.0,2025-12-15,Sukun
"Araya, Malang",(EAY1334) - Lokasi Hanya 3 Menit Ke Araya Club House - ⁠Denah Layout Dan Gambar Kerja Sudah Ready - ⁠Akan Terima Kondisi Finishing 100% (Kualit...,3300000000.0,5.0,4.0,200.0,251.0,2025-12-15,Blimbing
"Lowokwaru, Malang","Rumah Classic Dekat Jalan Raya Suhat, UB dan Polinema di Permata Jingga Lowokwaru Malang  Spesifikasi :  Legalitas : Sertifikat hak milik (SHM + IM...",4500000000.0,5.0,3.0,300.0,200.0,2025-12-15,Lowokwaru
"Araya, Malang","Dijual Rumah Baru Modern Minimalis - PBI Araya, Kota Malang  Hunian eksklusif di kawasan perumahan elit Araya. Desain modern minimalis dengan tata ...",1970000000.0,4.0,4.0,120.0,142.0,2025-12-15,Blimbing
"Cemorokandang, Malang","Type Firenze - Hunian 1 Lantai non Furnished  Perumahan Premium di Kota Malang, Hanya 5 Menit ke Tol Sawojajar.  Dengan Fasum yg lengkap :   Islami...",690000000.0,2.0,1.0,72.0,42.0,2025-12-15,Klojen
"Gadang, Malang","Hunian American Modern di pusat Kota Malang menghadirkan kenyamanan & prestise.  Lokasi premium nol jalan raya provinsi Gadang, akses mudah ke pasa...",430000000.0,2.0,1.0,72.0,34.0,2025-12-15,Sukun
"Araya, Malang","Dijual Rumah Mewah Siap Huni Di Perum Araya, Ada Rooftop, Row Jalan Lebar, Security 24 Jam, Dekat Exit Tol, BINUS University Dan Courtyard  Alamat ...",6500000000.0,6.0,3.0,416.0,400.0,2025-12-15,Blimbing
"Blimbing, Malang",Tentang properti ini Rumah Di Jual semi furnished di simpang grajakan pandanwangi blimbing Rumah Di Jual semi furnished di simpang grajakan pandanw...,1550000000.0,4.0,3.0,147.0,150.0,2025-12-15,Blimbing
"Klojen, Malang","Keunggulan: 1. Lingkungan Asri , Nyaman dan Tenang   2. View Menajubkan , Suasana Sejuk  3. Keamanan 24 Jam  4. Bangunan Bagus , Terawat 5. Akses J...",16500000000.0,9.0,7.0,738.0,622.0,2025-12-15,Klojen
"Dieng, Malang",RUMAH SIAP HUNI DI KOTA MALANG Jual Rumah BUKIT DIENG - Malang LT 450 LB 400 KT 3 KM 5 Dimensi 15 x 30 Listrik 4400 Rp 5.000.000.000  SHM Hadap Tim...,5500000000.0,3.0,5.0,450.0,400.0,2025-12-15,Sukun
"Araya, Malang","TERMURAH DI KELASNYA  Dijual Rumah Mewah Full Furnish di Boulevard Cluster Golf, Kota Araya Malang   Bonus view lapangan golf Lokasi aman dan nyama...",4600000000.0,4.0,4.0,375.0,500.0,2025-12-15,Blimbing
"Araya, Malang","* TURUN HARGA BANYAK ‼️  *Dijual Rumah Premium Modern Mewah di Araya Boulevard, Blimbing Malang*  * Rangka atap baja * Rank kayu jati * Genteng...",5800000000.0,3.0,3.0,400.0,340.0,2025-12-15,Blimbing
"Blimbing, Malang","Dijual Rumah Hak Bangun Istimewa di Taman Raden Intan. Lokasi strategis, harga murah, dan menarik.   Selling point: Lokasi strategis Posisi rumah h...",900000000.0,4.0,2.0,153.0,120.0,2025-12-15,Blimbing
"Araya, Malang","Rumah Jual Kondisi Bagus, Siap Huni Dekat Lapangan Golf, Kampus Binus, Cafe Kekinian Akses Mudah. Semi Furnished (TV 50 inch + backdrop, lampu gant...",3400000000.0,4.0,3.0,200.0,260.0,2025-12-15,Blimbing
"Araya, Malang",J081 dIJUAL RUMAH MEWAH DI ARAYA KOTA MALANG  LT 375  LB 418 KT 7+1  KM 8+1 Dimensi 15 x 25 Listrik 5500 SHM Hadap Barat 2 Lantai  Selling Point : ...,7800000000.0,7.0,8.0,375.0,418.0,2025-12-15,Blimbing
"Blimbing, Malang",Rumah + Tempat Usaha Luas Murah Lokasi Tenaga Utara Blimbing  Bangunan terawat dan siap huni  Lokasi dekat ke - exit tol pakis malang - bandara uda...,12000000000.0,5.0,5.0,963.0,600.0,2025-12-15,Blimbing
"Lowokwaru, Malang","✅ HARGA TURUN DRASTIS (150 JUTA), BUTUH SEGERA LAKU ‼️  ** Dijual Murah Rumah Gress Modern Minimalis di The 8 Residence, Malang **  # Lokasi ...",700000000.0,3.0,2.0,72.0,100.0,2025-12-15,Lowokwaru
"Dieng, Malang","Kesempatan terbatas buat Anda dapatkan rumah strategis dengan return investasi tinggi di Dieng, Malang.  Rumah ini menawarkan lokasi yang strategis...",1900000000.0,3.0,2.0,197.0,80.0,2025-12-15,Sukun
"Lowokwaru, Malang","Rumah Modern 2 Lantai dekat Raya Suhat UMM, Polinema & UB di Tunggulwulung Kota Malang Spesifikasi  Legalitas : Sertifikat hak milik (SHM) Luas Tan...",1500000000.0,4.0,2.0,165.0,250.0,2025-12-15,Lowokwaru
"Lowokwaru, Malang",RUMAH jual dijual perumahan royal atletik   Dijual cepat rumah cantik & bagus siap harga terjangkau MALANG LOWOKWARU,569000000.0,3.0,1.0,88.0,60.0,2025-12-15,Lowokwaru
"Sukun, Malang",- ⁠Taman belakang - ⁠Akses mobil simpangan FULL FURNISH SESUAI FOTO TINGGAL BAWA KOPER SAJA  Selling point : ✅ Security 24 Jam ✅ One Gate S...,875000000.0,2.0,1.0,87.0,87.0,2025-12-15,Sukun
"Lowokwaru, Malang",[TURUN HARGA 475JUTA BU POL]  Dijual Rumah Terawat Siap Huni area Suhat Blimbing Lowokwaru Malang Jalan Ikan Ikan Lowokwaru Malang  LT : 187 m2 LB ...,2200000000.0,2.0,2.0,187.0,190.0,2025-12-15,Lowokwaru
"Araya, Malang","Dijual Rumah Mewah Di Araya, Kondisi Siap Huni, Lingkungan Nyaman, Fasum Lengkap, Dekat BINUS University & Persada Hospital.  Alamat : PBI Luas Tan...",3500000000.0,6.0,4.0,250.0,350.0,2025-12-15,Blimbing
"Blimbing, Malang","Rumah Jual Kondisi Baru Akses Simpangan Mobil Kawasan Kuliner dan Bisnis Dekat RSIA Puri Bunda, Superindo Cocok untuk Hunian Keluarga   Spesifikasi...",2840000000.0,4.0,2.0,199.0,166.0,2025-12-15,Blimbing
"Lowokwaru, Malang","Dijual Rumah Siap Huni Dekat dari RSSA & RS Lavalette di Bantaran Lowokwaru Kota Malang 
 
 Spesifikasi 
 Legalitas : sertifikat hak milik (SHM)
 I...",980000000.0,3.0,2.0,98.0,60.0,2025-12-15,Lowokwaru
"Lowokwaru, Malang",RUMAH jual dijual jalan sarangan atas  Dijual cepat rumah di Jalan sarangan atas cantik dan bagus Siap Huni MALANG LOWOKWARU,1700000000.0,6.0,4.0,191.0,370.0,2025-12-15,Lowokwaru
"Araya, Malang","Rumah Jual Kondisi Bagus Blok Depan Perumahan Elit Araya Dekat Mall Araya dan Rumah Sakit Persada, Terminal Arjosari Cocok untuk Keluarga Mudah  Sp...",1400000000.0,3.0,1.0,119.0,45.0,2025-12-15,Blimbing
"Araya, Malang",DIJUAL RUMAH TERAWAT DAN SIAP HUNI DI ARAYA MALANG  Spesifikasi : LT                             : 200m² LB                            : 150m² KT...,2000000000.0,4.0,3.0,200.0,150.0,2025-12-15,Blimbing
"Sukun, Malang","Rumah 3 lantai di The JP Regency Sukun, Malang.  Dijual rumah di wilayah yang nyaman dengan pemandangan pegunungan. Properti 2 lantai bergaya moder...",770000000.0,3.0,2.0,78.0,130.0,2025-12-15,Sukun
"Blimbing, Malang","Rumah Jual Kondisi Baru Akses Simpangan Mobil Kawasan Kuliner dan Bisnis Dekat RSIA Puri Bunda, Superindo Cocok untuk Hunian Keluarga   Spesifikasi...",2810000000.0,4.0,2.0,192.0,169.0,2025-12-15,Blimbing
"Merjosari, Malang","Rumah hook 2 lantai di Merjosari, Malang.  For sale rumah hook di wilayah yang asri dengan pemandangan pegunungan. Properti 2 lantai bergaya minima...",975000000.0,10.0,10.0,75.0,150.0,2025-12-15,Lowokwaru
"Blimbing, Malang","Rumah Jual Kondisi Baru Akses Simpangan Mobil Kawasan Kuliner dan Bisnis Dekat RSIA Puri Bunda, Superindo Cocok untuk Hunian Keluarga   Spesifikasi...",2810000000.0,4.0,2.0,192.0,169.0,2025-12-15,Blimbing
"Lowokwaru, Malang",DIJUAL CEPAT RUMAH 2 LANTAI L DI CLUSTER KECIL YANG NYAMAN DI CENGGER AYAM LOWOKWARU MALANG  LOKASI STRATEGIS - AKSES MUDAH - LINGKUNGAN SANGAT NYA...,1370000000.0,3.0,3.0,98.0,100.0,2025-12-15,Lowokwaru
"Blimbing, Malang","Rumah Jual Kondisi Baru Akses Simpangan Mobil Kawasan Kuliner dan Bisnis Dekat RSIA Puri Bunda, Superindo Cocok untuk Hunian Keluarga   Spesifikasi...",2810000000.0,4.0,2.0,192.0,169.0,2025-12-15,Blimbing
"Araya, Malang","Rumah Jual Cluster Favorit Golf Araya Fasilitas Perumahan Lengkap Akses Mudah Kota Malang Dekat Kampus Binus, Cafe, Plaza Araya, Rumah sakit Persad...",2700000000.0,4.0,2.0,240.0,400.0,2025-12-15,Blimbing
"Klojen, Malang","*DIJUAL RUMAH PREMIUM MEWAH 8 KT DI IJEN NIRWANA RESIDENCE, MALANG*  √ LANTAI FULL GRANIT  √ PINTU FULL KAYU JATI  √ SEMI FURNISHED  ▪️Le...",5500000000.0,8.0,7.0,338.0,500.0,2025-12-15,Klojen
"Araya, Malang","Rumah Minimalis Siap Huni Di Perum Araya Cluster Jasmine Valley. Lingkungan Aman & Nyaman, Dekat Kampus BINUS, Plaza Araya, RS Persada.  Alamat : J...",950000000.0,3.0,2.0,60.0,64.0,2025-12-15,Blimbing
"Araya, Malang",RUMAH jual dijual  PBI Blok P  Dijual Rumah Di Araya Malang  MALANG ARAYA,1600000000.0,3.0,2.0,120.0,135.0,2025-12-15,Blimbing
"Lowokwaru, Malang","Dijual rumah bagus siap huni di perumahan Griya Shanta, Sukarno Hatta, Malang  Luas 126 m2 dengan dimensi 9 x 14 m Rumah memiliki 3 kamar tidur den...",1500000000.0,3.0,3.0,126.0,156.0,2025-12-15,Lowokwaru
"Dieng, Malang","Rumah Dijual Malang Jual Rumah
 Puncak Dieng Malang
 LT 240 LB 180
 KT 3 KM 1
 Dimensi 12 x 20
 Listrik 2200 Air PDAM
 Rp 1.850.000.899
 SHM
 Hadap...",1850000000.0,3.0,1.0,240.0,180.0,2025-12-15,Sukun
"Blimbing, Malang",- Selangkah ke sekolah Hwaind - ⁠3 menit ke Suhat - ⁠One gate cluster security 24 jam  LT 83 m2 LB 125 m2 Bangunan 1.5 lantai Kamar Tidur 2 Kam...,850000000.0,2.0,1.0,83.0,125.0,2025-12-15,Blimbing
"Sawojajar, Malang","Dijual Rumah Kondisi sangat terawat di Selat Sunda Sawojajar. Dekat ke area bisnis Danau Toba, Ace Ahrdware, SPBU. Lokasi tenang. Cocok untuk rumah...",1200000000.0,3.0,2.0,142.0,110.0,2025-12-15,Blimbing
"Sukun, Malang","Dijual Rumah Baru Gress Full Furnish + Elektroniknya, Siap Huni Tinggal Bawa Koper Baju",875000000.0,2.0,1.0,87.0,87.0,2025-12-15,Sukun
"Sawojajar, Malang","Turun Harga   Dijual Rumah 2 Lantai, 3 Kamar Tidur, Bonus Furnish di Grand Permata Jingga, Sawojajar Malang   Dimensi 7 x 15 m Sertifikat SHM Luas ...",2200000000.0,3.0,3.0,105.0,89.0,2025-12-15,Blimbing
"Araya, Malang",Dijual rumah minimalis modern di main road araya malang siap huni  LT 300 m2 LB 204 m2 KT 3 + 1 KM 3 + 1 SHM Listrik 2200 watt Garasi 2 mobil  Carp...,4500000000.0,3.0,3.0,300.0,204.0,2025-12-15,Blimbing
"Lowokwaru, Malang","Dijual rumah bagus 2 lantai di Lowokwaru Malang
 
 Luas 172 m2 dengan 6 kamar
 Lingkungan aman dan nyaman, dekat sekolah, kampus, jalan besar, pasa...",2600000000.0,6.0,2.0,172.0,172.0,2025-12-15,Lowokwaru
"Sukun, Malang","Dijual rumah di daerah Tidar
 
 Luas 373 m2, 2 lantai dengan 5 kamar
 Lokasi dekat kampus Universitas Brawijaya dan kampus Machung
 
 Note : Tidak ...",6200000000.0,5.0,4.0,373.0,350.0,2025-12-15,Sukun
"Klojen, Malang","Rumah Dijual Malang rumah sangat strategis jalan buah buah kota malang. Sangat dekat dengan :
 - superindo
 - bank bank
 - resto resto
 - mall city...",7000000000.0,9.0,7.0,275.0,400.0,2025-12-15,Klojen
"Lowokwaru, Malang","Turun Harga  Hemat Lebih Banyak  Dijual Cepat Rumah Minimalis Modern 2 Lantai Siap Huni ( Fully Furnished ) di Perumahan Permata Jingga, Lowokwaru ...",3000000000.0,4.0,3.0,168.0,250.0,2025-12-15,Lowokwaru
"Lowokwaru, Malang","Dijual Rumah Terawat 2,5 Lantai Fully Furnished Lokasi di Tectona Residence, Lowokwaru Kota Malang  Selling Point : Lingkungan yang nyaman, tenang ...",1000000000.0,3.0,2.0,75.0,121.0,2025-12-15,Lowokwaru
"Lowokwaru, Malang","DIJUAL Rumah dalam Perumahan Elit Selangkah Ke Pusat Bisnis dan Kuliner Suhat Dekat Kampus Ternama UB, Polinema,Widyagama,ASIA, ABM Kota Malang   S...",2300000000.0,4.0,2.0,126.0,180.0,2025-12-15,Lowokwaru
"Dieng, Malang","Turun Harga   Dijual Rumah Semi Furnish di Dieng TownHouse, Dieng Malang  Rumahnya paling depan 3 Menit ke Superindo Langsep 5 Menit ke MOG  Luas T...",2200000000.0,3.0,2.0,150.0,125.0,2025-12-15,Sukun
"Lowokwaru, Malang","Dijual rumah bagus mewah di jalan Terusan Candi Mendut Lowokwaru Malang
 
 Luas 227 m2 dengan 4 kamar tidur
 Ada fasilitas cold storage, daya listr...",3300000000.0,4.0,3.0,227.0,175.0,2025-12-15,Lowokwaru
"Kedungkandang, Malang",Rumah Bergaya Eropa Modern di Malang  Nikmati suasana hunian ala Eropa dengan tampilan klasik yang elegan. Kesan mewah dari list dinding dan balkon...,535000000.0,2.0,2.0,62.0,45.0,2025-12-15,Kedungkandang
"Sukun, Malang",DIJUAL RUMAH HOOK FULL FURNISH STRATEGIS DI SUKUN MALANG  LT 300m2 LB 287m2 kamar tidur 3+1 kamar mandi 3 Listrik 2200  SHM Air pdam garasi + carpo...,4500000000.0,3.0,3.0,300.0,287.0,2025-12-15,Sukun
"Lowokwaru, Malang","FOR SALE!!! Rumah besar dan luas terletak di kawasan bendungan-bendungan Lowokwaru. Lokasi strategis dan dekat dengan kampus ITN Sigura-gura, univ ...",6900000000.0,6.0,3.0,500.0,500.0,2025-12-15,Lowokwaru
"Kedungkandang, Malang","Rumah 2 Lantai Bergaya Modern Klasik di Kota Malang  Hunian elegan dengan desain modern klasik, memberikan kesan mewah dan berkelas. Plafon tinggi,...",535000000.0,2.0,2.0,60.0,45.0,2025-12-15,Kedungkandang
"Sawojajar, Malang","# DIJUAL RUMAH LUAS HOOK SIAP HUNI DI DANAU MANINJAU, SAWOJAJAR - MALANG #  Legalitas : SHM LT : 267 m2 LB : 300 m2 Lantai : 1,5 KT : 3 + 1 KM : 3 ...",1900000000.0,3.0,3.0,267.0,300.0,2025-12-15,Blimbing
"Araya, Malang","Dijual rumah bagus di perumahan Pondok Blimbing Indah Araya Malang  Luas 200 m2 dengan 4 kamar tidur Kondisi rumah terawat, siap huni Akses nyaman,...",2900000000.0,4.0,3.0,200.0,250.0,2025-12-15,Blimbing
"Dieng Tidar, Malang",Dijual Murah Rumah bagus dengan perabotan lengkap di Tidar Malang  LT                    : 78m² (6 x 13) LB                   : 50m² KT          ...,725000000.0,2.0,1.0,78.0,50.0,2025-12-15,Sukun
"Sukun, Malang","*DIJUAL RUMAH DESIGN KEREN SIAP HUNI DI JANTI BARAT, SUKUN KOTA MALANG*  Spesifikasi : LT : 160 m2 LB : 250 m2 Lantai : 2 KT : 4 + 1 KM : 3 + 1 Lis...",1800000000.0,4.0,3.0,160.0,250.0,2025-12-15,Sukun
"Araya, Malang","HOT PROPERTY‼️ *LUAS 435 & DI BOULEVARD ARAYA*‼️:heart_eyes::fire:  *Rumah Dijual MURAH di Pondok Blimbing Indah, Araya, Blimbing, Malang* ...",3000000000.0,4.0,3.0,435.0,220.0,2025-12-15,Blimbing
"Kedungkandang, Malang","Rumah bergaya minimalist modern di Kedungkandang.  Miliki rumah 1 lantai yang modern ini,  dijual dengan pemandangan pegunungan yang menambah nilai...",357000000.0,2.0,1.0,77.0,36.0,2025-12-15,Kedungkandang
"Tlogomas, Malang","✅️ Lokasinya sangat strategis, di samping UMM  ✅️ passive income mencapai 400 juta/tahun ✅️ fasilitas lengkap mulai wifi, alat gym, dap...",4500000000.0,26.0,27.0,106.0,224.0,2025-12-15,Lowokwaru
"Klojen, Malang","✅️ posisi hook, semi furnished ✅️ bangunan masih kokoh ✅️ 3 menit ke MCP dan Cyber Mall ✅️ Selangkah ke Unmer Dieng Malang, cocok b...",6000000000.0,4.0,3.0,499.0,350.0,2025-12-15,Klojen
"Araya, Malang",*DIJUAL RUMAH MODERN FULL FURNISHED DI GREENWOOD GOLF ARAYA - MALANG*  * FULLY  FURNISHED + AC 5 unit      (Semuanya kondisi BARU GRESS)  * ME...,4900000000.0,3.0,3.0,240.0,322.0,2025-12-15,Blimbing
"Blimbing, Malang",LT : 187 m2 LB : 190 m2 Dimensi 11 x 17 Bangunan 1.5 lantai Kamar tidur : 2+2 Kamar mandi : 2 Listrik : 1300W Air : PDAM + sumur Legalitas : SHM on...,2200000000.0,2.0,2.0,187.0,190.0,2025-12-15,Blimbing
"Sawojajar, Malang","*TURUN HARGA 100 JT* (PEMILIK INGIN SEGERA TERJUAL)   Dijual Cepat Rumah Full Furnish Terawat Siap Huni di Sawojajar, Malang*  Spesifikasi : - Lega...",1050000000.0,3.0,3.0,135.0,200.0,2025-12-15,Blimbing
"Lowokwaru, Malang","RUMAH 2 LANTAI, 6 KT, STRATEGIS DI LOWOKWARU Jual Rumah BUNGA BUNGA - Malang LT 225 LB 450 KT 6 KM 4 Dimensi 15 x 15 Listrik 1300 Rp 4.000.000.000 ...",4000000000.0,6.0,4.0,225.0,450.0,2025-12-15,Lowokwaru
"Araya, Malang","Rumah Mewah di  Araya Malang  Inilah hunian impian di kawasan premium Araya - lingkungan tenang, bersih, dan prestisius. Desain megah, halaman luas...",7500000000.0,5.0,3.0,450.0,600.0,2025-12-15,Blimbing
"Blimbing, Malang",Rumah Minimalis Bangunan 2 Lantai Lokasi Daerah Candi-Candi Blimbing  Bangunan terawat dan siap huni  Lokasi dekat ke : - kampus abm - kampus widya...,1800000000.0,6.0,2.0,202.0,202.0,2025-12-15,Blimbing
"Sukun, Malang","Rumah Full Furnished Bagus 2 Lantai Lokasi Di Bukit Dieng  Bangunan terawat dan siap huni, masih ada halaman belakang  Lokasi dekat ke : - kampus u...",3200000000.0,6.0,8.0,300.0,450.0,2025-12-15,Sukun
"Cemorokandang, Malang","Rumah bergaya minimalist modern di Cemorokandang.  Miliki rumah 1 lantai yang nyaman ini,  dijual dengan pemandangan permukiman warga yang menambah...",950000000.0,2.0,2.0,116.0,112.0,2025-12-15,Klojen
"Araya, Malang",RUMAH jual dijual perumahan pondok blimbing indah araya  Dijual cepat rumah 2 lantai cantik & bagus modern harga sangat terjangkau  MALANG ARAYA,3100000000.0,4.0,3.0,200.0,300.0,2025-12-15,Blimbing
"Blimbing, Malang","Rumah Siap Huni Jual Dekat Pusar Perbelanjaan, Univ Brawijaya, Polinema, Asia, ABM, Widyagama, Kawasan Suhat dan Rumah Sakit Akses Mudah dan Bisa S...",750000000.0,2.0,1.0,77.0,70.0,2025-12-15,Blimbing
"Kedungkandang, Malang","Dijual 2 unit rumah bagus minimalis modern perumahan Grand Mumtaz, Buring, Malang
 
 Rumah memiliki 2 kamar tidur, cocok untuk hunian keluarga keci...",650000000.0,2.0,1.0,80.0,45.0,2025-12-15,Kedungkandang
"Lowokwaru, Malang","Dijual rumah bagus daerah Lowokwaru Malang  Luas 98 m2 dengan lebar 7 m Rumah memiliki 3 kamar tidur dengan 2 lantai Akses jalan mudah, fasilitas p...",950000000.0,3.0,2.0,98.0,145.0,2025-12-15,Lowokwaru
"Klojen, Malang","Dijual Rumah 2 Lantai pinggir jalan raya Pakis. Dekat dengan Waterpark Taman Gangsar, Puskesmas Pakis, SMPN 1 Pakis, dan Pasar Pakis, serta exit To...",1750000000.0,3.0,2.0,84.0,140.0,2025-12-15,Klojen
"Sukun, Malang","Dijual Rumah Premium di Boulevard Perumahan Istana Dieng, Sukun Kota Malang  Hanya berjarak 20 meter ke Istana Dieng Club House  Row jalan sangat l...",15000000000.0,6.0,5.0,712.0,718.0,2025-12-15,Sukun
"Klojen, Malang","Rumah Dijual Malang lokasi rumah di kota malang sangat bagus daerah tidar dekat dengan 
 - mall mog
 - mall mcp
 - ranch market
 - superindo, alfam...",9000000000.0,5.0,4.0,515.0,1000.0,2025-12-15,Klojen
"Lowokwaru, Malang",Selling point : - 1 Menit Kampus Asia - 3 Menit Widyagama - 5 Menit Kampus UB - 5 Menit Polinema,2500000000.0,19.0,19.0,103.0,225.0,2025-12-15,Lowokwaru
"Lowokwaru, Malang",FOR SALE‼️‼️‼️‼️ Rumah cantik 2 lantai dengan kondisi bagus dan terawat yang berada di Dalam Perumahan Candi Mendut   dengan Suasan...,1350000000.0,5.0,2.0,105.0,108.0,2025-12-15,Lowokwaru
"Lowokwaru, Malang","DIJUAL Rumah Lokasi Strategis One Gate System, Row Jalan Lebar, CCTV, Lingkungan Tenang, Nyaman, Aman Dekat Kuliner Cengger Ayam, Suhat, Masjid, Ka...",1300000000.0,3.0,2.0,135.0,51.0,2025-12-15,Lowokwaru
"Klojen, Malang","Rumah Nyaman 1,5 lantai,Bangunan bagus,terawat,luas,Carport luas.Lokasi Strategis di Jalan Besar Cokroaminoto,Klojen Malang.Dekat Pasar Klojen,SMPK...",12000000000.0,5.0,3.0,553.0,233.0,2025-12-15,Klojen
"Blimbing, Malang","Rumah Posisi Pojok Lokasi Tenang di Araya Dekat Terminal Arjosari, Persada, Plaza Araya, Akses Mudah Ke Tengah Kota dan Exit Tol Cocok untuk Keluar...",1500000000.0,2.0,1.0,241.0,150.0,2025-12-15,Blimbing
"Lowokwaru, Malang","RUMAH BESAR HOOK KOKOH HARGA MURAH DI GRIYASHANTA KOTA MALANG  Jual Rumah GRIYASHANTA LT 208 LB 175 KT 5 KM 2 Dimensi null Listrik 2200 Watt Rp 2,0...",2000000000.0,5.0,2.0,208.0,175.0,2025-12-15,Lowokwaru
"Gadang, Malang","Rumah American Modern di Malang Kota. Hunian siap huni dengan lokasi nol jalan raya provinsi Gadang, akses strategis dekat pasar, RS, stasiun, pusa...",430000000.0,2.0,1.0,72.0,34.0,2025-12-15,Sukun
"Klojen, Malang","DIJUAL Rumah Lokasi Strategis Dekat Sekolah Kalam Kudus Area Perumahan Elite, One Gate System Juga Dikelilingi Area Kampus Ternama  Spesifikasi : S...",2600000000.0,3.0,2.0,135.0,58.0,2025-12-15,Klojen
"Dieng Tidar, Malang","Rumah Baru1,5 lantai,lokasi premium di Dieng,desain mewah,harga terjangkau,one gate system,aman,nyaman .Dekat dengan berbagai Kampus ternama,sekola...",1750000000.0,3.0,2.0,196.0,160.0,2025-12-15,Sukun
"Sawojajar, Malang","Dijual Rumah Kondisi sangat terawat di Selat Sunda Sawojajar. Dekat ke area bisnis Danau Toba, Ace Ahrdware, SPBU. Lokasi tenang. Cocok untuk rumah...",1200000000.0,3.0,2.0,142.0,110.0,2025-12-15,Blimbing
"Sawojajar, Malang","Rumah 1 lantai di Sawojajar, Malang.  For sale rumah di wilayah yang tenang. Properti 1 lantai ini berada di lingkungan strategis.  Rinciannya adal...",1000000000.0,3.0,2.0,250.0,90.0,2025-12-15,Blimbing
"Dieng, Malang","Rumah di Dieng.  Dapatkan rumah 2 lantai yang asri ini,  dijual dengan pemandangan indah yang menambah nilai estetika di lingkungan hunian. Rumah i...",2100000000.0,6.0,2.0,236.0,300.0,2025-12-15,Sukun
"Araya, Malang","Rumah Jual Area Dalam Perumahan Elit Pintu dan Jende;a dari Jati Lokasi di Blok Depan Dekat Plaza Araya, RS Persada, Terminal Arjosari, Fasilitas P...",1750000000.0,3.0,2.0,172.0,70.0,2025-12-15,Blimbing
"Kedungkandang, Malang",RUMAH jual dijual selat Sunda  Dijual cepat Rumah selat Sunda Lesanpuro MALANG KEDUNGKANDANG,1600000000.0,4.0,6.0,120.0,220.0,2025-12-15,Kedungkandang
"Cemorokandang, Malang",:fire:‼️PRIMARY PROJECT CEMOROKANDANG INSIDE‼️:fire:  DIJUAL Rumah Cantik (Indent) 2 Lantai Harga Mulai 649 Jt - Bebas Semua Biaya & Banyak...,649000000.0,3.0,2.0,60.0,65.0,2025-12-15,Klojen
"Araya, Malang","Lokasi strategis  Lingkungan aman dan nyaman  Kawasan ramai  Cocok untuk tempat tinggal  Komplek Araya  Dekat rumah sakit , Universitas , dan Mall",2650000000.0,3.0,2.0,216.0,168.0,2025-12-15,Blimbing
"Blimbing, Malang","Rumah Jual Dalam Perumahan Cluster Tenang dan Nyaman Dekat Kuliner Sulfat, Exit Tol Malang Kota. Semi Furnished  Spesifikasi : Sertifikat : SHM  Lu...",1800000000.0,4.0,2.0,222.0,190.0,2025-12-15,Blimbing
"Sawojajar, Malang","FOR SALE!!! Rumah Bagus dan terawat terletak di lokasi yang strategis di Sawojajar 1, dan dekat dengan Pusat Kuliner Sawojajar 1, Pasar sawojajar, ...",850000000.0,1.0,1.0,135.0,110.0,2025-12-15,Blimbing
"Blimbing, Malang","Rumah Jual One Gate System Akses Mudah Bisa Sisipan 2 Mobil Akses Hanya Beberapa Menit ke Jalan Poros S. Parman Sekolahan, Rumah Sakit, Puskesmas, ...",1350000000.0,3.0,2.0,89.0,124.0,2025-12-15,Blimbing
"Blimbing, Malang","Rumah Kawasan Elit, Baru Renovasi Dalam Perumahan Elit Araya Fasilitas Umum Lengkap Dekat Kampus Binus, Ombe Coffe Cocok untuk Keluarga Muda  Spesi...",2250000000.0,3.0,2.0,120.0,98.0,2025-12-15,Blimbing
"Lowokwaru, Malang","DIJUAL Ruang Usaha Cafe Aktif Daerah Kuliner Sudimoro Akses Jalan Lebar Lokasi Strategis Ramai Area Parkir Luas Dekat Kampus UB, ASIA, Perumahan Pe...",3200000000.0,1.0,2.0,277.0,200.0,2025-12-15,Lowokwaru
"Merjosari, Malang","Rumah Jual 3 Unit dalam 1 Lokasi  Suasana Asri Pegununan Dekat Thursing Islamic Boarding School, Univ Gajayana, UIN, Unisma, Perum VBT, Cafe   Spes...",3250000000.0,10.0,8.0,251.0,350.0,2025-12-15,Lowokwaru
"Lowokwaru, Malang","Rumah Jual 2 Lantai Siap Huni, Lingkunga Tenang, One Gate System, 10 Menit ke Suhat, 15 Menit ke Univ. Brawijaya, Polinema, ABM, Kampus ASIA   Spes...",925000000.0,2.0,1.0,72.0,120.0,2025-12-15,Lowokwaru
"Lowokwaru, Malang",Rumah Kawasan Sudimoro dekat Area Perkopian Selangkah Menuju Zona Futsal dan Badminton Dekat Kampus Brawijaya Area Soekarno Hatta Cocok untuk Bisni...,2300000000.0,3.0,2.0,162.0,162.0,2025-12-15,Lowokwaru
"Blimbing, Malang","Rumah Kondisi Siap Huni One Gate System Dekat RSSA, Terminal Arjosari,Pusat Kota, Kawasan Kuliner dan Bisnis Sulfat Posisi Hook Cocok untuk Keluarg...",1900000000.0,3.0,2.0,215.0,200.0,2025-12-15,Blimbing
"Lowokwaru, Malang",*DIJUAL RUMAH MINIMALIS BARU GRESS DI TASIK MADU*   LT 61 m2 LB 120 m2  KT 4 KM 2 carport  SHM Listrik 1300 watt Air PDAM  Smart Door Atap Baja rin...,810000000.0,4.0,2.0,61.0,120.0,2025-12-15,Lowokwaru
"Sukun, Malang","Dijual Rumah Kawasan Tidar, Dekat Sekolah Charis, Dekat Masjid, Dekat Elpico Mall, Dekat Kampus Unmer, UB, Ma Chung Kota Malang  Kawasan Tenang & N...",1000000000.0,2.0,2.0,92.0,74.0,2025-12-15,Sukun
"Klojen, Malang","DIJUAL Rumah dengan 2 Bangunan Bersebelahan Daerah Rampal Celaket Kondisi Sangat Tenang, Lokasi Strategis Tengah Kota Malang  Spesifikasi : Sertifi...",2000000000.0,6.0,2.0,238.0,200.0,2025-12-15,Klojen
"Sawojajar, Malang","Dijual Rumah Di Daerah Sawojajar, Bisa Untuk Tempat Tinggal Plus Usaha, Area Ramai Dekat Pusat Kuliner Dan Perbelanjaan, SuperIndo & POM Bensin  Al...",975000000.0,2.0,2.0,133.0,100.0,2025-12-15,Blimbing
"Lowokwaru, Malang","DIJUAL Rumah Lokasi Strategis One Gate System, Row Jalan Lebar, CCTV, Lingkungan Tenang, Nyaman, Aman Dekat Kuliner Cengger Ayam, Suhat, Masjid, Ka...",1300000000.0,3.0,2.0,135.0,51.0,2025-12-15,Lowokwaru
"Lowokwaru, Malang","DIJUAL Rumah Terawat Bangunan 2 Lantai Siap Huni Area Lowokwaru Malang - Dekat Sekolah Hwa Ind, Kampus Widiyagama, Polinema, Kampus Brawijaya - Pas...",2000000000.0,3.0,2.0,108.0,108.0,2025-12-15,Lowokwaru
"Cemorokandang, Malang",Promo Rumah Murah The Ariana Land Temboro Cemorokandang Malang Kota  hunian nyaman di kota Malang dengan harga terjangkau dengan desain exclusive S...,250000000.0,2.0,1.0,60.0,25.0,2025-12-15,Klojen
"Blimbing, Malang","Rumah Jual Area Strategis Lingkungan Nyaman, Asri, Tenang Akses Mudah Dekat Araya, Exit Tol, Stasiun Cocok untuk Keluarga atau Usaha   Spesifikasi ...",2250000000.0,5.0,1.0,150.0,126.0,2025-12-15,Blimbing
"Lowokwaru, Malang","DIJUAL Rumah Nyaamn dan Asri, Lingkungan Tenang Dekat Masjid, Kampus Polinema, Univ.Brawijaya, Selangkah Dengan Kawasan Ramai Dewandaru    Spesifik...",5000000000.0,5.0,5.0,343.0,540.0,2025-12-15,Lowokwaru
"Lowokwaru, Malang","Rumah Siap Huni Lingkungan Nyaman, Aman, Tenang Lokasi Dekat Pusat Kuliner dan Bisnis Soekarno Hatta, Kampus Brawijaya, Polinema, ASIA, Rumah Sakit...",1250000000.0,3.0,1.0,157.0,100.0,2025-12-15,Lowokwaru
"Lowokwaru, Malang","Rumah JUAL Akses ke Kampus Brawijaya, Polinema dan Kampus Ternama Lainnya. Row Jalan Lebar (2 Mobil) Dekat Kawasan Soehat, SMAN 7, Rumah Sakit, Kli...",825000000.0,2.0,2.0,74.0,54.0,2025-12-15,Lowokwaru
"Blimbing, Malang","DIJUAL Rumah Dalam Perumahan One Gate System, Nyaman, Tenang, Asri, Dekat Terminal Arjosari, Perum Araya, Akses Mudah Kota Malang   Spesifikasi : S...",1250000000.0,4.0,1.0,126.0,120.0,2025-12-15,Blimbing
"Lowokwaru, Malang","Rumah di Lowokwaru.  Temukan rumah 1 lantai yang nyaman ini,  dijual dengan pemandangan indah yang menambah nilai estetika di lingkungan hunian. Ru...",1750000000.0,2.0,1.0,157.0,100.0,2025-12-15,Lowokwaru
"Lowokwaru, Malang","Dijual Rumah Full Furnished, View Bagus, Dekat Kampus UB,UMM,Polinema,Widyagama,ASIA, Dekat Kuliner Suhat dan Sudimoro Kota Malang  Spesifikasi ; S...",570000000.0,2.0,1.0,80.0,64.0,2025-12-15,Lowokwaru
"Blimbing, Malang","DIJUAL Rumah Kawasan Sulfat Lokasi Tenang Akses Mudah Tengah Kota Malang Dekat Ke Jalan Raya Sulfat, Kuliner Sulfat. Row Jalan Bisa 2 Mobil   Spesi...",1100000000.0,4.0,1.0,117.0,135.0,2025-12-15,Blimbing
"Kedungkandang, Malang",DIJUAL Rumah Rumah 2 Lantai Berada di Kota Madya Dekat Dengan Gor Ken Arok Dekat Pasar Gadang Kota Malang   Spesifikasi : Sertifikat : SHM Luas Tan...,650000000.0,2.0,2.0,70.0,120.0,2025-12-15,Kedungkandang
"Kedungkandang, Malang","Rumah Jual Selangkah ke Tol Malng Kota Akses Hanya Beberapa Menit Ke Pasar Tradisional dan Supermarket Dekat Sekolahan, Kampus UM II Lingkungan Nya...",530000000.0,3.0,1.0,65.0,70.0,2025-12-15,Kedungkandang
"Klojen, Malang","DIJUAL Rumah Semi Furnished (Perabot yang Nempel) Dekat Univ. Widya Karya, SMA Dempo, Santa Maria 2, Alfamart, Indomaret, Transmart, Perpustakaan U...",7000000000.0,14.0,7.0,348.0,500.0,2025-12-15,Klojen
"Blimbing, Malang","Cari hunian nyaman dan strategis di kawasan elit Kota Malang? Rumah ini berada dalam perumahan prestisius Araya, dengan keamanan 24 jam dan sistem ...",1450000000.0,3.0,2.0,170.0,120.0,2025-12-15,Blimbing
"Dieng, Malang","Dijual Rumah Siap Huni Di Perum Elite Istana Dieng, Lokasi Strategis Di Pusat Kota, One Gate System, Ada Club House, Dekat UB, UNMER, Machung.  Ala...",2750000000.0,2.0,1.0,129.0,80.0,2025-12-15,Sukun
"Lowokwaru, Malang","Segera, Wujudkan impian Anda memiliki Rumah impian keluarga bersama Green Orchid Residence - Cluster Paling Depan",2040000000.0,4.0,4.0,126.0,144.0,2025-12-15,Lowokwaru
"Lowokwaru, Malang","Dijual Rumah Full Furnished, View Bagus, Dekat Kampus UB,UMM,Polinema,Widyagama,ASIA, Dekat Kuliner Suhat dan Sudimoro Kota Malang  Spesifikasi ; S...",570000000.0,2.0,1.0,80.0,64.0,2025-12-15,Lowokwaru
"Blimbing, Malang","DIJUAL Rumah Kawasan Sulfat Lokasi Tenang Akses Mudah Tengah Kota Malang Dekat Ke Jalan Raya Sulfat, Kuliner Sulfat. Row Jalan Bisa 2 Mobil   Spesi...",1100000000.0,4.0,1.0,117.0,135.0,2025-12-15,Blimbing
"Lowokwaru, Malang","DIJUAL Rumah Nyaamn dan Asri, Lingkungan Tenang Dekat Masjid, Kampus Polinema, Univ.Brawijaya, Selangkah Dengan Kawasan Ramai Dewandaru    Spesifik...",5000000000.0,5.0,5.0,343.0,540.0,2025-12-15,Lowokwaru
"Sukun, Malang","Rumah Jual Area Sukun Saat ini digunakan Sebagai Cafe Kondisi Masih Aktif, Lumayan Ramai Lokasi Strategis Dekat Banyak Usaha Kuliner (Pondok Damai,...",1500000000.0,1.0,3.0,159.0,130.0,2025-12-15,Sukun
"Sukun, Malang","DIJUAL Rumah Dalam Perumahan One Gate System Kondisi Terawat Suasana Tenang dan Nyaman Dekat Stasiun Kota Lama, Pasar Gadang   Spesifikasi : Sertif...",985000000.0,5.0,3.0,112.0,100.0,2025-12-15,Sukun
"Blimbing, Malang","TURUN HARGA LAGI, DIJAMIN PALING MURAH ‼️  Dijual Rumah Minimalis Siap Huni Di Sulfat Blimbing Kota Malang  Spesifikasi : - Legalitas SHM - ⁠...",650000000.0,2.0,1.0,105.0,75.0,2025-12-15,Blimbing
"Blimbing, Malang","Dijual Hunian Strategis di Jantung Kota Malang Daerah Blimbing. Akses Mudah, Dekat ABM, Widyagama, Sekolah Hwa Ind, Pasar Blimbing  Alamat : Candi ...",1800000000.0,3.0,2.0,204.0,150.0,2025-12-15,Blimbing
"Lowokwaru, Malang","Rumah Jual Lokasi Strategis Pinggir Jalan Utama Cocok untuk Rumah Tinggal Dekat Area Suhat, Kampus UB, Polinema, ASIA, Pusat Kuliner Suhat   Spesif...",3000000000.0,5.0,3.0,199.0,350.0,2025-12-15,Lowokwaru
"Sawojajar, Malang","TURUN HARGA ‼️  Dijual Rumah Minimalis Siap Huni Di Perum Grand Permata Jingga, Fasum Lengkap, Dekat Sekolah Permata Jingga, UM Kampus 2, Exit ...",1500000000.0,3.0,2.0,123.0,100.0,2025-12-15,Blimbing
"Araya, Malang","DIJUAL RUMAH EKSKLUSIF ARAYA MALANG - 1 MENIT KE KAMPUS BINUS  Rumah terbaik di kawasan premium Araya Malang. Hunian nyaman, modern, dan siap huni ...",1590000000.0,3.0,2.0,98.0,125.0,2025-12-15,Blimbing
"Araya, Malang","‼️ TURUN HARGA‼️  Dijual Rumah Baru Full Furnished Di Perum Araya, Desain Minimalis Modern, Kondisi Siap Huni, Row Jalan Lebar, Dekat BINUS...",3400000000.0,5.0,5.0,200.0,260.0,2025-12-15,Blimbing
"Gadang, Malang",4 menit RSUD malang 5 menit mitra 10 dan indogrosir 7 menit stasiun kota malang,430000000.0,2.0,1.0,72.0,34.0,2025-12-15,Sukun
"Araya, Malang","TURUN HARGA ‼️  Dijual Rumah Siap Huni Di Perum Elite Araya Blok Depan, Selangkah Ke Plaza Araya, SuperIndo, Starbucks. Dekat BINUS Dan Exit To...",1600000000.0,4.0,3.0,200.0,170.0,2025-12-15,Blimbing
"Araya, Malang","Dijual rumah kondisi terawat siap huni di perum Araya, fasilitas lengkap dekat Plaza Araya, Persada Hospital, BINUS dan Exit Tol Singosari.  Spesif...",1370000000.0,3.0,2.0,120.0,130.0,2025-12-15,Blimbing
"Araya, Malang","Dijual rumah siap huni di kawasan elit Perumahan Araya Malang. Selangkah Ke Plaza Araya, Persada Hospital, BINUS, dan SuperIndo.   Alamat : PBI  Lu...",1500000000.0,2.0,1.0,106.0,80.0,2025-12-15,Blimbing
"Kedungkandang, Malang",DIJUAL Rumah Rumah 2 Lantai Berada di Kota Madya Dekat Dengan Gor Ken Arok Dekat Pasar Gadang Kota Malang   Spesifikasi : Sertifikat : SHM Luas Tan...,650000000.0,2.0,2.0,70.0,120.0,2025-12-15,Kedungkandang
"Klojen, Malang","Dijual Rumah di Pusat Kota Jalan Guntur, Daerah Gunung- Gunung, Klojen Malang  Selangkah ke Raya Ijen Dekat dengan Gereja Ijen Ruang tamu dengan ge...",13500000000.0,2.0,3.0,648.0,400.0,2025-12-15,Klojen
"Blimbing, Malang","DIJUAL Rumah Dalam Perumahan One Gate System, Nyaman, Tenang, Asri, Dekat Terminal Arjosari, Perum Araya, Akses Mudah Kota Malang   Spesifikasi : S...",1250000000.0,4.0,1.0,126.0,120.0,2025-12-15,Blimbing
"Blimbing, Malang","Cari hunian nyaman dan strategis di kawasan elit Kota Malang? Rumah ini berada dalam perumahan prestisius Araya, dengan keamanan 24 jam dan sistem ...",1450000000.0,3.0,2.0,170.0,120.0,2025-12-15,Blimbing
"Klojen, Malang","DIJUAL Rumah Semi Furnished (Perabot yang Nempel) Dekat Univ. Widya Karya, SMA Dempo, Santa Maria 2, Alfamart, Indomaret, Transmart, Perpustakaan U...",7000000000.0,14.0,7.0,348.0,500.0,2025-12-15,Klojen
"Kedungkandang, Malang","DIJUAL Rumah Dekat Exit Tol Madyopuro Dekat Dengan Vellodrom, SMKN 6 Malang, Univ Wisnuwardhana SMK Telkom, SMPN 22, UM Kampus 2 Kota Malang  Spesi...",385000000.0,1.0,1.0,71.0,22.0,2025-12-15,Kedungkandang
"Blimbing, Malang","Dijual Hunian Strategis di Jantung Kota Malang Daerah Blimbing. Akses Mudah, Dekat ABM, Widyagama, Sekolah Hwa Ind, Pasar Blimbing  Alamat : Candi ...",1800000000.0,3.0,2.0,204.0,150.0,2025-12-15,Blimbing
"Araya, Malang","Rumah di Araya.  Dapatkan rumah 2 lantai yang asri ini,  dijual dengan pemandangan indah yang menambah nilai estetika di lingkungan hunian. Rumah i...",1300000000.0,5.0,3.0,135.0,150.0,2025-12-15,Blimbing
"Sawojajar, Malang","Rumah Dijual Malang Rumah terawat full furnished:
 - set meja kursi makan
 - sofa tamu
 - sofa TV
 - TV
 - kitchen set+ kompor
 - dispenser
 - 4 te...",3000000000.0,4.0,3.0,165.0,150.0,2025-12-15,Blimbing
"Blimbing, Malang","Rumah Jual Kondisi Baru Akses Simpangan Mobil Kawasan Kuliner dan Bisnis Dekat RSIA Puri Bunda, Superindo Cocok untuk Hunian Keluarga   Spesifikasi...",2840000000.0,4.0,2.0,199.0,166.0,2025-12-15,Blimbing
"Sawojajar, Malang","Rumah Dijual Malang - Perumahan Sawojajar 1
 - Akses jalan 2 mobil
 - Perumahan padat penduduk
 - Dekat dengan :
   pusat kuliner & cafe
   sekolah...",650000000.0,3.0,2.0,98.0,90.0,2025-12-15,Blimbing
"Dieng, Malang","Spesifikasi: berada di kawasan perumahan elit wilayah kotamadya Malang fasilitas perumahan : one gate system, kolam renang, club house lokasi strat...",3600000000.0,3.0,2.0,121.0,160.0,2025-12-15,Sukun
"Sawojajar, Malang","Dijual Rumah 2 Lantai Di Sawojajar 1, Kondisi Siap Huni, Akses Mobil Simpangan, Dekat Exit Tol Malang, Pasar Sawojajar, Velodrome, UM 2.  Alamat : ...",1100000000.0,3.0,1.0,121.0,124.0,2025-12-15,Blimbing
"Lowokwaru, Malang",DIJUAL RUGI RUMAH BARU HARGA DI BAWAH DEVELOPER *DI DIJUAL RUMAH BARU 2 LANTAI DEKAT KAMPUS ITN2* Tasikmadu kec. Lowokwaru kota. Malang  *spesifika...,700000000.0,3.0,2.0,72.0,65.0,2025-12-15,Lowokwaru
"Sawojajar, Malang",Lokasi strategis Lingkungan aman dan nyaman  Kawasan ramai Cocok untuk tempat tinggal,2500000000.0,5.0,3.0,126.0,120.0,2025-12-15,Blimbing
"Lowokwaru, Malang","Selling point: Full Furnished Sudah Terisi, Tinggal melanjutkan saja  Spesifikasi : Legalitas SHM & IMB on hands Hadap Selatan Legalitas SHM Luas T...",3500000000.0,18.0,15.0,83.0,332.0,2025-12-15,Lowokwaru
"Araya, Malang",Lokasi strategis Lingkungan aman dan nyaman  Kawasan ramai  Cocok untuk tempat tinggal  Perumahan Elite Malang,1800000000.0,3.0,1.0,120.0,120.0,2025-12-15,Blimbing
"Sawojajar, Malang","Rumah dijual Lokasi di sawojajar  Lokasi strategis : - Dekat exit tol - 1,5 KM ,  - Bandara Abdul rachman shaleh - 10 KM  - Dekat dengan pusat Perb...",630000000.0,2.0,1.0,90.0,70.0,2025-12-15,Blimbing
"Kedungkandang, Malang","Rumah Jual Dalam Perumahan Suasana Tenang dan Nyaman Lokasi Dekat GOR Ken Arok,  Citra Garden, Sekolah Islam Al Azhar. Juga dekat Stasiun Kota Lama...",650000000.0,2.0,1.0,110.0,54.0,2025-12-15,Kedungkandang
"Sawojajar, Malang","Rumah bergaya minimalist modern di Sawojajar.  Miliki rumah 1 lantai yang nyaman ini,  dijual dengan pemandangan indah yang menambah nilai estetika...",900000000.0,3.0,2.0,105.0,76.0,2025-12-15,Blimbing
"Merjosari, Malang","RUMAH MURAH DEKAT KAMPUS UB  Berada di joyoagung merjosari lowokwaru malang  Hunian scandinavian industrial, konsep hunian yg sangat cocok khusus a...",490000000.0,2.0,1.0,72.0,40.0,2025-12-15,Lowokwaru
"Dieng Tidar, Malang",DIJUAL RUMAH HOOK TERAWAT DI DAERAH TIDAR ATAS  LT 295 m2 LB 60 m2 KT 3 + 1 KM 1 Listrik 1300 watt token  SHM  Pdam   Dijual 1.3 M  Hubungi: Nesia ...,1300000000.0,3.0,1.0,295.0,60.0,2025-12-15,Sukun
"Lowokwaru, Malang","SPESIFIKASI : LT : 9x8M (LT 80M2 bag. belakang lebar 9M) LB : 180M2 KT 3 KM 2 Hadap Timur SHM Full furnish  Harga 1,3M Nego Ray White US",1300000000.0,3.0,2.0,80.0,180.0,2025-12-15,Lowokwaru
"Sawojajar, Malang","Dijual Rumah Di Danau - Danau Sawojajar 1, Area Ramai Padat Penduduk, Dekat Universitas Wisnuwardhana, STIBA, UM Kampus II & Exit Tol Malang.  Alam...",650000000.0,2.0,1.0,105.0,80.0,2025-12-15,Blimbing
"Blimbing, Malang",Kondsi rumah bagus Dekat sekolah Hwa Ind Dekat Universitas Brawijaya Dekat Suhat Malang,3900000000.0,11.0,5.0,333.0,500.0,2025-12-15,Blimbing
"Klojen, Malang",":fire: [UPDATE - TURUN HARGA, BUTUH CEPAT TERJUAL]  :fire: Dijual Rumah Terawat Tengah Kota Area Komersial di Klojen Malang.   Jl. Dr. Sutomo  Spes...",7950000000.0,6.0,3.0,429.0,350.0,2025-12-15,Klojen
"Sukun, Malang","Rumah Jual Perumahan One Gate System Hawa Sejuk, Aman, dan Nyaman Dekat Unikama, Terminal Gadang, SMK 11 Malang, SMK 7 Malang, Pasar Gadang, 10 Men...",650000000.0,2.0,1.0,56.0,56.0,2025-12-15,Sukun
"Kedungkandang, Malang","Row jalan lebar, lingkungan aman dan nyaman, siap huni, bangunan terawat",2100000000.0,3.0,2.0,205.0,131.0,2025-12-15,Kedungkandang
"Araya, Malang","Dijual Cepat Rumah Siap Huni Full Furnish di Araya, Malang  Harga : 1.59 M nego  Selling Point:  - Lokasi strategis cocok untuk rumah transit, home...",1590000000.0,3.0,2.0,98.0,125.0,2025-12-15,Blimbing
"Klojen, Malang",Rumah Heritage Lokasi Tengah Kota Malang Daerah Gunung - Gunung  Bangunan terawat dan siap huni  Lokasi dekat ke : - kawasan ijen boulevard - mall ...,13000000000.0,5.0,3.0,657.0,250.0,2025-12-15,Klojen
"Lowokwaru, Malang","Rumah Bagus Siap Huni Lokasi Strategis Tengah Kota Dekat Ke Soekarno Hatta, Kampus UB, Polinema, ASIA, ABM, Bebas Banjir, Lingkungan Tenang Aman da...",3000000000.0,4.0,3.0,240.0,200.0,2025-11-15,Lowokwaru
"Blimbing, Malang","Rumah Dalam Perumahan Elite, 5 Menit dari Pintu Tol Malang Lokasi Nol Jalan Poros Kota Malang Suasana Aman, Nyaman, Sejuk, 5 Menit ke Pusat Kota Ma...",1400000000.0,3.0,2.0,97.0,140.0,2025-11-15,Blimbing
"Blimbing, Malang","Rumah Jual Dalam Perumahan Cluster Tenang dan Nyaman Dekat Kuliner Sulfat, Exit Tol Malang Kota. Semi Furnished  Spesifikasi : Sertifikat : SHM  Lu...",1800000000.0,4.0,2.0,222.0,190.0,2025-11-15,Blimbing
"Araya, Malang","Rumah Jual Kondisi Bagus, Siap Huni Dekat Lapangan Golf, Kampus Binus, Cafe Kekinian Akses Mudah. Semi Furnished (TV 50 inch + backdrop, lampu gant...",3400000000.0,4.0,3.0,200.0,260.0,2025-11-15,Blimbing
"Klojen, Malang","Rumah Vintage di Area Tenang Buah-Buahan Dijual Dengan Kondisi Terawat Bangunan 1,5 Lantai Dekat Superindo, MOG, Cyber Mall  Spesifikasi : Sertifik...",3500000000.0,4.0,3.0,314.0,200.0,2025-11-15,Klojen
"Blimbing, Malang","Rumah Minimalis Cantik Area Blimbing Akses Mobil Simpangan, 50 meter dari Raya Sulfat Dekat Fasilitas Umum, Pasar Kuliner, Minimarket, Rumah Sakit ...",1390000000.0,3.0,3.0,94.0,140.0,2025-11-15,Blimbing
"Kedungkandang, Malang","Rumah Jual Lokasi Dalam Perumahan Suasaa Tenang dan Nyaman Dekat Exit Tol Sawojajar, Bandara, Stasiun Kota Baru, Universitas Negeri Malang Kampus...",800000000.0,2.0,1.0,105.0,60.0,2025-11-15,Kedungkandang
"Lowokwaru, Malang","Dijual Rumah Dekat Kampus UB, Polinema, UMM, Dekat Kuliner Suhat, Dekat Perkopian Suhat, Lingkungan Aman dan Nyaman Kota Malang  Spesifikasi ; Sert...",350000000.0,2.0,1.0,67.0,37.0,2025-11-15,Lowokwaru
"Kedungkandang, Malang","PERUM CASSAVA REGENCY  KEDUNGKANDANG MALANG  Dekat Pasar Gadang, RSUD Kota Malang, RS Ben Mari. Lingkungan Nyaman Dan Aman, Kondisi Siap Huni Sudah...",800000000.0,3.0,1.0,147.0,104.0,2025-11-15,Kedungkandang
"Araya, Malang","Dijual rumah baru di perumahan M House Araya Malang  Perumahan aman dengan one gate system,  Lokasi nyaman, dekat kampus universitas Bina Nusantara...",650000000.0,1.0,2.0,18.0,36.0,2025-11-15,Blimbing
"Klojen, Malang","Rumah Jual Lokasi Sangat Strategis Ditengah Kota Posisi HOOK Lingkungan Tenang, Nyaman, Lahan Parkir Luas Dekat MOG, Kuliner Kawi, Kuliner Langsep,...",7000000000.0,7.0,5.0,489.0,600.0,2025-11-15,Klojen
"Lowokwaru, Malang","Rumah Jual 2 Lantai Siap Huni, Lingkunga Tenang, One Gate System, 10 Menit ke Suhat, 15 Menit ke Univ. Brawijaya, Polinema, ABM, Kampus ASIA   Spes...",925000000.0,2.0,1.0,72.0,120.0,2025-11-15,Lowokwaru
"Klojen, Malang","*Lokasi strategis, second road, di tengah kota Malang  *130 Meter dari Sekolah Katolik Cor Jesu Malang  *300 Meter ke SMAK FRATERAN Malang  *450 Me...",11000000000.0,8.0,4.0,822.0,400.0,2025-11-15,Klojen
"Dieng, Malang","Rumah dalam Perumahan Kondisi Siap Huni Kawasan Tenang dan Nyaman Dekat Kampus UNMER, Cyber Mall, Kuliner Kawi Cocok untuk Tempat Tinggal Keluarga ...",1650000000.0,3.0,2.0,204.0,150.0,2025-11-15,Sukun
"Sawojajar, Malang","Rumah 2 lantai dijual Lokasi strategis karena Hanya 100 meter dari SMPN 21 Hanya 500 meter dari Pasar Madyopuro. SMAN 10, Kampus STIBA. SMK Adi Hus...",870000000.0,3.0,2.0,105.0,201.0,2025-11-15,Blimbing
"Tlogomas, Malang","Rumah bergaya minimalist modern di Tlogomas.  Miliki rumah 2 lantai yang asri ini,  dijual dengan pemandangan pegunungan yang menambah nilai esteti...",1990000000.0,3.0,2.0,75.0,132.0,2025-11-15,Lowokwaru
"Sukun, Malang","Rumah Jual Area Sukun Dapat Digunakan Sebagai Usaha Dekat Dengan Pusat Kota, Kampus Unmer, Stadion Gajayana, Pusat Perbelanjaan & Kesehatan   Spesi...",900000000.0,5.0,3.0,218.0,350.0,2025-11-15,Sukun
"Kedungkandang, Malang",Citra Garden City,900000000.0,2.0,1.0,96.0,40.0,2025-11-15,Kedungkandang
"Araya, Malang","Rumah Jual Kondisi Bagus Blok Depan Perumahan Elit Araya Dekat Mall Araya dan Rumah Sakit Persada, Terminal Arjosari Cocok untuk Keluarga Mudah  Sp...",1400000000.0,3.0,1.0,119.0,45.0,2025-11-15,Blimbing
"Sawojajar, Malang",Lokasi strategis Cocok untuk tempat tinggal Dekat dengan exit tol Sawojajar,2750000000.0,5.0,3.0,250.0,300.0,2025-11-15,Blimbing
"Blimbing, Malang","Rumah Kawasan Elit, Baru Renovasi Dalam Perumahan Elit Araya Fasilitas Umum Lengkap Dekat Kampus Binus, Ombe Coffe Cocok untuk Keluarga Muda  Spesi...",2250000000.0,3.0,2.0,120.0,98.0,2025-11-15,Blimbing
"Sukun, Malang",RUMAH jual dijual Perumahan Bandulan Asri  Dijual cepat rumah 1 1/2 Lantai Kondisi apa adanya harga terjangkau MALANG SUKUN,500000000.0,1.0,2.0,86.0,100.0,2025-11-15,Sukun
"Lowokwaru, Malang","Rumah DIJUAL di Green Orchid, Kondisi Bagus, Fully Furnished Dekat Dengan Permata Jingga, Universitas Brawijaya, Kampus ASIA, Polinema, Pasar Blimb...",2400000000.0,3.0,2.0,128.0,90.0,2025-11-15,Lowokwaru
"Blimbing, Malang",Lokasi strategis  Lingkungan aman dan nyaman  Kawasan ramai  Dekat Plaza Araya  Dekat Rumah Sakit  Termasuk perumahan Elite Malang  Banyak tempat k...,975000000.0,4.0,2.0,119.0,72.0,2025-11-15,Blimbing
"Klojen, Malang","Dijual rumah mewah di dekat kawasan Ijen Rumah berhalaman luas, ada kolam ikan dan taman Rumah memiliki 6 kamar Akses mudah, lokasi elit, dekat jal...",21000000000.0,6.0,6.0,700.0,500.0,2025-11-15,Klojen
"Lowokwaru, Malang","Rumah Perumahan One Gate System Area ikan-ikan, Security 24 Jam Akses Mudah Akses Dekat ke Berbagai Kampus Brawijaya, ABM, Widyagama, Polinema, Pus...",900000000.0,3.0,2.0,98.0,145.0,2025-11-15,Lowokwaru
"Lowokwaru, Malang",RUMAH jual dijual Perumahan Alfatih Residence  Dijual cepat Rumah perumahan Alfatih Residence MALANG LOWOKWARU,850000000.0,4.0,2.0,83.0,80.0,2025-11-15,Lowokwaru
"Blimbing, Malang","Rumah Siap Huni Dalam Perumahan Posisi HOOK Lokasi Strategis dan Akses Mudah Dekat Araya dan Terminal Arjosari, Binus  Spesifikasi : Sertifikat : S...",4700000000.0,6.0,3.0,356.0,411.0,2025-11-15,Blimbing
"Klojen, Malang","Traffic ramai, cocok untuk tempat tinggal dan tempat usaha",18000000000.0,6.0,2.0,894.0,500.0,2025-11-15,Klojen
"Lowokwaru, Malang","Rumah Jual Area Lowokwaru Dekat Kampus ABM, Widgyagama, UB, Polinema, ASIA, Sabillah, SMA Hwa Ind, Kawasan Kuliner Suhat. Furnished (Kitchen Set), ...",2049999999.0,2.0,2.0,154.0,80.0,2025-11-15,Lowokwaru
"Klojen, Malang","DIJUAL Rumah Lokasi Strategis di Simpang Ijen, Pusat Cafe/ Kuliner Dekat Kampus UM, UB, JL Besar Ijen, Poltekes, Dll Kota Malang. Saat Ini Rumah Te...",12500000000.0,5.0,2.0,611.0,400.0,2025-11-15,Klojen
"Kedungkandang, Malang","DIJUAL Rumah Dekat Exit Tol Madyopuro Dekat Dengan Vellodrom, SMKN 6 Malang, Univ Wisnuwardhana SMK Telkom, SMPN 22, UM Kampus 2 Kota Malang  Spesi...",385000000.0,1.0,1.0,71.0,22.0,2025-11-15,Kedungkandang
"Lowokwaru, Malang","DIJUAL Rumah Baru 2 Lantai Perum Green Tombro Residence Dekat Soekarno Hatta Kampus UB, Polinema, Unisma, ITN Kota Malang Full Furnish (Meja Kursi,...",995000000.0,3.0,2.0,72.0,88.0,2025-11-15,Lowokwaru
"Araya, Malang","Rumah Dijual Malang DAPUR
 PANTRY
 WATER HEATER
 CARPORT
 
 DEKAT EXIT TOL
 ROW JALAN LEBAR
 PERUMAHAN ASRI DAN TENANG
 DEKAT PUSAT PERBELANJAAN
 D...",1400000000.0,3.0,1.0,136.0,100.0,2025-11-15,Blimbing
"Dieng, Malang","Rumah Dijual Malang Rumah Baru Townhouse Dieng Langsep\r
 Dekat Pusat Kota Malang\r
 Dekat Fasilitas Umum dan Pusat Perbelanjaan\r
 Dekat Cybermall...",1600000000.0,2.0,2.0,84.0,96.0,2025-11-15,Sukun
"Kedungkandang, Malang",RUMAH jual dijual perumahan oma view atas  Dijual cepat rumah 1 lantai cantik & bagus harga sangat terjangkau MALANG KEDUNGKANDANG,650000000.0,2.0,2.0,84.0,84.0,2025-11-15,Kedungkandang
"Merjosari, Malang",RUMAH jual dijual grand alam jingga  Dijual cepat Rumah 1 lantai cantik & bagus modern siap huni harga terjangkau  MALANG MERJOSARI,1650000000.0,3.0,2.0,109.0,78.0,2025-11-15,Lowokwaru
"Klojen, Malang",RUMAH jual dijual Jalan JA soeprapto  Dijual secepatnya rumah 2 lantai cantik & bagus harga sangat terjangkau  MALANG KLOJEN,950000000.0,2.0,2.0,85.0,97.0,2025-11-15,Klojen
"Dieng, Malang","Dijual Rumah di Dieng Malang  Rumah mewah luas 255 m2, dengan 5 kamar tidur Kondisi rumah 3 lantai ini masih sangat bagus. Lokasi dekat dengan kamp...",2600000000.0,5.0,3.0,255.0,311.0,2025-11-15,Sukun
"Kedungkandang, Malang","Rumah Jual di danau Paniai I Lokasi Strategis & Murah Dekat Gerbang Tol Madyopuro, Dekat Velodrom Dekat Univ Wisnuwardhana Dekat SMP 2, Kampus UM 2...",550000000.0,3.0,1.0,105.0,36.0,2025-11-15,Kedungkandang
"Blimbing, Malang","DIJUAL Rumah Beserta Kitchen Set yang Menempel Saja Dekat Pusat Kuliner Sulfat, Puskesmas dan RSIA Puri Bunda   Spesifikasi : Sertifikat : SHM Luas...",1000000000.0,3.0,2.0,84.0,141.0,2025-11-15,Blimbing
"Kedungkandang, Malang","Rumah Jual Selangkah ke Tol Malng Kota Akses Hanya Beberapa Menit Ke Pasar Tradisional dan Supermarket Dekat Sekolahan, Kampus UM II Lingkungan Nya...",530000000.0,3.0,1.0,65.0,70.0,2025-11-15,Kedungkandang
"Sukun, Malang","Rumah Jual Area Sukun Saat ini digunakan Sebagai Cafe Kondisi Masih Aktif, Lumayan Ramai Lokasi Strategis Dekat Banyak Usaha Kuliner (Pindok Damai,...",900000000.0,1.0,3.0,159.0,130.0,2025-11-15,Sukun
"Klojen, Malang","Rumah Di Ijen Nirwana Malang Jual Rumah IJEN NIRWANA LT 250 LB 300 KT 4 KM 3 Dimensi 12 x 20.83 m2 Listrik 3500 Watt Rp 4,500,000,000 HGB Hadap Tim...",4500000000.0,4.0,3.0,250.0,300.0,2025-11-15,Klojen
"Sukun, Malang","Dijual Rumah Didalam Perumahan  yang cukup bersih, aman Berada di blok depan di jalan kembar Dekat Jalan Raya dan Poros Kota Malang    Spesifikasi ...",1800000000.0,4.0,3.0,222.0,118.0,2025-11-15,Sukun
"Sawojajar, Malang","DIJUAL Rumah 2 Lantai Dekat Superindo, ACE Hardware, Bank, Akses Tol, Pusat Kuliner Sawojajar Kota Malang.
 Full Furnish (Meja Kursi, Tempat Tidur,...",2250000000.0,3.0,3.0,127.0,250.0,2025-11-15,Blimbing
"Araya, Malang",Rumah Jual Full Furnished di Perum Elit Araya Berada di Cluster Terbaik dan Favorit di Araya Kondisi Sangat Terawat Harga Murah  Spesifikasi :  Ser...,2400000000.0,3.0,2.0,216.0,167.0,2025-11-15,Blimbing
"Lowokwaru, Malang","DIJUAL Rumah Dalam Perumahan Cluster Lingkungan Aman dan Nyaman Dekat Univ Brawijaya , Polinema, UMM, Kuliner Suhat    Spesifikasi : Sertifikat : S...",795000000.0,3.0,2.0,72.0,104.0,2025-11-15,Lowokwaru
"Araya, Malang","Rumah Jual Area Dalam Perumahan Elit Pintu dan Jende;a dari Jati Lokasi di Blok Depan Dekat Plaza Araya, RS Persada, Terminal Arjosari, Fasilitas P...",1750000000.0,3.0,2.0,172.0,70.0,2025-11-15,Blimbing
"Lowokwaru, Malang","Rumah Nyaman 1 lantai,Bangunan Luas,Terawat,Siap Huni,Kamar Tidur Luas dengan Kamar mandi dalam dan luar.Lokasi Sangat strategis,selangkah ke KALPA...",2500000000.0,3.0,2.0,320.0,200.0,2025-11-15,Lowokwaru
"Kedungkandang, Malang","Dekat tol, lingkungan nyaman dan aman",1200000000.0,2.0,1.0,186.0,50.0,2025-11-15,Kedungkandang
"Sukun, Malang","DIJUAL Rumah dalam perumahan kawasan dieng, Dekat kampus UNMER, Cyber Mall, Akses Tengah Kota suasana tenang dan nyaman Kota Malang. Bonus AC 3 & W...",1550000000.0,3.0,2.0,98.0,131.0,2025-11-15,Sukun
"Blimbing, Malang","Rumah Jual Dalam Perumahan Elit Kawasan Gunung-Gunung Klojen Suasana Tenang dan Nyaman Selangkah Ke Superindo Langsep, Cyber Mall, MCP, Kuliner Kaw...",1690000000.0,3.0,2.0,320.0,200.0,2025-11-15,Blimbing
"Araya, Malang","Rumah Jual Dalam Perumahan Elit Araya, One Gate System Fasilitas Lengkap Cluster Favorit Akses Mudah Dekat Plaza Araya, Rumah Sakit Persada, Lapang...",4500000000.0,4.0,3.0,240.0,207.0,2025-11-15,Blimbing
"Sawojajar, Malang","Rumah bergaya minimalis di Sawojajar.  Dapatkan rumah 2 lantai yang modern ini,  dijual dengan pemandangan perkotaan yang menambah nilai estetika d...",625000000.0,4.0,2.0,84.0,141.0,2025-11-15,Blimbing
"Blimbing, Malang","Rumah Jual Dekat Araya, Rumah Sakit Persada, SMPN 16 Malang, SMKN 8 Malang, Terminal Arjosari dan P4TK Vedc dan STT Atlas Nusantara   Spesifikasi :...",950000000.0,4.0,2.0,140.0,120.0,2025-11-15,Blimbing
"Lowokwaru, Malang",Rumah Green Orchid Soekarno Hatta Malang menawarkan hunian nyaman di lokasi strategis Kota Malang. Properti ini cocok bagi Anda yang mencari rumah ...,1500000000.0,2.0,1.0,90.0,60.0,2025-11-15,Lowokwaru
"Blimbing, Malang","Rumah Jual Posisi Pojokan Kondisi Istimewa Siap Huni Kawasan Tenang dan Nyaman Dekat Kuliner Sulfat, Rumah Sakit Puri Bunda Akses Mudah Tengah Kota...",2400000000.0,2.0,2.0,165.0,184.0,2025-11-15,Blimbing
"Lowokwaru, Malang","Homestay Masih Operasional Lengkap Dekat Kampus UB, Polinema, Pusat Kuliner Soekarno Hatta, Area Parkir Luas. Ada Rauang Makan 4 Meja, Ruang Tamu, ...",7800000000.0,11.0,11.0,359.0,600.0,2025-11-15,Lowokwaru
"Sawojajar, Malang","Rumah Siap Huni Lokasi Strategis Dekat Exit Tol, Bandara Abd Saleh, Sekolah SD, SMP, SMA, Kampus UM 2, Wisnu Wardhana, Pertokoan. Semi Furnished ( ...",2700000000.0,7.0,5.0,291.0,400.0,2025-11-15,Blimbing
"Lowokwaru, Malang","Rumah Jual Area Lowokwaru Dekat Kuliner Dewandaru, Pertokoan Kalpataru, Kuliner Soehat, Indomaret Fresh Akses Mudah Ke Kampus UB, Polinema, ASIA Co...",3500000000.0,4.0,3.0,308.0,200.0,2025-11-15,Lowokwaru
"Lowokwaru, Malang","Rumah Jual Lokasi Strategis Pinggir Jalan Utama Cocok untuk Rumah Tinggal Dekat Area Suhat, Kampus UB, Polinema, ASIA, Pusat Kuliner Suhat   Spesif...",3000000000.0,5.0,3.0,199.0,350.0,2025-11-15,Lowokwaru
"Sukun, Malang","Rumah Jual Dekat Kampus UNIKAMA, Pasar Sukun, Bimasakti, 10 Menit ke Alun-Alun, Pasar Besar, 15 Menit ke Univ Brawijaya  Spesifikasi : Sertifikat :...",850000000.0,3.0,1.0,102.0,90.0,2025-11-15,Sukun
"Lowokwaru, Malang","Rumah Jual Perumahan One Gate System Lingkungan Asri & Nyaman Akses Mudah Simpangan Mobil Dekat SDN Tasikmadu 2, Area Sudimoro, Kelurahan Tasikmadu...",1100000000.0,4.0,2.0,92.0,110.0,2025-11-15,Lowokwaru
"Lowokwaru, Malang","Rumah Jual Area Soehat Berada di Tengah Kota Kawasan Aman & Nyaman Kondisi Terawat Dekat SD Negeri Lowokwaru, Kuliner Soehat, Kampus UB, Polinema C...",1700000000.0,4.0,3.0,150.0,200.0,2025-11-15,Lowokwaru
"Lowokwaru, Malang",DIJUAL RUMAH SIAP HUNI FULL FURNISHED DEKAT SUHAT DI ADYNA RESIDENCE  LT 60 m2 LB 66 m2  KT 3 KM 2 Listrik 1300 watt Pdam  SHM  Water heater  Harga...,875000000.0,3.0,2.0,60.0,66.0,2025-11-15,Lowokwaru
"Klojen, Malang","Dijual rumah kondisi masih bagus di daerah Gading Kasri Malang Kota
 
 Luas 140 m2 dengan 5 kamar tidur
 Lokasi nyaman, dekat dengan berbagai fasil...",980000000.0,5.0,2.0,140.0,120.0,2025-11-15,Klojen
"Sukun, Malang","Dijual rumah bagus di kawasan Bandulan Malang
 
 Rumah memiliki 5 kamar dengan 2 lantai
 Lokasi mudah diakses, dekat Mall Olympic Garden dan Mall M...",2000000000.0,5.0,3.0,350.0,218.0,2025-11-15,Sukun
"Araya, Malang","Rumah Jual Berada di Perum Elit Lokasi Strategis, Fasilitas Lengkap Row Jalan Lebar Akses Mudah Tengah Kota Dekat Kampus Binus, Plaza Araya, Rumah ...",900000000.0,3.0,2.0,60.0,64.0,2025-11-15,Blimbing
"Kedungkandang, Malang","DIJUAL Rumah 2 Lantai Sawojajar Dekat Superindo, ACE Hardware, Bank, Akses Tol, Pusat Kuliner Sawojajar Kota Malang. Full Furnish (Meja Kursi, Temp...",2250000000.0,3.0,2.0,127.0,220.0,2025-11-15,Kedungkandang
"Lowokwaru, Malang","Rumah 2 Lantai Fully Furnished Siap Huni Dekat Ke Pusat Perkopian Sudimoro, Pusat Kuliner Soekarno Hatta, Kampus ASIA, Polinema, UB, ABM, Rumah Sak...",1100000000.0,3.0,2.0,75.0,140.0,2025-11-15,Lowokwaru
"Klojen, Malang","Selling point posisi hook, semi furnished bangunan masih kokoh 3 menit ke MCP dan Cyber Mall Selangkah ke Unmer Dieng Malang  Spesifikasi : Luas ta...",6500000000.0,4.0,3.0,499.0,350.0,2025-11-15,Klojen
"Dieng Tidar, Malang","Blok depan, row jalan lebar",1100000000.0,2.0,1.0,112.0,70.0,2025-11-15,Sukun
"Lowokwaru, Malang","Rumah JUAL Akses ke Kampus Brawijaya, Polinema dan Kampus Ternama Lainnya. Row Jalan Lebar (2 Mobil) Dekat Kawasan Soehat, SMAN 7, Rumah Sakit, Kli...",885000000.0,2.0,2.0,74.0,54.0,2025-11-15,Lowokwaru
"Lowokwaru, Malang","Dijual rumah bagus di perumahan Sukarno Hatta Malang
 
 Rumah posisi hook
 Luas 291 m2 dan memiliki 3 kamar tidur
 Kondisi sangat terawat, siap hun...",4099999999.0,3.0,2.0,291.0,250.0,2025-11-15,Lowokwaru
"Blimbing, Malang","Rumah Jual Tengah Kota Row Jalan Lebar Dekat Rumah Sakit Mutiara Bunda, Kuliner Ciliwung, Sulfat, Jalan Besar SP Sudarmo Lingkungan Aman & Tenang C...",1500000000.0,3.0,2.0,169.0,113.0,2025-11-15,Blimbing
"Lowokwaru, Malang","Dijual rumah bagus 6 kamar di daerah Lowokwaru Malang  Posisi rumah hook Luas 110 m2 Kondisi rumah terawat, siap huni Lokasi nyaman, dekat dengan b...",998000000.0,6.0,2.0,110.0,135.0,2025-11-15,Lowokwaru
"Lowokwaru, Malang","Rumah Dijual Malang Dijual Rumah Besar & Luas
 Lokasi Strategis :
 * 5 menit ke UNBRAW
 * 7 menit ke UNM
 * 6 menit ke MATOS
 * 9 menit ke RSUD Sai...",3500000000.0,7.0,4.0,326.0,350.0,2025-11-15,Lowokwaru
"Dieng, Malang","Rumah Jual Dalam Perumahan Kawasan Dieng Akses Tengah Kota Mudah, Suasana Tenang dan Nyaman Dekat Kampus UNMER, Cyber Mall  Spesifikasi : Sertifika...",1400000000.0,3.0,2.0,100.0,70.0,2025-11-15,Sukun
"Sawojajar, Malang","Hunian exclusive, row jalan lebar",1800000000.0,3.0,3.0,132.0,88.0,2025-11-15,Blimbing
"Sawojajar, Malang","Lingkungan nyaman dan aman, row jalan lebar",675000000.0,3.0,1.0,105.0,120.0,2025-11-15,Blimbing
"Sukun, Malang",Hunian Premium Terletak di Malang Kota dengan tawaran terbaik tanpa biaya tambahan. Temukan tempat tinggal yang sempurna yang memberikan kenyamanan...,480000000.0,2.0,1.0,72.0,84.0,2025-11-15,Sukun
"Lowokwaru, Malang","Rumah Siap Huni Lingkungan Nyaman, Aman, Tenang Lokasi Dekat Pusat Kuliner dan Bisnis Soekarno Hatta, Kampus Brawijaya, Polinema, ASIA, Rumah Sakit...",1250000000.0,3.0,1.0,157.0,100.0,2025-11-15,Lowokwaru
"Kedungkandang, Malang","Rumah Jual Selangkah ke Tol Malng Kota Akses Hanya Beberapa Menit Ke Pasar Tradisional dan Supermarket Dekat Sekolahan, Kampus UM II Lingkungan Nya...",530000000.0,3.0,1.0,65.0,70.0,2025-11-15,Kedungkandang
"Klojen, Malang","Rumah Jual Kawasan Ramai Dekat Kuliner Kawi, MOG,Perbankan, Sekolah, Polsek, RS Hermina Cocok untuk Klinik, Playgroup, Guest House  Spesifikasi : S...",7000000000.0,13.0,6.0,537.0,800.0,2025-11-15,Klojen
"Lowokwaru, Malang","Rumah Jual Area Tengah Kota Malang Dekat Kampus UB, Polinema, Kampus ASIA, Pusat Kuliner Suhat Area Padat Penduduk   Spesifikasi :  Sertifikat : SH...",5500000000.0,7.0,4.0,434.0,350.0,2025-11-15,Lowokwaru
"Lowokwaru, Malang","Rumah Jual Area Lowokwaru Lokasi Strategis Row Jalan Lebar Dekat Kampus UB, Polinema, ASIA, ABM, Pasar Blimbing, Kuliner Soekarno Hatta Akses Mudah...",2100000000.0,3.0,1.0,257.0,220.0,2025-11-15,Lowokwaru
"Blimbing, Malang","Rumah Jual Area Blimbing Lokasi Dekat Kampus UB, ASIA, Widyagama, Kulier Sudimoro dan Soekarno Hatta, Sekolah Favorit SMA Sabililah Akses Mudah ke ...",950000000.0,3.0,1.0,105.0,70.0,2025-11-15,Blimbing
"Sawojajar, Malang",RUMAH jual dijual Danau Mantana   Dijual cepat rumah 2 lantai cantik dan bagus harga sangat terjangkau  MALANG SAWOJAJAR,890000000.0,3.0,2.0,96.0,160.0,2025-11-15,Blimbing
"Lowokwaru, Malang","DIJUAL Ruang Usaha Cafe Aktif Daerah Kuliner Sudimoro Akses Jalan Lebar Lokasi Strategis Ramai Area Parkir Luas Dekat Kampus UB, ASIA, Perumahan Pe...",3200000000.0,1.0,2.0,277.0,200.0,2025-11-15,Lowokwaru
"Kedungkandang, Malang",RUMAH jual dijual Bulan terang utama   Dijual Cepat Rumah 1 lantai cantik & bagus harga sangat terjangkau  MALANG KEDUNGKANDANG,520000000.0,2.0,1.0,65.0,65.0,2025-11-15,Kedungkandang
"Klojen, Malang",Rumah Luas Cocok Untuk Usaha Strategis Daerah Gunung-Gunung Kota Malang  Lokasi strategis dan row jalan depan lebar  Lokasi dekat ke - mall mog - k...,12000000000.0,6.0,2.0,665.0,250.0,2025-11-15,Klojen
"Lowokwaru, Malang","Rumah Dijual Malang Rumah strategis area Tasikmadu , jl soekarno hatta  kec lowokwaru Kota malang 
 lokasi perumahan 
 dekat area kampus UNIBRAW
 d...",1100000000.0,2.0,2.0,138.0,180.0,2025-11-15,Lowokwaru
"Sukun, Malang","DIJUAL Rumah Terletak di Lokasi Strategis 6 Menit Ke Universitas PGRI, Kanjuruan, & mneit Ke SMKN 7 Malang, 8 Menit ke RSUD Kota Malang, 9 Menit Ke...",2700000000.0,4.0,2.0,136.0,272.0,2025-11-15,Sukun
"Blimbing, Malang","Rumah Jual Area Blimbing Suasana Nyamand dan Tenang Lokasi Dekat Rumah Sakit Lavalette, Superindo Sulfat, Terminal Arjosari, Exit Tol Singosari Aks...",6500000000.0,5.0,3.0,883.0,350.0,2025-11-15,Blimbing
"Blimbing, Malang","FOR SALE!!! Rumah Besar, luas dan dalam kondisi SEMI FURNISH (Kitchen Set)  di daerah Blimbing. Terletak di lokasi yang strategis , dekat masjid, s...",1900000000.0,4.0,4.0,224.0,228.0,2025-11-15,Blimbing
"Lowokwaru, Malang","Rumah Jual Lokasi Strtegis Dekat Kawasan Bisnis dan Kuliner, Kampus UB, Polinema, Wigyagama, ABM, Pasar Blimbing, Taman Krida Budaya, Area Perbanka...",4500000000.0,3.0,2.0,315.0,180.0,2025-11-15,Lowokwaru
"Sukun, Malang",- lokasi perumahan elite - akses jalan mobil simpangan,3750000000.0,3.0,2.0,264.0,220.0,2025-11-15,Sukun
"Lowokwaru, Malang","Rumah Jual Lokasi Strategis di Lingkungan Perumahan Karyawan Bank Indonesia Kondisi Bersih, Nyaman, Sejuk, Aman (Portal Perum) 5 menit ke Univ Braw...",3500000000.0,6.0,2.0,238.0,280.0,2025-11-15,Lowokwaru
"Sawojajar, Malang","Dijual rumah baru siap huni Lokasi di sawojajar, malang  * Dekat Kampus Wisnu Wardhana * Dekat Exit Toll Madyopuro * Dekat Dengan Kuliner * Dekat P...",935000000.0,3.0,3.0,108.0,130.0,2025-11-15,Blimbing
"Sukun, Malang","Rumah Jual Area Sukun Dapat Digunakan Sebagai Usaha Dekat Dengan Pusat Kota, Kampus Unmer, Stadion Gajayana, Pusat Perbelanjaan & Kesehatan   Spesi...",900000000.0,5.0,3.0,218.0,350.0,2025-11-15,Sukun
"Lowokwaru, Malang","DIJUAL Rumah Kondisi Terawat di Area Ikan-ikan Akses Masuk Lewat Jl. Terusan Ikan Piranha, Lokasi Tenang dan Nyaman, Bisa dilalui 2 Mobil Dekat SMP...",1200000000.0,3.0,2.0,181.0,150.0,2025-11-15,Lowokwaru
"Sukun, Malang","DIJUAL Rumah Dalam Perumahan One Gate System Kondisi Terawat Suasana Tenang dan Nyaman Dekat Stasiun Kota Lama, Pasar Gadang    Spesifikasi : Serti...",985000000.0,5.0,3.0,112.0,100.0,2025-11-15,Sukun
"Lowokwaru, Malang",Dekat sekolah Kolese Santo Yusup,1000000000.0,2.0,1.0,111.0,90.0,2025-11-15,Lowokwaru
"Sukun, Malang","Cocok untuk usaha, dekat perumahan",1000000000.0,2.0,1.0,60.0,120.0,2025-11-15,Sukun
"Lowokwaru, Malang","Rumah Jual Area Soehat Berada di Tengah Kota Kawasan Aman & Nyaman Kondisi Terawat Dekat SD Negeri Lowokwaru, Kuliner SOehat, Kampus UB, Polinema, ...",2500000000.0,2.0,3.0,222.0,110.0,2025-11-15,Lowokwaru
"Klojen, Malang","Dekat pasar besar, daerah ramai",3500000000.0,2.0,1.0,416.0,436.0,2025-11-15,Klojen
"Kedungkandang, Malang","Selling point :
 - lokasi strategis
 - cocok banget buat hunian keluarga
 - Dekat dengan superindo Sawojajar
 - Dekat dengan pusat kuliner",1750000000.0,3.0,2.0,180.0,150.0,2025-11-15,Kedungkandang
"Sawojajar, Malang","Rumah 1 lantai di jalan danau danau Sawojajar, dekat dengan sekolah, pasar,  exit tol, dll",800000000.0,2.0,1.0,120.0,100.0,2025-11-15,Blimbing
"Kedungkandang, Malang",Promo Rumah Murah Cendana at Gemilang Royald city Wonokoyo Malang Kota wa.me/628133144xxxx  Tersedia: - Type Pinus 40/66 Harga 427 juta - Type Maho...,427000000.0,2.0,1.0,66.0,40.0,2025-11-15,Kedungkandang
"Sawojajar, Malang","Rumah Jual Pinggir Jalan Besar Dekat Minimarket, UM Kampus 2 Area Ramai Usaha Cocok untuk Cafe, Kuliner, Warkop, Butik, Bimbel, Dan Lainnya   Spesi...",2500000000.0,3.0,2.0,190.0,120.0,2025-11-15,Blimbing
"Sawojajar, Malang","Rumah Jual Area Sawojajar Lokasi Strategis Tengah Kota Dekat Perumahan Besar Sawojajar, Kuliner, Fasilitas Umum Seperti Lap Basket, Balai Pertemuan...",485000000.0,2.0,2.0,72.0,72.0,2025-11-15,Blimbing
"Blimbing, Malang",Rumah Jual Siap Huni Lokasi Nyaman dan tennag Kawasan Kuliner Sulfat Dekat RS Puri Bunda Akses Mudah ke Pusat Kota Malang   Spesifikasi : Legalitas...,850000000.0,3.0,2.0,151.0,70.0,2025-11-15,Blimbing
"Blimbing, Malang","Rumah tenang di lingkungan yang aman dan sejuk  dalam cluster one gate system, 5 menit ke Arjosari, 10 menit ke Tol Pakis.  Siap huni, semi furnish...",1500000000.0,3.0,2.0,88.0,110.0,2025-11-15,Blimbing
"Araya, Malang","Rumah Jual Dalam Perumahan Elit Pinggir Jalan Posisi HOOK Dekat Rumah Sakit Persada dan Puskesmas, Plaza Araya, Terminal Arjosari   Spesifikasi : S...",1750000000.0,3.0,2.0,205.0,170.0,2025-11-15,Blimbing
"Klojen, Malang","Rumah Jual Posisi Hook Lokasi Strategis di Tengah Kota Area Klojen Dekat Dengan Rumah Sakit Lavalette, 10 Menit ke ALun-Alun Kota Malang   Spesifik...",2800000000.0,5.0,3.0,267.0,250.0,2025-11-15,Klojen
"Lowokwaru, Malang","Rumah Nyaman 2lantai,Bangunan bagus,terawat,Semi.Furnished,Siap Huni,Ada Halaman belakang.Lokasi di Area Jalan Sarangan,Lowokwaru,Malang.Dekat Jala...",5200000000.0,12.0,14.0,499.0,600.0,2025-11-15,Lowokwaru
"Blimbing, Malang","Rumah 2 lantai di Blimbing, Malang.  Dijual rumah di wilayah yang tenang. Properti 2 lantai ini berada di lingkungan yang mudah dijangkau.  Kategor...",8000000000.0,6.0,3.0,360.0,550.0,2025-11-15,Blimbing
"Sawojajar, Malang",RUMAH jual dijual Jalan Danau kenambui  Dijual cepat rumah 2 lantai bagus & cantik harga sangat terjangkau  MALANG SAWOJAJAR,2900000000.0,5.0,2.0,240.0,240.0,2025-11-15,Blimbing
"Oro-Oro Dowo, Malang","Dijual rumah lama di Oro Oro Dowo Malang Lokasi nyaman, dekat sekolah dan pasar Oro Oro Dowo Akses mudah, dekat area Ijen Kondisi bangunan masih ba...",12500000000.0,13.0,3.0,775.0,750.0,2025-11-15,Klojen
"Sawojajar, Malang","Rumah bergaya minimalist modern di Sawojajar.  Cek segera rumah 2 lantai yang modern ini,  dijual dengan pemandangan perkotaan yang menambah nilai ...",2100000000.0,7.0,3.0,224.0,300.0,2025-11-15,Blimbing
"Lowokwaru, Malang","Rumah Jual Area Lowokwaru Dekat SMAK Santo Yusuf, SMK 5, SMA Sabillilah, Suhat, Kampus UB, Kawasan Tenang, Aman, Nyaman. Bonus Water Heater, AC   S...",1100000000.0,3.0,2.0,95.0,180.0,2025-11-15,Lowokwaru
"Sukun, Malang","Rumah Jual Perumahan One Gate System Hawa Sejuk, Aman, dan Nyaman Dekat Unikama, Terminal Gadang, SMK 11 Malang, SMK 7 Malang, Pasar Gadang, 10 Men...",650000000.0,2.0,1.0,56.0,40.0,2025-11-15,Sukun
"Sawojajar, Malang","Rumah Jual Loaksi Strategis Padat Penduduk Dekat Pusat Kuliner Sawojajar, Pasar Sawojajar, SPBU, Minimarket, Lingkungan Nyaman dan Tenang   Spesifi...",490000000.0,2.0,1.0,84.0,36.0,2025-11-15,Blimbing
"Blimbing, Malang","Rumah Jual Dekat Wendit, Rumah Sakit Persada, Plaza Araya, Terminal Arjosari, SMK Negeri 8 Cocok untuk Tempat Tinggal   Spesifikasi : Sertifikat : ...",700000000.0,2.0,1.0,74.0,40.0,2025-11-15,Blimbing
"Klojen, Malang",DIJUAL RUMAH KLASIK DI  JALAN BANDUNG DEKAT IJEN GUNUNG GUNUNG KOTA MALANG  LT 549 m² LB ± 250 m² 3 KT 2 KM PDAM Listrik 2200 Watt HADAP SELATAN...,17000000000.0,3.0,2.0,549.0,250.0,2025-11-15,Klojen
"Kedungkandang, Malang","Rumah 2 Lantai Kekinian Siap Huni - Konsep Smart Living  Hunian masa kini dengan konsep modern kontemporer, mengutamakan fungsi dan estetika. Cocok...",534000000.0,2.0,2.0,60.0,45.0,2025-11-15,Kedungkandang
"Lowokwaru, Malang","Kesempatan terbatas buat Anda dapatkan rumah strategis dengan return investasi tinggi di Lowokwaru, Malang.  Rumah ini menawarkan lokasi yang strat...",1100000000.0,4.0,2.0,92.0,120.0,2025-11-15,Lowokwaru
"Sukun, Malang","Rumah di Sukun.  Dapatkan rumah 1 lantai yang modern ini,  dijual dengan pemandangan asri yang menambah nilai estetika di lingkungan hunian. Rumah ...",1500000000.0,3.0,2.0,102.0,115.0,2025-11-15,Sukun
"Lowokwaru, Malang",Dijual Rumah Modern Minimalis Terawat FULL FURNISHED  Di Cluster Tunggulwulung Kota Malang  Legalitas SHM & IMB  (2 Sertifikat)  Posisi Hook  Luas ...,3000000000.0,3.0,3.0,170.0,340.0,2025-11-15,Lowokwaru
"Lowokwaru, Malang","DIJAMIN PALING MURAH  Dijual Cepat Rumah Posisi Hook di Letjen Sutoyo, Lowokwaru Malang  Spesifikasi : - Legalitas : SHM  - ⁠Dimensi : (-/+) 10 x...",1600000000.0,5.0,2.0,224.0,250.0,2025-11-15,Lowokwaru
"Sawojajar, Malang",RUMAH GRAND PERMATA JINGGA SAWOJAJAR  DIJUAL Rumah Cantik Minimalis Modern Furnished di Grand Permata Jingga Sawojajar Malang  Spesifikasi : LT : 9...,1650000000.0,2.0,2.0,90.0,87.0,2025-11-15,Blimbing
"Lowokwaru, Malang","Termurah Luas 150 m2 di Area Jl Bunga Srigading Suhat.  Lokasi dekat dengan jalan soekarno hatta, pusat perbelanjaan, rumah sakit, pom bensin dan b...",950000000.0,4.0,3.0,150.0,200.0,2025-11-15,Lowokwaru
"Kedungkandang, Malang","Rumah di Kedungkandang.  Miliki rumah 2 lantai yang asri ini,  dijual dengan pemandangan asri yang menambah nilai estetika di lingkungan hunian. Ru...",945000000.0,3.0,2.0,104.0,72.0,2025-11-15,Kedungkandang
"Lowokwaru, Malang",Dijual Rumah Siap Huni 1 Lantai SHM Dekat Suhat di Kalpataru Lowokwaru Malang Kota  - Legalitas : Sertifikat Hak Milik (SHM) - IMB : Ready - Luas T...,1800000000.0,3.0,2.0,144.0,120.0,2025-11-15,Lowokwaru
"Klojen, Malang",RUMAH jual dijual  ijen nirwana  dijual rumah di ijen nirwana  MALANG KLOJEN,3600000000.0,3.0,3.0,180.0,250.0,2025-11-15,Klojen
"Sukun, Malang","Rumah 2 lantai di Sukun, Malang.  Dijual rumah di wilayah yang tenang. Properti 2 lantai ini berada di lingkungan yang mudah dijangkau.  Spesifikas...",14500000000.0,8.0,3.0,1346.0,1000.0,2025-11-15,Sukun
"Dieng, Malang","Hunian Modern di Tengah Kota Malang  Rumah ini tidak hanya ideal sebagai tempat tinggal, tetapi juga merupakan investasi properti yang bernilai tin...",659000000.0,2.0,1.0,69.0,39.0,2025-11-15,Sukun
"Sukun, Malang",Monggo Hunian Mewah Kota Malang..*cuma 595jt type 62 luas 65* free BPHTB SHM udah atas nama Pembeli...Masih Bonus CCTV dan Kitchen Set...Buruan Sat...,595000000.0,3.0,2.0,65.0,62.0,2025-11-15,Sukun
"Blimbing, Malang",DIJUAL RUMAH MINIMALIS GRAHA KENCANA BOULEVARD  LT 232 m2 LB 190 m2  Kamar tidur 4 (AC 3) + 1 Kamar mandi 3 (Heater 2) + 1 PDAM dan sumur Listrik 4...,2500000000.0,4.0,3.0,232.0,190.0,2025-11-15,Blimbing
"Sukun, Malang","*Jual Rumah Bagus ISTANA DIENG, MALANG*  Selling point: - Asri - Aesthetic  - Siap Huni - Kamar Banyak  2 lantai SHM LT 884m2 (Dimensi 28x32) LB 47...",22000000000.0,6.0,6.0,884.0,475.0,2025-11-15,Sukun
"Sawojajar, Malang","Rumah Jual Loaksi Strategis Padat Penduduk Dekat Pusat Kuliner Sawojajar, Pasar Sawojajar, SPBU, Minimarket, Lingkungan Nyaman dan Tenang   Spesifi...",490000000.0,2.0,1.0,84.0,36.0,2025-11-15,Blimbing
"Sukun, Malang","Rumah Jual Area Sukun Dapat Digunakan Sebagai Usaha Dekat Dengan Pusat Kota, Kampus Unmer, Stadion Gajayana, Pusat Perbelanjaan & Kesehatan   Spesi...",900000000.0,5.0,3.0,218.0,350.0,2025-11-15,Sukun
"Blimbing, Malang","Rumah Jual Area Blimbing Dekat Dengan Plaza Araya, Wisata Wendit, terminal Arjosari Cocok untuk Tempat Tinggal. Garasi dipergunakan sebagai cafe  S...",4000000000.0,4.0,2.0,278.0,350.0,2025-11-15,Blimbing
"Kedungkandang, Malang","Hunian Eksklusif Kota Malang - View Gunung & City Light  Bayangkan setiap pagi membuka jendela dengan udara segar dataran tinggi Malang, dan malam ...",399000000.0,2.0,1.0,66.0,41.0,2025-11-15,Kedungkandang
"Lowokwaru, Malang","Rumah Murah Kota Malang Cocok untuk Hunian Impian Alamat : Tegalgondo, Kabupaten Malang Spesifikasi : -	Legalitas SHM -	Row Jalan 6 Meter -	Akses M...",600000000.0,3.0,1.0,80.0,45.0,2025-11-15,Lowokwaru
"Dieng Tidar, Malang","Rumah di Dieng Tidar.  Temukan rumah 1 lantai yang modern ini,  dijual dengan pemandangan asri yang menambah nilai estetika di lingkungan hunian. R...",550000000.0,2.0,1.0,84.0,45.0,2025-11-15,Sukun
"Araya, Malang","Rumah Jual Berada di Perum Elit Lokasi Strategis, Fasilitas Lengkap Row Jalan Lebar Akses Mudah Tengah Kota Dekat Kampus Binus, Plaza Araya, Rumah ...",850000000.0,3.0,2.0,60.0,64.0,2025-11-15,Blimbing
"Sukun, Malang","Rumah yg terletak di perumahan  Dekat Mall , Sekolahan , pusat perbelanjaan dll Cocok untuk hunian",3650000000.0,3.0,2.0,170.0,320.0,2025-11-15,Sukun
"Kedungkandang, Malang","Rumah di Kedungkandang.  Dapatkan rumah 2 lantai yang asri ini,  dijual dengan pemandangan asri yang menambah nilai estetika di lingkungan hunian. ...",395000000.0,2.0,2.0,40.0,46.0,2025-11-15,Kedungkandang
"Blimbing, Malang","Dijual Rumah Desain Minimalis Modern di Puri Kartika Asri, Blimbing Malang  LT 150 m (10x15) LB 140 m KT 3 KM 2 (1 KM dalam Kamar) Hadap Timur Sert...",1700000000.0,3.0,2.0,150.0,140.0,2025-11-15,Blimbing
"Sawojajar, Malang","[JUAL CEPAT, HARGA MIRING]  Dijual Rumah Siap Huni di Jalan Danau Maninjau, Sawojajar Malang   Selangkah ke Jalan utama Row jalan lebar, 2 simpanga...",1800000000.0,3.0,3.0,267.0,300.0,2025-11-15,Blimbing
"Sawojajar, Malang","Rumah bergaya minimalist modern di Sawojajar.  Cek segera rumah 3 lantai yang modern ini,  dijual dengan pemandangan asri yang menambah nilai estet...",1600000000.0,5.0,3.0,184.0,160.0,2025-11-15,Blimbing
"Sawojajar, Malang","Rumah Jual Lokasi Strategis Padat Penduduk Dekat Pusat Kuliner Sawojajar, Pasar Sawojajar, SPBU, Minimarket, Lingkungan Nyaman dan Tenang   Spesifi...",490000000.0,2.0,1.0,84.0,36.0,2025-11-15,Blimbing
"Blimbing, Malang","Rumah Jual Area Blimbing Dekat Dengan Plaza Araya, Wisata Wendit, terminal Arjosari Cocok untuk Tempat Tinggal. Garasi dipergunakan sebagai cafe  S...",4000000000.0,4.0,2.0,278.0,350.0,2025-11-15,Blimbing
"Sukun, Malang",Rumah Semifurnished Minimalis Lokasi Strategi Di Puncak Dieng  Bangunan terawat dan siap huni  Lokasi dekat ke : - kampus unmer - plaza dieng - mal...,1650000000.0,3.0,2.0,204.0,150.0,2025-11-15,Sukun
"Blimbing, Malang","Rumah Jual Dekat Wendit, Rumah Sakit Persada, Plaza Araya, Terminal Arjosari, SMK Negeri 8 Cocok untuk Tempat Tinggal   Spesifikasi : Sertifikat : ...",700000000.0,2.0,1.0,74.0,74.0,2025-11-15,Blimbing
"Kedungkandang, Malang",Hunian Nyaman untuk Keluarga Modern di Kota Malang  Rasakan kenyamanan tinggal di rumah dua lantai dengan tata ruang lega dan pencahayaan alami.  K...,636000000.0,3.0,2.0,72.0,58.0,2025-11-15,Kedungkandang
"Blimbing, Malang","Rumah Jual Dekat Wendit, Rumah Sakit Persada, Plaza Araya, Terminal Arjosari, SMK Negeri 8 Cocok untuk Tempat Tinggal   Spesifikasi : Sertifikat : ...",700000000.0,2.0,1.0,74.0,74.0,2025-11-15,Blimbing
"Blimbing, Malang","Rumah Jual Dekat Wendit, Rumah Sakit Persada, Plaza Araya, Terminal Arjosari, SMK Negeri 8 Cocok untuk Tempat Tinggal   Spesifikasi : Sertifikat : ...",700000000.0,2.0,1.0,74.0,74.0,2025-11-15,Blimbing
"Blimbing, Malang","Rumah Jual Dekat Wendit, Rumah Sakit Persada, Plaza Araya, Terminal Arjosari, SMK Negeri 8 Cocok untuk Tempat Tinggal   Spesifikasi : Sertifikat : ...",700000000.0,2.0,1.0,74.0,74.0,2025-11-15,Blimbing
"Blimbing, Malang","Rumah Jual Area Blimbing Dekat Dengan Plaza Araya, Wisata Wendit, terminal Arjosari Cocok untuk Tempat Tinggal. Garasi dipergunakan sebagai cafe  S...",4000000000.0,4.0,2.0,278.0,350.0,2025-11-15,Blimbing
"Blimbing, Malang","Rumah Jual Area Blimbing Dekat Dengan Plaza Araya, Wisata Wendit, terminal Arjosari Cocok untuk Tempat Tinggal. Garasi dipergunakan sebagai cafe  S...",4000000000.0,4.0,2.0,278.0,350.0,2025-11-15,Blimbing
"Lowokwaru, Malang","Selangkah ke Soekarno Hatta, Lowokwaru Kota Malang  Selling Point : lokasi strategis hanya 2 menit ke poros jalan Raya Suhat  5 menit ke kampus UB,...",2500000000.0,3.0,2.0,246.0,200.0,2025-11-15,Lowokwaru
"Kedungkandang, Malang","*Rumah Baru 5 menit dari Exit Tol di Perumahan Bukit Indah Permai Cemorokandang Malang*  Udah SOLD 80%, kawasan udah jadi, fasilitas lengkap   Luas...",445000000.0,2.0,1.0,60.0,36.0,2025-11-15,Kedungkandang
"Lowokwaru, Malang","Rumah Dijual Malang RUMAH 1.5 LANTAI DI GRIYA SEJAHTERA LOWOKWARU MALANG
 
 Luas Tnh     : 80m 
 Luas Bgn    : 70m
 Surat           : SHM
 Hadap   ...",650000000.0,3.0,1.0,80.0,70.0,2025-11-15,Lowokwaru
"Lowokwaru, Malang",DIJUAL GUEST HOUSE EXCLUSIVE KOTA MALANG  Lokasi super strategis daerah joyoagung  Dekat Kota Wisata Batu & dikelilingi pusat kuliner  Dekat kampus...,4700000000.0,14.0,14.0,148.0,409.0,2025-11-15,Lowokwaru
"Blimbing, Malang","Rumah Jual Dekat Wendit, Rumah Sakit Persada, Plaza Araya, Terminal Arjosari, SMK Negeri 8 Cocok untuk Tempat Tinggal   Spesifikasi : Sertifikat : ...",700000000.0,2.0,1.0,74.0,74.0,2025-11-15,Blimbing
"Lowokwaru, Malang","Harga Murah KodeHp18Z 288 Rumah Estetik Cantik   Lokasi  Ikan Gurami  Malang  (Cluster)   LT 75m² (6,x12,5) LB 140m² (Bangunan 3 Lantai) KT 3�...",1000000000.0,3.0,2.0,75.0,140.0,2025-11-15,Lowokwaru
"Kedungkandang, Malang","Rumah 2 lantai di Kedungkandang, Malang.  Dijual rumah di wilayah yang nyaman dengan pemandangan Dekat Pusat Bisnis. Properti 2 lantai ini berada d...",495000000.0,2.0,2.0,53.0,51.0,2025-11-15,Kedungkandang
"Cemorokandang, Malang","Selling point : ✅ Lingkungan Aman, Tenang,  & Nyaman ✅ Security 24 Jam (One Gate System) ✅ Berada Didataran Tinggi, Udara Sejuk ✅ Fasilitas...",820000000.0,2.0,3.0,78.0,140.0,2025-11-15,Klojen
"Sawojajar, Malang","Rumah 1 lantai di Sawojajar, Malang.  For sale rumah di wilayah yang tenang. Properti 1 lantai ini berada di lingkungan strategis.  Spesifikasinya ...",800000000.0,4.0,3.0,122.0,160.0,2025-11-15,Blimbing
"Araya, Malang","Rumah di Araya.  Miliki rumah 1 lantai yang modern ini,  dijual dengan pemandangan indah yang menambah nilai estetika di lingkungan hunian. Rumah i...",1600000000.0,3.0,2.0,264.0,140.0,2025-11-15,Blimbing
"Araya, Malang","Rumah bergaya modern glass house di Araya.  Dapatkan rumah 2 lantai yang modern ini,  dijual dengan pemandangan perkotaan yang menambah nilai estet...",2400000000.0,5.0,3.0,216.0,168.0,2025-11-15,Blimbing
"Blimbing, Malang","[TERMURAH DI KELASNYA]  Dijual Rumah Mewah Full Furnish di Boulevard Cluster Golf, Kota Araya Malang   - bonus view lapangan golf - lokasi aman dan...",4600000000.0,4.0,4.0,375.0,500.0,2025-11-15,Blimbing
"Kedungkandang, Malang","Hunian 2 Lantai Eksklusif di Pusat Kota Malang!  Didesain dengan konsep modern minimalis yang elegan dan fungsional, Klapa at Amany Riverside hadir...",635000000.0,3.0,2.0,72.0,65.0,2025-11-15,Kedungkandang
"Araya, Malang","Rumah 2 lantai di Araya, Malang.  For sale rumah di wilayah yang asri dengan pemandangan Lokasi Pinggiran Kota. Properti 2 lantai ini berada di lin...",1000000000.0,2.0,2.0,40.0,49.0,2025-11-15,Blimbing
"Araya, Malang","Kesempatan terbatas buat Anda dapatkan rumah strategis dengan return investasi tinggi di Araya, Malang.  Rumah ini menawarkan kelengkapan fasilitas...",850000000.0,2.0,2.0,22.0,55.0,2025-11-15,Blimbing
"Klojen, Malang",Rumah Paling Murah Luas Lokasi Daerah Gunung2 Kota Malang  Lokasi strategis dan row jalan depan lebar  Lokasi dekat ke - mall mog - kawasan kayu ta...,5200000000.0,3.0,1.0,404.0,350.0,2025-11-15,Klojen
"Lowokwaru, Malang",2 Menit dari Raya Suhat  Dijual Rumah Minimalis Modern Full Perabot dekat UB dan Polinema Selangkah dari Raya Suhat Lowokwaru Kota Malang  Spesifik...,1100000000.0,2.0,1.0,92.0,63.0,2025-11-15,Lowokwaru
"Dieng Tidar, Malang","Dijual Rumah mewah konsep resort + private pool dan rooftop Full Furnished di daerah Tidar, Malang  Punya konsep resort dengan split level Lantai m...",19000000000.0,9.0,9.0,2046.0,1510.0,2025-11-15,Sukun
"Lowokwaru, Malang","Rumah Tengah Kota dekat Raya Suhat  Dijual rumah 1,5 lantai siap huni dekat RS UB di Griyashanta Suhat Malang Lowokwaru  Spesifikasi - Legalitas : ...",1990000000.0,4.0,3.0,126.0,180.0,2025-11-15,Lowokwaru
"Sukun, Malang","RUMAH NYAMAN HARGA Rp 350 JUTAAN DI KOTA MALANG  Perumahan baru di Bandulan, Sukun hadir untuk Anda yang mencari hunian strategis, tenang, dan nyam...",392000000.0,2.0,1.0,79.0,36.0,2025-11-15,Sukun
"Blimbing, Malang",Selling point : - 2 Menit Mall Araya - 2 Menit Rumah Sakit Persada - 3 Menit Terminal Arjosari - 3 Menit POM & ATM,1650000000.0,3.0,3.0,267.0,160.0,2025-11-15,Blimbing
"Lowokwaru, Malang","‼️Dijual Cepat BU Banget‼️  *Dijual Rumah Minimalis Modern Siap Huni dekat Suhat di jalan Ikan-ikan, Lowokwaru, Malang*  Spesifikasi: - Leg...",690000000.0,2.0,1.0,98.0,70.0,2025-11-15,Lowokwaru
"Araya, Malang",Rumah Mewah Kawasan Elite Araya Graha Golf Bangunan Bagus  Kawasan elite di kota Malang mudah diakses dan jalanan yang lebar. Fasilitas sangat leng...,3000000000.0,9.0,9.0,200.0,360.0,2025-11-15,Blimbing
"Blimbing, Malang","Kesempatan terbatas buat Anda dapatkan rumah strategis dengan return investasi tinggi di Blimbing, Malang.  Rumah ini menawarkan lokasi yang strate...",845000000.0,2.0,1.0,70.0,37.0,2025-11-15,Blimbing
"Lowokwaru, Malang","Rumah Konsep Hunian Eropa di Adyna Residence, Tasikmadu Lowokwaru Kota Malang  • 10 menit ke kawasan kampus UB, UIN, UM, UNISMA • 5 menit ke ja...",1100000000.0,3.0,2.0,72.0,70.0,2025-11-15,Lowokwaru
"Dieng, Malang","Rumah bukan hanya tempat tinggal, tapi juga aset berharga. Hunian modern minimalis ini hadir di tengah Kota Malang, lokasi yang sangat diminati dan...",660000000.0,2.0,1.0,69.0,39.0,2025-11-15,Sukun
"Kedungkandang, Malang","Rumah 2 Lantai Modern di Klapa at Amany Riverside - Dekat Pusat Kota Malang  Nikmati hunian modern di lokasi super strategis dekat tol, stasiun, da...",636000000.0,3.0,2.0,72.0,58.0,2025-11-15,Kedungkandang
"Dieng, Malang",✨ Hunian Eksklusif dengan Sentuhan Premium di Kota Malang ✨  Rasakan pengalaman tinggal di rumah 2 lantai modern minimalis dengan lokasi super ...,680000000.0,2.0,2.0,72.0,47.0,2025-11-15,Sukun
"Blimbing, Malang",:fire:TURUN HARGA SALE RIVERSIDE:fire:  DIJUAL Rumah Aesthetic FULL FURNISH di River Side Malang  Spesifikasi : LT : 280 m2 LB : 130 m2 Dimensi :  ...,2950000000.0,2.0,2.0,280.0,130.0,2025-11-15,Blimbing
"Sawojajar, Malang",HOT LISTING RUMAH GRAND PERMATA JINGGA SAWOJAJAR  DIJUAL Rumah Cantik Minimalis Modern Furnished di Grand Permata Jingga Sawojajar Malang  Spesifik...,1650000000.0,2.0,2.0,90.0,87.0,2025-11-15,Blimbing
"Araya, Malang","*DIJUAL RUMAH DI ARAYA GOLF CLASSIC MODERN SIAP HUNI*  LT : 240 M²  LB : 400 M² 2,5 LANTAI KAMAR TIDUR 5 + 2 KAMAR MANDI 4 + 1 ROOFTOP  SHM  HADA...",2900000000.0,5.0,4.0,240.0,400.0,2025-11-15,Blimbing
"Cemorokandang, Malang",:fire:‼️HOT LISTING RUMAH BARU GRESS 2 LANTAI CEMORO KANDANG‼️:fire:  DIJUAL Rumah Proses Bangun Selangkah Exit Tol di Cemorokandang Kota M...,649000000.0,3.0,2.0,60.0,65.0,2025-11-15,Klojen
"Sukun, Malang","Rumah 1 lantai di Sukun, Malang.  Dijual rumah di wilayah yang asri dengan pemandangan perkotaan. Properti 1 lantai bergaya minimalist modern ini b...",450000000.0,2.0,1.0,89.0,36.0,2025-11-15,Sukun
"Sukun, Malang","Rumah Jual Perumahan One Gate System Hawa Sejuk, Aman, dan Nyaman Dekat Unikama, Terminal Gadang, SMK 11 Malang, SMK 7 Malang, Pasar Gadang, 10 Men...",650000000.0,2.0,1.0,56.0,56.0,2025-11-15,Sukun
"Blimbing, Malang",Harga 699.000.000  LT : 75 m² LB : 50 m² 2 Kamar Tidur 1 Kamar Mandi 1 Lantai 1300 Watt Air PDAM  BONUS - Kanopi Carport - ⁠Smart Doorlock  FRE...,699000000.0,2.0,1.0,75.0,50.0,2025-11-15,Blimbing
"Kedungkandang, Malang",Fasilitas Lengkap : - One Gate System - Playground Anak - ⁠Kolam Renang - ⁠Pusat Kebugaran - ⁠ROW Jalan lebar - ⁠Indomaret  Selling point :...,950000000.0,2.0,1.0,96.0,50.0,2025-11-15,Kedungkandang
"Lowokwaru, Malang","RUMAH TERAWAT 2,5 LANTAI - FULLY FURNISHED Lokasi : Tectona Residence, Lowokwaru - Kota Malang  Selling Point : - Lingkungan yang Nyaman, Tenang da...",1000000000.0,3.0,2.0,75.0,121.0,2025-11-15,Lowokwaru
"Kedungkandang, Malang",Rumah dengan desain modern minimalis dan suasana hangat untuk keluarga kecil. Dibangun dengan kualitas premium dan tata ruang efisien untuk kenyama...,453000000.0,2.0,1.0,66.0,40.0,2025-11-15,Kedungkandang
"Kedungkandang, Malang","Rumah 2 Lantai Modern di Klapa at Amany Riverside - Dekat Pusat Kota Malang  Nikmati hunian modern di lokasi super strategis dekat tol, stasiun, da...",636000000.0,2.0,2.0,72.0,65.0,2025-11-15,Kedungkandang
"Kedungkandang, Malang",Rumah Scandinavian Minimalis - Nyaman dan Estetik!  Rasakan nuansa hangat ala Skandinavia di hunian modern dua lantai ini. Desain natural dengan wa...,535000000.0,2.0,2.0,62.0,45.0,2025-11-15,Kedungkandang
"Lowokwaru, Malang","Rumah 2 lantai di Lowokwaru, Malang.  Dijual rumah di wilayah yang tenang. Properti 2 lantai ini berada di lingkungan strategis.  Rinciannya adalah...",860000000.0,6.0,2.0,108.0,195.0,2025-11-15,Lowokwaru
"Sukun, Malang",- Hunian nyaman daerah buah-buahan - Dekat MCP - Bangunan luas dan terawat - Ada halaman belakang - Kamar banyak  - Harga nego sampai deal  Tertari...,2500000000.0,6.0,2.0,236.0,300.0,2025-11-15,Sukun
"Lowokwaru, Malang","Perumahan di dataran tinggi kota Malang, bebas dari hiruk pikuk Kota malang yang semakin padat. Kenikmatan udara sejuk dan segar, pemandangan 3 gun...",836000000.0,2.0,2.0,84.0,65.0,2025-11-15,Lowokwaru
"Dieng Tidar, Malang","Rumah di Dieng Tidar.  Cek segera rumah 2 lantai yang asri ini,  dijual dengan pemandangan asri yang menambah nilai estetika di lingkungan hunian. ...",11000000000.0,5.0,3.0,975.0,600.0,2025-11-15,Sukun
"Klojen, Malang",Dijual Rumah Strategis Full Perabot Dekat RSSA dan RS Lavalette di Kaliurang Klojen Kota Malang  Spesifikasi  -Legalitas: Sertifikat hak milik (SHM...,5600000000.0,5.0,5.0,330.0,335.0,2025-11-15,Klojen
"Araya, Malang","Rumah di Araya.  Miliki rumah 1 lantai yang asri ini,  dijual dengan pemandangan asri yang menambah nilai estetika di lingkungan hunian. Rumah ini ...",1270000000.0,3.0,2.0,120.0,75.0,2025-11-15,Blimbing
"Merjosari, Malang","Rumah 2 lantai di Merjosari, Malang.  Dijual rumah di wilayah yang nyaman dengan pemandangan Lokasi dipusat kota. Properti 2 lantai ini berada di l...",1150000000.0,10.0,10.0,75.0,120.0,2025-11-15,Lowokwaru
"Sawojajar, Malang","Jual Rumah Lokasi Strategis, Dekat dengan SMA Tekom, Pusat Kuliner Sawojajar, SMAN 10, Pasar Sawojajar, Superindo, AVAN, Perbankan, Cocok untuk Ber...",850000000.0,14.0,4.0,96.0,200.0,2025-11-15,Blimbing
"Sawojajar, Malang",Lingkungan aman dan nyaman,850000000.0,3.0,2.0,98.0,100.0,2025-11-15,Blimbing
"Blimbing, Malang",RUMAH 1 LT BAGUS SIAP HUNI DI JL GRAHA KENCANA SELATAN MALANG  LT 325 LB 225 KT 3+1 KM 2+1 Listrik 3500 Rp 3.900.000.000  SHM Hadap Utara  RUMAH 1 ...,3900000000.0,3.0,2.0,325.0,225.0,2025-11-15,Blimbing
"Klojen, Malang","Rumah Lokasi Premium di Jalan Gresik, Klojen Kota Malang   lokasi strategis tengah kota, cocok dijadikan ruang usaha hanya 1 menit ke Ijen Boulevar...",6500000000.0,5.0,4.0,430.0,510.0,2025-11-15,Klojen
"Sukun, Malang","Rumah Estetik 2 lantai + rooftop Full Furnished di daerah Pulau-pulau, Sukun, Kota Malang  keamanan 24 jam dijaga TNI AL akses mudah, dekat dengan ...",3500000000.0,4.0,4.0,164.0,240.0,2025-11-15,Sukun
"Blimbing, Malang","Dijual rumah bagus di perumahan daerah Sulfat, Blimbing, Malang  Luas 117 m2 dengan 4 kamar Lokasi nyaman, akses mudah, dekat sekolah, rumah sakit,...",1000000000.0,4.0,3.0,117.0,117.0,2025-11-15,Blimbing
"Blimbing, Malang","Dijual rumah bagus di daerah Sulfat Malang
 
 Rumah memiliki 15 kamar, ada fasilitas kolam renang
 Lokasi nyaman, dekat exit tol Malang, pusat kuli...",2750000000.0,15.0,15.0,270.0,400.0,2025-11-15,Blimbing
"Gadang, Malang","Rumah For Sell Malang Rumah Siap Huni Sangat Strategis Nol Jalan Utama Gadang Kota Malang Sangat Cocok Buat Semua Usaha Seperti Kuliner, Cafe, Perd...",4500000000.0,5.0,3.0,328.0,312.0,2025-11-15,Sukun
"Blimbing, Malang",Rumah Tengah Kota Pondok Indah Estate LA Sucipto Blimbing Malang  Point of Interest :   lingkungan aman dan nyaman security 24 jam  10 menit dari t...,700000000.0,2.0,1.0,74.0,60.0,2025-11-15,Blimbing
"Blimbing, Malang","Dijual rumah nol jalan, daerah LA Sucipto, Blimbing  LT : 612m² LB : 400m² KT : 5 KM : 2 Listrik : 2200 & 1300 Air : sumur Garasi : 1mobil Carpor...",9000000000.0,5.0,2.0,612.0,400.0,2025-11-15,Blimbing
"Kedungkandang, Malang","Rumah Dijual Malang dekat dng pintu tol malang,  udara masih sejuk, air PDAM dan sumur bor",600000000.0,3.0,2.0,96.0,100.0,2025-11-15,Kedungkandang
"Dieng Tidar, Malang","Lingkungan aman dan nyaman, sejuk",550000000.0,2.0,1.0,84.0,45.0,2025-11-15,Sukun
"Blimbing, Malang",RUMAH jual dijual Cakalang Royal Garden  Dijual cepat rumah 1 lantai cantik & bagus harga sangat terjangkau  MALANG BLIMBING,650000000.0,2.0,1.0,64.0,100.0,2025-11-15,Blimbing
"Dieng, Malang","Hunian aman dan nyaman, bangunan terawat",3500000000.0,5.0,3.0,300.0,450.0,2025-11-15,Sukun
"Sawojajar, Malang","Lingkungan aman dan nyaman, dekat berbagai fasum (pom bensin, sekolah, pasar, pusat perbelanjaan)",2150000000.0,5.0,3.0,361.0,331.0,2025-11-15,Blimbing
"Lowokwaru, Malang","DIJUAL RUMAH HUNIAN 2 LANTAI SIAP HUNI - JOYOAGUNG, KOTA MALANG   Hunian nyaman dan strategis di kawasan tenang, cocok untuk keluarga modern yang m...",775000000.0,4.0,2.0,99.0,130.0,2025-11-15,Lowokwaru
"Lowokwaru, Malang","Rumah di Lowokwaru.  Temukan rumah 2 lantai yang asri ini,  dijual dengan pemandangan asri yang menambah nilai estetika di lingkungan hunian. Rumah...",1650000000.0,3.0,3.0,209.0,294.0,2025-11-15,Lowokwaru
"Sawojajar, Malang","Rumah 2 lantai di Sawojajar, Malang.  For sale rumah di wilayah yang tenang. Properti 2 lantai ini berada di lingkungan strategis.  Spesifikasinya ...",1800000000.0,3.0,3.0,132.0,88.0,2025-11-15,Blimbing
"Lowokwaru, Malang","Rumah 2 lantai di Lowokwaru, Malang.  Dijual rumah di wilayah yang asri dengan pemandangan Dekat Kawasan Bisnis & Industri. Properti 2 lantai ini b...",3500000000.0,5.0,3.0,407.0,300.0,2025-11-15,Lowokwaru
"Blimbing, Malang","Kesempatan terbatas buat Anda dapatkan rumah strategis dengan return investasi tinggi di Blimbing, Malang.  Rumah ini menawarkan lokasi yang strate...",1000000000.0,3.0,1.0,123.0,83.0,2025-11-15,Blimbing
"Sukun, Malang","Rumah 1 lantai di Sukun, Malang.  For sale rumah di wilayah yang tenang. Properti 1 lantai ini berada di lingkungan strategis.  Rinciannya adalah s...",1200000000.0,4.0,2.0,226.0,200.0,2025-11-15,Sukun
"Sukun, Malang",Dijual Rumah Furnished di Sukun Malang  LT: 500 m2 LB: 250 m2 KT: 7 KM: 3 Sumber Air: PAM Daya listrik: 2200 watt SHM  Fasilitas:  Garasi Carport 4...,3000000000.0,6.0,4.0,500.0,250.0,2025-11-15,Sukun
"Klojen, Malang","Rumah di Klojen.  Miliki rumah 1 lantai yang modern ini,  dijual dengan pemandangan indah yang menambah nilai estetika di lingkungan hunian. Rumah ...",2000000000.0,6.0,3.0,207.0,240.0,2025-11-15,Klojen
"Dieng, Malang","Rumah di Dieng.  Dapatkan rumah 2 lantai yang modern ini,  dijual dengan pemandangan asri yang menambah nilai estetika di lingkungan hunian. Rumah ...",3200000000.0,5.0,3.0,300.0,450.0,2025-11-15,Sukun
"Klojen, Malang","Rumah di Klojen.  Temukan rumah 2 lantai yang asri ini,  dijual dengan pemandangan asri yang menambah nilai estetika di lingkungan hunian. Rumah in...",3600000000.0,7.0,5.0,347.0,467.0,2025-11-15,Klojen
"Dieng Tidar, Malang",Dijual Rumah Mewah Siap Huni Plus Ada Kolam Renang Di Istana Dieng Malang  Lt 403 M² Lb +- 1000 M² 4 + 1 Kt 4 + 1 Km Shm 3 Lantai + Rooftop Hadap...,13500000000.0,4.0,4.0,403.0,1000.0,2025-11-15,Sukun
"Sawojajar, Malang","Dijual Rumah Minimalis Terawat & Siap Huni di Sawojajar, Malang   LT 105 m Dimensi 7m x 15m LB 105 m KT 2+1  KM 1 Carport 2 mobil  Hadap Timur  Ser...",675000000.0,2.0,1.0,105.0,105.0,2025-11-15,Blimbing
"Lowokwaru, Malang","Selling point : ✅ Dekat Jl. Raya Suhat ✅ Dekat Pusat Perbelanjaan ✅ Dekat Kampus UB, Polinema",2800000000.0,3.0,3.0,120.0,200.0,2025-11-15,Lowokwaru
"Blimbing, Malang","Rumah For Sell Malang *RUMAH 1,5 LANTAI AREA BLIMBING MALANG*
 Lokasi          : *JALAN MUSI*
 Luas Tnh     : 210m (20 x 10.5)
 Luas Bgn    : 171m
...",1650000000.0,4.0,2.0,210.0,171.0,2025-11-15,Blimbing
"Blimbing, Malang","Rumah For Sell Malang *RUMAH 1 LANTAI AREA BLIMBING MALANG*
 Lokasi          : *JALAN MELAWI*
 Luas Tnh     : 105m (6.8m/6.5m x 14.58m/14.5m)
 Luas...",750000000.0,2.0,1.0,105.0,75.0,2025-11-15,Blimbing
"Lowokwaru, Malang","Rumah Dijual Malang Rumah Asri
 Desain Modern
 Siap Huni
 Lingkungan Sejuk,Asri & Nyaman
 Row Jalan Lebar [3 Mobil]
 Ada Ruang Terbuka Area Belakan...",1590000000.0,3.0,2.0,162.0,70.0,2025-11-15,Lowokwaru
"Sawojajar, Malang",-dekat dengan jalan raya -dekat dengan superindo sawojajar -akses mobil simpangan,2000000000.0,4.0,4.0,184.0,220.0,2025-11-15,Blimbing
"Merjosari, Malang","Rumah Jual 3 Unit dalam 1 Lokasi  Suasana Asri Pegununan Dekat Thursing Islamic Boarding School, Univ Gajayana, UIN, Unisma, Perum VBT, Cafe   Spes...",3250000000.0,10.0,8.0,251.0,350.0,2025-11-15,Lowokwaru
"Lowokwaru, Malang","Rumah 4 Kamar di Simpang Sakura, Lowokwaru siap huni",2600000000.0,4.0,2.0,198.0,150.0,2025-11-15,Lowokwaru
"Kedungkandang, Malang",Rumah 3 Kamar Di Puncak Buring Indah Full Furnished,2500000000.0,3.0,4.0,150.0,240.0,2025-11-15,Kedungkandang
"Dieng, Malang","Dekat UNMER, lingkungan aman dan nyaman",600000000.0,2.0,1.0,99.0,45.0,2025-11-15,Sukun
"Klojen, Malang","Dekat fasilitas umum, ada basement",5800000000.0,17.0,7.0,466.0,600.0,2025-11-15,Klojen
"Kedungkandang, Malang","Dekat tol, dekat jalan besar sawojajar, dekar fasilitas umum",512000000.0,3.0,2.0,39.0,90.0,2025-11-15,Kedungkandang
"Klojen, Malang","Lingkungan aman dan nyaman, bangunan terawat",2200000000.0,2.0,2.0,235.0,160.0,2025-11-15,Klojen
"Araya, Malang",RUMAH jual dijual  Jasmine Valley  Dijual cepat rumah 2 lantai cantik & bagus modern harga sangat terjangkau  MALANG ARAYA,785000000.0,2.0,2.0,60.0,54.0,2025-11-15,Blimbing
"Dieng Tidar, Malang","Dijual Rumah Desain Minimalis Modern Kondisi Sangat Terawat & Siap Huni di Greenland - Tidar, Malang  LT 174 (12 x 14,5) LB 160 KT 4+1 KM 3 + 1 (2 ...",2500000000.0,4.0,3.0,174.0,160.0,2025-11-15,Sukun
"Klojen, Malang","Rumah 2 lantai di Klojen, Malang.  For sale rumah di wilayah yang asri dengan pemandangan Lokasi di Pusat Kota. Properti 2 lantai ini berada di lin...",3800000000.0,5.0,5.0,352.0,300.0,2025-11-15,Klojen
"Kedungkandang, Malang","LT : 96 m2  (6 x 16) LB : 128 m2   (2 lantai) KT : 4 (Bawah 1, atas 3) KM : 3 2200 watt Hadap Utara SHM   Rp.1.350.000.000 Nego  More Info : FONNY ...",1350000000.0,4.0,3.0,96.0,128.0,2025-11-15,Kedungkandang
"Klojen, Malang","Rumah Modern Lokasi Tengah Kota Selangkah ke Ijen Boulevard, Klojen Kota Malang  lokasi strategis di pusat kota Malang (area Jalan Gunung-Gunung) d...",8000000000.0,6.0,5.0,427.0,350.0,2025-11-15,Klojen
"Tlogomas, Malang",RUMAH jual dijual Jalan telaga warna   Dijual cepat rumah cantik & bagus siap huni modern harga terjangkau MALANG TLOGOMAS,1500000000.0,3.0,2.0,140.0,160.0,2025-11-15,Lowokwaru
"Dieng Tidar, Malang","Dijual Rumah Mewah Siap Huni di Bukit Dieng, Malang  Security 24 jam Perumahan elite, aman dan tenang Akses mudah Row jalan 2 mobil simpangan lanca...",4500000000.0,3.0,2.0,450.0,350.0,2025-11-15,Sukun
"Sukun, Malang","Harga termasuk SSB & PPN, AJB, Balik Nama SHM & IMB",787000000.0,2.0,1.0,94.0,54.0,2025-11-15,Sukun
"Sawojajar, Malang",RUMAH jual dijual Jalan Danau Towuti   Dijual cepat rumah 2 lantai cantik & bagus harga terjangkau MALANG SAWOJAJAR,660000000.0,3.0,2.0,96.0,96.0,2025-11-15,Blimbing
"Dieng, Malang","Rumah Dijual Malang Lembah Dieng Malang
 Row lebar, siap huni mewah
 Lt 330 Lb 350
 Dim. 16,5x20
 2lantai
 Kt 4 km 4
 Shm
 Listrik 4400 watt
 Hadap...",4500000000.0,4.0,4.0,330.0,350.0,2025-11-15,Sukun
"Lowokwaru, Malang",RUMAH jual dijual The rich Sasando   Dijual cepat rumah bagus dan cantik baru siap huni modern minimalis MALANG LOWOKWARU,950000000.0,2.0,2.0,72.0,67.0,2025-11-15,Lowokwaru
"Blimbing, Malang",*Hanya 5 menit dari pintu tol Malang Surabaya!!!*  Dijual Rumah Baru Model Minimalis di Graha Kencana Malang  SPESIFIKASI LT 170m² LB 240 m2 KT 4 ...,2790000000.0,4.0,4.0,170.0,240.0,2025-11-15,Blimbing
"Sumbersari, Malang","Rumah Dijual Malang Rumah Dijual
 Hanya 2 Menit dari UMM
 7 Menit dari UB
 Nego Sampai Deal
 Include
 Garasi 1 Mobil
 Cartport 7 Mobil
 Cocok untuk...",19000000000.0,6.0,5.0,774.0,700.0,2025-11-15,Lowokwaru
"Dieng, Malang","Rumah Dijual Malang Lembah Dieng Malang
 Row lebar, siap huni mewah
 Lt 330 Lb 350
 Dim. 16,5x20
 2lantai
 Kt 4 km 4
 Shm
 Listrik 4400 watt
 Hadap...",4500000000.0,4.0,4.0,330.0,350.0,2025-11-15,Sukun
"Dieng, Malang","Rumah bergaya minimalist modern di Dieng.  Miliki rumah 1 lantai yang asri ini,  dijual dengan pemandangan perkotaan yang menambah nilai estetika d...",725000000.0,2.0,1.0,72.0,40.0,2025-11-15,Sukun
"Klojen, Malang","Rumah Dijual Malang *RUMAH KH.ZAINUL ARIFIN MALANG
 *LOKASI DAERAH PECINAN, TENGAH KOTA
 Luas Tnh     : 650m
 Luas Bgn    : 400m (1 lantai)
 Surat ...",12000000000.0,7.0,3.0,650.0,400.0,2025-11-15,Klojen
"Sukun, Malang",Lokasi strategis  Cocok untuk tempat tinggal,975000000.0,4.0,2.0,140.0,71.0,2025-11-15,Sukun
"Lowokwaru, Malang","DIJUAL Rumah Bangunan Belum Selesai, Kondisi 60% Lokasi Sangat Strategis Tengah Kota Malang Dekat Kampus UB, Polinema, ASIA, Pusat Kuliner Soekarno...",3500000000.0,4.0,6.0,149.0,120.0,2025-11-15,Lowokwaru
"Dieng, Malang",Lokasi strategis  Lingkungan aman dan nyaman  Cocok untuk tempat tinggal,3300000000.0,3.0,2.0,200.0,150.0,2025-11-15,Sukun
"Blimbing, Malang",RUMAH jual dijual Jalan cakalang  Dijual cepat rumah di cakalang Blimbing MALANG BLIMBING,1700000000.0,2.0,2.0,238.0,238.0,2025-11-15,Blimbing
"Blimbing, Malang","DIJUAL Rumah Sampeyan, lokasi strategis tengah kota malang, dekat dengan berbagai sekolah, akses mudah row jalan lebar, dengan dengan RS Lavalette,...",1150000000.0,3.0,2.0,134.0,90.0,2025-11-15,Blimbing
"Araya, Malang",Lokasi strategis Cocok untuk tempat tinggal Kawasan ramai Banyak tempat kuliner Dekat dengan Binus University dan RS Persada  Perumahan Elite Malan...,6500000000.0,3.0,2.0,336.0,300.0,2025-11-15,Blimbing
"Klojen, Malang",RUMAH jual dijual Jalan Tembesi  Dijual cepat rumah Kondisi apa adanya harga sangat terjangkau  MALANG KLOJEN,850000000.0,4.0,3.0,114.0,114.0,2025-11-15,Klojen
"Blimbing, Malang","DJUAL Rumah di dalam Kompleks Perumahan Elit Araya Fasilitas Perumahan : Club House, Rumah Sakit, Plaza Araya, Lapangan Golf, Coffe Shop, Kampus Bi...",5500000000.0,3.0,2.0,453.0,212.0,2025-11-15,Blimbing
"Blimbing, Malang","Rumah Dijual Malang RUMAH 2 LANTAI DI JL INDRAGIRI MALANG
 
 Luas Tnh     : 535m 
 Luas Bgn    : 500m (2 lantai)
 Surat           : SHM
 Hadap     ...",8000000000.0,8.0,2.0,535.0,500.0,2025-11-15,Blimbing
"Klojen, Malang","★DIJUAL RUMAH PREMIUM MEWAH 8 KT DI IJEN NIRWANA RESIDENCE, MALANG★  √ LANTAI FULL GRANIT  √ PINTU FULL KAYU JATI  √ SEMI FURNISHED  ▪�...",5500000000.0,8.0,7.0,338.0,500.0,2025-11-15,Klojen
"Dieng, Malang","Rumah Dijual Malang Rumah Luas Di Dieng Malang
 Rumah Tengah Kota Malang
 Cocok untuk Rumah Usaha
 Lokasi  Strategis :
 ~ Dekat Kampus Merdeka Mala...",8990000000.0,5.0,3.0,715.0,448.0,2025-11-15,Sukun
"Klojen, Malang","Dekat pasar besar, RS Panti NIrmala, RS Panti Waluya",800000000.0,3.0,1.0,148.0,100.0,2025-11-15,Klojen
"Lowokwaru, Malang",Bekas rumah makan juga Genset 6000 watt Ada sumur bor dan tandon air Halaman parkir luas Cctv ada 8,4500000000.0,6.0,4.0,388.0,400.0,2025-11-15,Lowokwaru
"Lowokwaru, Malang","Rumah DIJUAL  Green Orchid, Kondisi Bagus, Fully Furnished Dekat Dengan Permata Jingga, Universitas Brawijaya, Kampus ASIA, Polinema, Pasar Blimbin...",2400000000.0,3.0,2.0,128.0,90.0,2025-11-15,Lowokwaru
"Lowokwaru, Malang","Rumah DIJUAL desain klasik di area bunga-bunga Lowokwaru. Kondisi terawat, akses jalan lebar, dekat dengan SMAN 7, kampus UB, Politeknik, RS UB, Ta...",1950000000.0,3.0,2.0,194.0,230.0,2025-10-16,Lowokwaru
"Araya, Malang","Rumah Dijual Malang rumah lokasi di araya one gatr sistem, lokasi bagus dan rumah grade A. lokasi dengan dg berbagai fasilitas
 - binus universitas...",3800000000.0,4.0,3.0,200.0,227.0,2025-10-16,Blimbing
"Lowokwaru, Malang","Rumah Dijual Malang rumah ini dilokasi elit permata jingga , lokasi premium kota malang di area soekarno hatta daerah heritage 2 malang. dekat deng...",2400000000.0,3.0,3.0,84.0,145.0,2025-10-16,Lowokwaru
"Dieng, Malang","Rumah Dijual di Dieng lt 155 lb 120 1,5 lt 3+1 kt , 2 km SHM hadap tenggara penawaran 1,8M + furnish/LR *Mohon maaf tidak bekerja sama dengan agen/...",1800000000.0,4.0,2.0,155.0,120.0,2025-10-16,Sukun
"Blimbing, Malang",Lokasi Strategis dekat : - Kawasan perumahan - Kawasan Soekarno Hatta - Terminal Arjosari - Rumah Sakit Persada - Plaza Araya - Taman Rekreasi Hawa...,1900000000.0,4.0,2.0,170.0,150.0,2025-10-16,Blimbing
"Sukun, Malang","(RKS915) Angsuran 3 Jutaan Udah Dapet Rumah 2 Lantai Yang Halaman Belakangnya Bisa Dikembangin Lagi   Lokasinya Oke Banget, Selangkah Dari Cyber Ma...",710000000.0,2.0,1.0,72.0,47.0,2025-10-16,Sukun
"Blimbing, Malang",Kualitas Bangunan Terbaik Yang Dirancang Untuk Memenuhi Kebutuhan Anda Akan Hunian Nyaman Dan Mewah Berlokasi Di Lingkungan Private Cluster Yang Am...,1500000000.0,4.0,4.0,88.0,136.0,2025-10-16,Blimbing
"Lowokwaru, Malang","Rumah Jual Area Soehat Berada di Tengah Kota Kawasan Aman & Nyaman Kondisi Terawat Dekat SD Negeri Lowokwaru, Kuliner SOehat, Kampus UB, Polinema, ...",2500000000.0,2.0,3.0,222.0,110.0,2025-10-16,Lowokwaru
"Lowokwaru, Malang","Rumah Dijual Malang perumahan ini sangat dekat dengan jalan soekarno hatta yg terkenal. Banyak fasilitas
 
 - dekat universitas brawijaya
 - dekat ...",800000000.0,2.0,1.0,108.0,70.0,2025-10-16,Lowokwaru
"Lowokwaru, Malang","Rumah Dijual Malang lokasi rumah di daerah elit soekarno hatta, dekat dengan
 - unibraw
 - KFC
 - mall matos
 - bank bank
 - resto resto
 - pasar b...",5000000000.0,5.0,3.0,338.0,400.0,2025-10-16,Lowokwaru
"Sawojajar, Malang",Rumah Dijual Malang,1350000000.0,3.0,2.0,116.0,110.0,2025-10-16,Blimbing
"Blimbing, Malang",Rumah bangunan baru di cluster one gate jl ikan2 Blimbing akses jln lebar Lt.125. KT 2. KM 1.  Hadap timur harga 825 jt nego Lingkungan tenang deka...,825000000.0,2.0,1.0,125.0,60.0,2025-10-16,Blimbing
"Araya, Malang","Rumah Dijual Malang rumah baru one gate sistem, dekat dengan beberapa fasiltas terbaik di araya kota malang. dekat dengan
 
 - binus universitas
 -...",3800000000.0,5.0,5.0,200.0,400.0,2025-10-16,Blimbing
"Sawojajar, Malang","Lt.123 lb.150 ... KT.3. KM2 Mushola, garasi, jemuran, lengkap Garasi sepeda motor terpisah dgn mbl. Harga 950 jt nego/Lna *Mohon maaf tidak bekerja...",950000000.0,3.0,2.0,123.0,150.0,2025-10-16,Blimbing
"Araya, Malang","Rumah DIJUAL Siap Huni Di Jasmine Valley Araya, Dekat Binus, Akses One Gate, Security 24 Jam, Dekat Ke Bandara Dan Tol  Spesifikasi : Legalitas : H...",900000000.0,2.0,2.0,55.0,60.0,2025-10-16,Blimbing
"Araya, Malang","Rumah Dijual Malang lokasi araya , merupakan perumahan mewah dekat dengan :
 - binus universitas
 - persada hospital
 - superindo
 - plaza araya
 -...",7600000000.0,5.0,3.0,375.0,500.0,2025-10-16,Blimbing
"Lowokwaru, Malang","DIJUAL Rumah Bangunan Belum Selesai, Kondisi 60% Lokasi Sangat Strategis Tengah Kota Malang Dekat Kampus UB, Polinema, ASIA, Pusat Kuliner Soekarno...",3500000000.0,4.0,6.0,149.0,120.0,2025-10-16,Lowokwaru
"Klojen, Malang","Rumah Dijual Malang lokasi rumah di daerah gunung gunung dekat ijen . lokasi rumah sangat bagus, daerah elit, keamanan dan tenang, asri, sejuk.
 - ...",8000000000.0,4.0,3.0,427.0,350.0,2025-10-16,Klojen
"Klojen, Malang","Rumah Dijual Malang rumah dekat oro oro dowo kota malang dekat dengan pusat ijen boulevard
 - daerah ijen
 - dekat pasar oro oro dowo
 - dekat MOG
...",20000000000.0,6.0,2.0,600.0,400.0,2025-10-16,Klojen
"Klojen, Malang","Rumah DIJUAL di Mentawai Klojen. Lokasi tenang dan nyaman. Dekat Pangkalan Angkatan Laut Malang, Pasar Besar, RS Panti Waluyo Sawahan  Spesifikasi ...",1750000000.0,3.0,2.0,177.0,250.0,2025-10-16,Klojen
"Sawojajar, Malang","Lokasi dekat dengan sekolah alam avisiena 
 Dekat dengan exit tol Malang
 Kampus UM2 , pusat perbelanjaan, Klinik maupun perbankan",800000000.0,2.0,1.0,72.0,72.0,2025-10-16,Blimbing
"Blimbing, Malang","DIJUAL Rumah Sangat Terawat di Perumahan Elit Araya Layout Sangat Baik, Lokasi Tenang Dekat  Plaza Araya, RS Persada. Bangunan  2 Lantai Full Furni...",1900000000.0,5.0,3.0,170.0,120.0,2025-10-16,Blimbing
"Araya, Malang",DIJUAL RUMAH CLASSIC MEWAH DAN MEGAH 3 Lantai FASILITAS LENGKAP di kawasan ELIT Boulevard Araya Malang Transaksi bulan ini BONUS perabot & full fur...,9000000000.0,9.0,6.0,375.0,620.0,2025-10-16,Blimbing
"Klojen, Malang","Rumah Dijual Malang rumah di jalan buah buah kota malang tempat favorit yang banyak dicari selain luas dan kota banget. Dekat dengan
 - mall MOG
 -...",2800000000.0,6.0,3.0,343.0,250.0,2025-10-16,Klojen
"Sawojajar, Malang",DIJUAL CEPAT RUMAH DI SAWOJAJAR 1 KOTA MALANG    Spesifikasi :  - Lt 98m² - SHM/ IMB - Lb 150m² - 2 lantai - 5 Kamar Tidur - 4 Kamar Mandi  - Gar...,825000000.0,5.0,4.0,98.0,150.0,2025-10-16,Blimbing
"Sawojajar, Malang","FOR SALE Rumah daerah Sawojajar lokasi strategis, dekat kuliner, sekolah, dan pertokoan. Cocok untuk hunian keluarga.  Selling points: Kamar banyak...",2750000000.0,5.0,3.0,250.0,300.0,2025-10-16,Blimbing
"Sukun, Malang",DI JUAL RUMAH BARU SIAP HUNI  BERSYSTEM SMART HOME FULL FURNISH + INTERIOR BERADA DI KAWASAN PERUM MULYOREJO SUKUN KOTA MALANG   Harga : 855 Jt   -...,855000000.0,2.0,2.0,75.0,60.0,2025-10-16,Sukun
"Lowokwaru, Malang","Rumah DIJUAL di Borobudur berada di tengah kota Malang. Akses mudah ke Lowokwaru maupun Blimbing. Dekat Pasar Blimbing, Masjid Sabilillah, jalan ke...",3500000000.0,10.0,4.0,310.0,540.0,2025-10-16,Lowokwaru
"Klojen, Malang","Rumah kondisi bagus, bersih dan terawat dekat Rumah Sakit Lavalette, akses bisa dari Jl. Letjend Sutoyo atau Jl. Tumenggung Suryo/Bengawan Solo. Ka...",1100000000.0,3.0,2.0,120.0,80.0,2025-10-16,Klojen
"Lowokwaru, Malang","Rumah Minimalis DIJUAL Kondisi Baru Dalam Perum Grand Arumba Lowokwaru. Lokasi strategis dekat kuliner soekarno hatta, kampus polinema, univ brawij...",875000000.0,3.0,2.0,60.0,60.0,2025-10-16,Lowokwaru
"Blimbing, Malang","Rumah Jual Cepat Lokasi Tengah Kota Harga Dibawah Harga Pasaran Dijual BUTUH cepat rumah besar dimensi 11x19m ,Lb 160 , 5 kt , 1km sangat bagus utk...",1500000000.0,5.0,1.0,209.0,160.0,2025-10-16,Blimbing
"Klojen, Malang","Rumah Dijual Malang rumah dengan lokasi terbaik dikota malang dekat ijen boulevard. dekat dengan fasilitas :
 - mall MOG
 - pasar oro oro dowo
 - g...",20000000000.0,4.0,4.0,735.0,420.0,2025-10-16,Klojen
"Sawojajar, Malang",FOR SALE rumah daerah Sawojajar dekat dengan kuliner dan lokasi strategis. Berada di daerah perumahan dan tengah kota.   Selling point: Lokasi deka...,1600000000.0,3.0,2.0,180.0,140.0,2025-10-16,Blimbing
"Lowokwaru, Malang",Dijual Rumah Siap Huni Dekat dari Raya Suhat di Jalan Papa Cengger Ayam Lowokwaru Kota Malang*  Spesifikasi  Legalitas : sertifikat hak milik (SHM)...,1850000000.0,4.0,3.0,168.0,150.0,2025-10-16,Lowokwaru
"Dieng, Malang","Hunian Modern 2 Lantai di Tengah Kota Malang  Rumah ini tidak hanya ideal sebagai tempat tinggal, tetapi juga merupakan investasi properti yang ber...",680000000.0,2.0,2.0,72.0,47.0,2025-10-16,Sukun
"Araya, Malang","Rumah di Araya.  Temukan rumah 1 lantai yang nyaman ini,  dijual dengan pemandangan indah yang menambah nilai estetika di lingkungan hunian. Rumah ...",1800000000.0,2.0,1.0,199.0,100.0,2025-10-16,Blimbing
"Dieng, Malang","DIJUAL Rumah dalam Perumahan Aman, Nyaman, Tenang, Dekat Kampus Unmer, MCP, Cyber Mall, Kuliner Kawi Kota Malang   Spesifikasi : Sertifikat : SHM L...",700000000.0,2.0,1.0,82.0,50.0,2025-10-16,Sukun
"Sukun, Malang","Rumah 1 lantai di Sukun, Malang.  Dijual rumah di wilayah yang nyaman dengan pemandangan Lokasi di Pusat Kota. Properti 1 lantai ini berada di ling...",575000000.0,2.0,1.0,73.0,40.0,2025-10-16,Sukun
"Klojen, Malang",Listing Langka Dijual Ruang Usaha Hook Ex Apotek dan Ruang Praktek Dokter Bersama di area Pasar Besar Malang  - Bangunan klasik asli kolonial Belan...,15000000000.0,7.0,2.0,732.0,550.0,2025-10-16,Klojen
"Dieng Tidar, Malang",Dijual Rumah Minimalis Modern 3 Kamar Jalan Boulevard Greenland Tidar Malang   LT : 170 m2 LB : 90 m2 Kamar Tidur : 3 Kamar mandi : 2 Carport 1 mob...,1850000000.0,3.0,2.0,170.0,90.0,2025-10-16,Sukun
"Araya, Malang","*DIJUAL RUMAH DI ARAYA GOLF CLASSIC MODERN SIAP HUNI*  LT : 240 M²  LB : 400 M² 2,5 LANTAI KAMAR TIDUR 5 + 2 KAMAR MANDI 4 + 1 ROOFTOP  SHM  HADA...",2900000000.0,5.0,4.0,240.0,400.0,2025-10-16,Blimbing
"Lowokwaru, Malang",*Dijual Rumah Siap Huni 1 Lantai SHM Dekat Suhat di Kalpataru Lowokwaru Malang Kota*  • Legalitas : Sertifikat Hak Milik (SHM) • IMB : Ready �...,1800000000.0,3.0,2.0,144.0,120.0,2025-10-16,Lowokwaru
"Dieng, Malang","DIJUAL Rumah dalam Perumahan Aman, Nyaman, Tenang, Dekat Kampus Unmer, MCP, Cyber Mall, Kuliner Kawi Kota Malang   Spesifikasi : Sertifikat : SHM L...",700000000.0,2.0,1.0,70.0,50.0,2025-10-16,Sukun
"Sawojajar, Malang",DIJUAL MURAH RUMAH MINIMALIS MODERN LINGKUNGAN HUNIAN ASRI ROW JALAN BESAR DEKAT EXIT TOLL  - 5 MENIT EXIT TOLL SAWOJAJAR - 7 MENIT KAMPUS UM 2 - 1...,185000000.0,2.0,1.0,60.0,30.0,2025-10-16,Blimbing
"Sukun, Malang",✨ Hunian Eksklusif dengan Sentuhan Premium di Kota Malang ✨  Rasakan pengalaman tinggal di rumah 2 lantai modern minimalis dengan lokasi super ...,680000000.0,2.0,2.0,72.0,47.0,2025-10-16,Sukun
"Blimbing, Malang","Rumah 1 Lantai, Semifurnished Lokasi Di PBI Araya  Bangunan terawat dan siap huni  Lokasi dekat ke - rs persada - kampus binus - exit tol pakis mal...",1780000000.0,4.0,2.0,179.0,100.0,2025-10-16,Blimbing
"Dieng, Malang","Rumah 1 lantai di Dieng, Malang.  For sale rumah di wilayah yang nyaman. Properti 1 lantai ini berada di lingkungan strategis.  Spesifikasinya adal...",1100000000.0,2.0,1.0,108.0,90.0,2025-10-16,Sukun
"Lowokwaru, Malang","Rumah Jual Area Soehat Berada di Tengah Kota Kawasan Aman & Nyaman Kondisi Terawat Dekat SD Negeri Lowokwaru, Kuliner SOehat, Kampus UB, Polinema, ...",2500000000.0,2.0,3.0,222.0,110.0,2025-10-16,Lowokwaru
"Lowokwaru, Malang","Rumah Jual Area Soehat Berada di Tengah Kota Kawasan Aman & Nyaman Kondisi Terawat Dekat SD Negeri Lowokwaru, Kuliner SOehat, Kampus UB, Polinema, ...",2500000000.0,2.0,3.0,222.0,110.0,2025-10-16,Lowokwaru
"Blimbing, Malang","Dijual Rumah di Perumahan Sulfat Arah Bunul – Malang  Rumah siap huni di lingkungan tenang dan strategis, cocok untuk keluarga.  Spesifikasi:  Se...",1500000000.0,3.0,2.0,198.0,150.0,2025-10-16,Blimbing
"Lowokwaru, Malang","Rumah Jual Area Soehat Berada di Tengah Kota Kawasan Aman & Nyaman Kondisi Terawat Dekat SD Negeri Lowokwaru, Kuliner SOehat, Kampus UB, Polinema, ...",2500000000.0,2.0,3.0,222.0,110.0,2025-10-16,Lowokwaru
"Gadang, Malang","Cari rumah impian? Rumah ini jawabannya! Hunian minimalis dengan desain modern dan lingkungan eksklusif. Siap huni, siap Bahagia! bernuansa modern ...",564000000.0,2.0,1.0,66.0,29.0,2025-10-16,Sukun
"Dieng, Malang","✨ Hunian Eksklusif 2 Lantai Modern Minimalis di Dieng Malang Kota ✨  Bayangkan tinggal di rumah modern yang menggabungkan desain elegan, lokasi...",745000000.0,2.0,2.0,72.0,47.0,2025-10-16,Sukun
"Klojen, Malang","Rumah Jual Lokasi Elit dan Prestisius di Pusat Kota. Strategis Dekat kampus UB, UM, Polinema, Alun-Alun  rumah sakit, pusat kuliner, dan area bisni...",18500000000.0,5.0,3.0,700.0,500.0,2025-10-16,Klojen
"Blimbing, Malang",RUMAH BARU 2 LT (READY STOK 2 UNIT) LOKASI STRATEGIS DI SULFAT KOTA MALANG Jual Rumah SULFAT BLIMBING KOTA MALANG - Malang LT 116 LB 145 KT 4 KM 3 ...,1700000000.0,4.0,3.0,116.0,145.0,2025-10-16,Blimbing
"Araya, Malang","Rumah Jual Kondisi Bagus Blok Depan Perumahan Elit Araya Dekat Mall Araya dan Rumah Sakit Persada, Terminal Arjosari Cocok untuk Keluarga Mudah  Sp...",1400000000.0,3.0,1.0,119.0,45.0,2025-10-16,Blimbing
"Klojen, Malang","Rumah 1 lantai di Klojen, Malang.  Dijual rumah di wilayah yang tenang. Properti 1 lantai ini berada di lingkungan strategis.  Kategorinya adalah s...",13500000000.0,4.0,3.0,810.0,500.0,2025-10-16,Klojen
"Dieng, Malang",RUMAH BAGUS MODERN SIAP HUNI DI DIENG PUSAT KOTA MALANG Jual Rumah JL DIENG - Malang LT 82 LB 40 KT 2 KM 1 Dimensi 6 x 13.6 Listrik 2200 Rp 700.000...,700000000.0,2.0,1.0,82.0,40.0,2025-10-16,Sukun
"Lowokwaru, Malang","Rumah Jual Area Soehat Berada di Tengah Kota Kawasan Aman & Nyaman Kondisi Terawat Dekat SD Negeri Lowokwaru, Kuliner SOehat, Kampus UB, Polinema, ...",2500000000.0,2.0,3.0,222.0,110.0,2025-10-16,Lowokwaru
"Lowokwaru, Malang","Selangkah ke Soekarno Hatta, Lowokwaru Kota Malang  Selling Point : lokasi strategis hanya 2 menit ke poros jalan Raya Suhat  5 menit ke kampus UB,...",2500000000.0,3.0,2.0,246.0,200.0,2025-10-16,Lowokwaru
"Lowokwaru, Malang","Selangkah ke Soekarno Hatta, Lowokwaru Kota Malang  Selling Point : lokasi strategis hanya 2 menit ke poros jalan Raya Suhat  5 menit ke kampus UB,...",2500000000.0,3.0,2.0,246.0,200.0,2025-10-16,Lowokwaru
"Dieng Tidar, Malang","HARGA MURAH Dijual Rumah Cantik di puncak Dieng Malang siap pakai ,1 lantai.Dekat univ kedokteran Hewan UB.  Ltnh  204 m² Lbgn 150 m² Ktdr     3 ...",1650000000.0,3.0,2.0,204.0,150.0,2025-10-16,Sukun
"Sukun, Malang","✨️Hunian Kelas Premium di Kota Malang ✨️  Rumah 2 lantai modern minimalis dengan desain elegan, lokasi strategis, dan fasilitas lengkap unt...",680000000.0,2.0,2.0,72.0,47.0,2025-10-16,Sukun
"Blimbing, Malang","Dijual Rumah tengah kota diBlimbing Purwantoro Malang  Spesifikasi :  LT:  883 m2 LB:  350 m2 Dimensi : - Halaman depan 19 x 7,5 m - Halaman belaka...",6000000000.0,5.0,3.0,883.0,350.0,2025-10-16,Blimbing
"Lowokwaru, Malang","Dijual Rumah 2 Lantai Dekat UB, Polinema & Raya Suhat di Bunga-bunga Lowokwaru Malang Kota*  Spesifikasi  • Legalitas : sertifikat hak milik (SHM...",1800000000.0,3.0,3.0,117.0,140.0,2025-10-16,Lowokwaru
"Lowokwaru, Malang","DIJUAL! RUMAH TERAWAT 2,5 LANTAI - FULLY FURNISHED Lokasi : Tectona Residence, Lowokwaru - Kota Malang  Selling Point : - Lingkungan yang Nyaman, T...",1000000000.0,3.0,2.0,75.0,121.0,2025-10-16,Lowokwaru
"Dieng Tidar, Malang",✨ Hunian Eksklusif dengan Sentuhan Premium di Kota Malang ✨  Rasakan pengalaman tinggal di rumah 2 lantai modern minimalis dengan lokasi super ...,680000000.0,2.0,2.0,72.0,47.0,2025-10-16,Sukun
"Lowokwaru, Malang",Selling point: - selangkah dari pusat perbelanjaan  - selangkah dari jl. Raya Sukarno Hatta  - 5 menit dari kampus UB  - 5 menit dari kampus Poline...,2900000000.0,3.0,3.0,120.0,120.0,2025-10-16,Lowokwaru
"Klojen, Malang","Rumah Jual Bergaya Klasik Kolonial Kawasan Favorit Malang Kondisi Sangat Terawat Cocok untuk Rumah Tinggal Sekaligus Usaha, Investasi    Sertifikat...",20000000000.0,4.0,3.0,1093.0,400.0,2025-10-16,Klojen
"Sukun, Malang","Rumah Jual Dekat Kampus UNIKAMA, Pasar Sukun, Bimasakti, 10 Menit ke Alun-Alun, Pasar Besar, 15 Menit ke Univ Brawijaya  Spesifikasi : Sertifikat :...",850000000.0,3.0,1.0,102.0,90.0,2025-10-16,Sukun
"Lowokwaru, Malang","Rumah Jual Arae Tengah Kota Malang Dekat Kampus UB, Polinema, Kampus ASIA, Pusat Kuliner Suhat Area Padat Penduduk   Spesifikasi :  Sertifikat : SH...",5500000000.0,7.0,4.0,434.0,350.0,2025-10-16,Lowokwaru
"Lowokwaru, Malang",Spesifikasi: LT: 276m2 LB: 136m2 SHM Km Tidur 2+1 pembantu Km mandi 1+1 pembantu Dapur 1 PDAM  Listrik 2200 watt Garasi 1 mobil + carport 1  Harga ...,2500000000.0,2.0,1.0,276.0,136.0,2025-10-16,Lowokwaru
"Lowokwaru, Malang","Rumah Jual Lokasi Strategis One Gate System Tengah Kota 15 Menit ke Kampus UB, ITN, Tol Singosari, Ke Kota Wisata Batu. Full Furnished  Spesifikasi...",1300000000.0,2.0,2.0,84.0,60.0,2025-10-16,Lowokwaru
"Sukun, Malang","✨ Hunian Eksklusif 2 Lantai Modern Minimalis di Dieng Malang Kota ✨  Bayangkan tinggal di rumah modern yang menggabungkan desain elegan, lokasi...",680000000.0,2.0,2.0,72.0,47.0,2025-10-16,Sukun
"Klojen, Malang",Lokasi strategis Lingkungan aman dan nyaman  Kawasan ramai Cocok untuk tempat tinggal Dekat dengan pusat kota,20000000000.0,7.0,5.0,1041.0,900.0,2025-10-16,Klojen
"Dieng Tidar, Malang",Hunian eksklusif kini hadir di tengah Kota Malang dengan desain modern minimalis yang elegan. Rumah 2 lantai ini menawarkan kenyamanan tinggal seka...,680000000.0,2.0,2.0,72.0,47.0,2025-10-16,Sukun
"Sawojajar, Malang",Hunian Modern Minimalis di Kawasan Strategis Pakis – Malang  Tipe 38/60 m2 | 2 kamar tidur | 1 kamar mandi | Dapur + service area | Taman + carpo...,303000000.0,2.0,1.0,60.0,36.0,2025-10-16,Blimbing
"Blimbing, Malang","Rumah Murah Pakis Malang  Banyak orang mencari rumah strategis di Malang, tapi hanya sedikit yang sebaik ini.  Hunian modern minimalis di kawasan P...",304000000.0,2.0,1.0,60.0,38.0,2025-10-16,Blimbing
"Kedungkandang, Malang",RUMAH BARU MEWAH 2 LT DI BULAN TERANG BURING KOTA MALANG Jual Rumah BULAN TERANG UTAMA - Malang LT 116 LB 200 KT 4 KM 2 Listrik 2200 Rp 1.600.000.0...,1600000000.0,4.0,2.0,116.0,200.0,2025-10-16,Kedungkandang
"Lowokwaru, Malang","Kesempatan terbatas buat Anda dapatkan rumah strategis dengan return investasi tinggi di Lowokwaru, Malang.  Rumah ini menawarkan lokasi yang strat...",900000000.0,4.0,2.0,180.0,250.0,2025-10-16,Lowokwaru
"Klojen, Malang","Rumah di Klojen.  Dapatkan rumah 2 lantai yang nyaman ini,  dijual dengan pemandangan indah yang menambah nilai estetika di lingkungan hunian. Ruma...",17500000000.0,4.0,4.0,700.0,1250.0,2025-10-16,Klojen
"Blimbing, Malang","Kesempatan terbatas buat Anda dapatkan rumah strategis dengan return investasi tinggi di Blimbing, Malang.  Rumah ini menawarkan lokasi yang strate...",2500000000.0,2.0,2.0,160.0,150.0,2025-10-16,Blimbing
"Araya, Malang","Dijual rumah kondisi terawat siap huni di perum Araya, fasilitas lengkap dekat Plaza Araya, Persada Hospital, BINUS dan Exit Tol Singosari.  Spesif...",1370000000.0,3.0,2.0,120.0,110.0,2025-10-16,Blimbing
"Araya, Malang","Dijual rumah siap huni di kawasan elit Perumahan Araya Malang. Selangkah Ke Plaza Araya, Persada Hospital, BINUS, dan SuperIndo.   Alamat : PBI  Lu...",1500000000.0,2.0,1.0,106.0,60.0,2025-10-16,Blimbing
"Merjosari, Malang","Rumah di Merjosari.  Temukan rumah 2 lantai yang nyaman ini,  dijual dengan pemandangan asri yang menambah nilai estetika di lingkungan hunian. Rum...",380000000.0,5.0,1.0,59.0,118.0,2025-10-16,Lowokwaru
"Blimbing, Malang",RUMAH MURAH BAGUS MODERN 2 LT SIAP HUNI DI KEMIRAHAN BLIMBING KOTA MALANG  Jual Rumah JL IKAN MAS - Malang LT 142 LB 120 KT 2 KM 2 Listrik 1300 Rp ...,850000000.0,2.0,2.0,142.0,120.0,2025-10-16,Blimbing
"Lowokwaru, Malang","Rumah Jual Lokasi Strategis One Gate System Tengah Kota 15 Menit ke Kampus UB, ITN, Tol Singosari, Ke Kota Wisata Batu. Full Furnished  Spesifikasi...",1300000000.0,2.0,2.0,84.0,60.0,2025-10-16,Lowokwaru
"Klojen, Malang","Rumah bergaya pavilion di Klojen.  Miliki rumah 1 lantai yang nyaman ini,  berada di area Lokasi dipusat kota, Strategis, Jalan Ramai, Suasana Asri...",18000000000.0,4.0,3.0,550.0,300.0,2025-10-16,Klojen
"Klojen, Malang","Kesempatan terbatas buat Anda dapatkan rumah nyaman dengan return investasi tinggi di Klojen, Malang.  Rumah ini menawarkan kelengkapan fasilitas s...",38000000000.0,8.0,2.0,880.0,330.0,2025-10-16,Klojen
"Blimbing, Malang",Rumah bangunan baru di cluster one gate way sistem jl ikan2 Blimbing akses jln lebar Lt.125. KT 2. KM 1.  Hadap timur harga 825 jt nego sampai deal...,825000000.0,2.0,1.0,125.0,45.0,2025-10-16,Blimbing
"Araya, Malang","Rumah For Sell Malang perumahan one gate sistem di araya..lokasi dekat dengan berbagai fasilitas
 - Binus universitas
 - SMA international saint jo...",7800000000.0,7.0,8.0,375.0,418.0,2025-10-16,Blimbing
"Blimbing, Malang","Rumah For Sell Malang Rumah mewah 2,5 lantai di Riverside
 2 ruang keluarga
 dapur basah & dapur kering
 ruang makan
 balkon depan
 ruang genset ba...",13000000000.0,4.0,4.0,525.0,1300.0,2025-10-16,Blimbing
"Klojen, Malang","Rumah Nyaman 2 lantai,Bangunan bagus,terawat,bersih,luas,Kamar banyak,SIAP HUNI.lokasi di Jalan Pulau-Pulau,Klojen Malang.Dekat Sekolah SMAN 5,SMKN...",3600000000.0,7.0,5.0,347.0,467.0,2025-10-16,Klojen
"Dieng, Malang","Rumah For Sell Malang rumah dekat dengan sekolah,dekst dengan kampus, resto resto, bank, dekat dg pusat makanan elpico, lingkungan baik, tenang,ama...",3000000000.0,5.0,4.0,285.0,320.0,2025-10-16,Sukun
"Lowokwaru, Malang","Rumah For Sell Malang rumah dijual didekat soekarno hatta kota malang.
 lokasi tenang,aman dekat dengan 
 - boulevard soekarno hatta
 - universitas...",950000000.0,2.0,1.0,94.0,88.0,2025-10-16,Lowokwaru
"Araya, Malang","Rumah For Sell Malang Jual rumah 2 lantai, furnished di perumahan elite Araya, Graha Golf Araya. Kualitas rumah, bangunan dan furniture bagus, mode...",3900000000.0,3.0,4.0,360.0,350.0,2025-10-16,Blimbing
"Blimbing, Malang","Rumah For Sell Malang Rumah 2 lantai, masih baru, full  furnished, style modern minimalis, perumahan eksklusif Graha Kencana Malang.
 
 Fasilitas:
...",2700000000.0,4.0,4.0,170.0,240.0,2025-10-16,Blimbing
"Araya, Malang","Rumah For Sell Malang rumah dicluster premium ixora valley araya dekat dengan beberapa fasilitas :
 - binus universitas
 - SMA international
 - hos...",4000000000.0,4.0,3.0,200.0,227.0,2025-10-16,Blimbing
"Blimbing, Malang","Dijual Rmh Sulfat  1½ Lantai  Lt.224 Lb.128 KT.5. KM.2 SHM PDAM Garasi 1 mobil Carport teras 2 mobil Include almari, sofa & tempat tidur 1.4M nego...",1400000000.0,5.0,2.0,224.0,128.0,2025-10-16,Blimbing
"Cemorokandang, Malang","Rumah di Cemorokandang.  Miliki rumah 1 lantai yang modern ini,  dijual dengan pemandangan asri yang menambah nilai estetika di lingkungan hunian. ...",335000000.0,2.0,1.0,72.0,36.0,2025-10-16,Klojen
"Blimbing, Malang","Dijual rumah luas dengan bentuk Nggenthong, lokasi di nol jalan raya. cocok untuk hunian keluarga , juga untuk usaha apa saja karena posisi pinggir...",3000000000.0,4.0,1.0,272.0,200.0,2025-10-16,Blimbing
"Kedungkandang, Malang","Spesifikasi:  15 menit dari pintu tol Malang Kota  develop by Ciputra Group  ⁠fasilitas perumahan : eco club (infinity pool, kiddy pool, fitness ...",3300000000.0,4.0,3.0,180.0,201.0,2025-10-16,Kedungkandang
"Kedungkandang, Malang",Spesifikasi:  5 menit ke Block Office (Pelayanan Terpadu)   15 menit ke exit tol Malang   ⁠berada di jalan kembar cluster  ⁠konsep hunian tropi...,1650000000.0,3.0,2.0,96.0,50.0,2025-10-16,Kedungkandang
"Sawojajar, Malang",Lokasi rumah di Sawojajar 2,700000000.0,4.0,2.0,72.0,120.0,2025-10-16,Blimbing
"Blimbing, Malang","Rumah 2 lantai di Blimbing, Malang.  Dijual rumah di wilayah yang tenang. Properti 2 lantai ini berada di lingkungan strategis.  Rinciannya adalah ...",1250000000.0,3.0,2.0,88.0,130.0,2025-10-16,Blimbing
"Blimbing, Malang","Rumah tenang di lingkungan yang aman dan sejuk  dalam cluster one gate system, 5 menit ke Arjosari, 10 menit ke Tol Pakis.  Siap huni, semi furnish...",1500000000.0,3.0,2.0,88.0,110.0,2025-10-16,Blimbing
